target_name,width,seed,epoch,train_loss,test_loss
sin_low,10,0,0,0.49011313915252686,0.48701003193855286
sin_low,10,0,50,0.4422140419483185,0.4578973352909088
sin_low,10,0,100,0.4110984206199646,0.4362836480140686
sin_low,10,0,150,0.3879542946815491,0.4182131290435791
sin_low,10,0,200,0.3789970576763153,0.41002145409584045
sin_low,10,0,250,0.3772118389606476,0.4072101414203644
sin_low,10,0,300,0.3766312599182129,0.40609392523765564
sin_low,10,0,350,0.37606143951416016,0.4050033688545227
sin_low,10,0,400,0.37547266483306885,0.4036175310611725
sin_low,10,0,450,0.374846875667572,0.4021657109260559
sin_low,10,0,500,0.3741876184940338,0.40079134702682495
sin_low,10,0,550,0.37356120347976685,0.3990762531757355
sin_low,10,0,600,0.37297096848487854,0.39765697717666626
sin_low,10,0,650,0.37241843342781067,0.3961697220802307
sin_low,10,0,700,0.37189823389053345,0.3949175477027893
sin_low,10,0,750,0.3713873326778412,0.3939346969127655
sin_low,10,0,800,0.3708721101284027,0.3930232524871826
sin_low,10,0,850,0.37036481499671936,0.3919103443622589
sin_low,10,0,900,0.3698643743991852,0.3908557593822479
sin_low,10,0,950,0.3693578541278839,0.389922559261322
sin_low,10,0,1000,0.36883682012557983,0.3891544044017792
sin_low,10,0,1050,0.368291437625885,0.38843852281570435
sin_low,10,0,1100,0.3677181303501129,0.3877915143966675
sin_low,10,0,1150,0.36711385846138,0.3872075378894806
sin_low,10,0,1200,0.3664734661579132,0.38663578033447266
sin_low,10,0,1250,0.36579135060310364,0.3861437141895294
sin_low,10,0,1300,0.3650710880756378,0.38535645604133606
sin_low,10,0,1350,0.3643287718296051,0.3843490779399872
sin_low,10,0,1400,0.36356574296951294,0.3834330141544342
sin_low,10,0,1450,0.36277878284454346,0.38263124227523804
sin_low,10,0,1500,0.3619709014892578,0.38170039653778076
sin_low,10,0,1550,0.3611411154270172,0.38092145323753357
sin_low,10,0,1600,0.3602886497974396,0.3800930082798004
sin_low,10,0,1650,0.35941630601882935,0.3793385326862335
sin_low,10,0,1700,0.3585212528705597,0.37850838899612427
sin_low,10,0,1750,0.35762548446655273,0.37760603427886963
sin_low,10,0,1800,0.35673215985298157,0.37667208909988403
sin_low,10,0,1850,0.35582733154296875,0.3760111927986145
sin_low,10,0,1900,0.35490646958351135,0.3753204047679901
sin_low,10,0,1950,0.35396865010261536,0.3746805191040039
sin_low,10,0,2000,0.35301610827445984,0.3740032911300659
sin_low,10,0,2050,0.3520500361919403,0.37331733107566833
sin_low,10,0,2100,0.3510805368423462,0.3722817301750183
sin_low,10,0,2150,0.35012468695640564,0.37131911516189575
sin_low,10,0,2200,0.3491899073123932,0.3703457713127136
sin_low,10,0,2250,0.34827375411987305,0.3693990707397461
sin_low,10,0,2300,0.347375750541687,0.3684762120246887
sin_low,10,0,2350,0.3464897871017456,0.367666631937027
sin_low,10,0,2400,0.34561416506767273,0.36693665385246277
sin_low,10,0,2450,0.344716876745224,0.3663713037967682
sin_low,10,0,2500,0.3437066674232483,0.36571255326271057
sin_low,10,0,2550,0.34189268946647644,0.36462482810020447
sin_low,10,0,2600,0.33759886026382446,0.36089974641799927
sin_low,10,0,2650,0.31862473487854004,0.34158411622047424
sin_low,10,0,2700,0.2871551811695099,0.30920442938804626
sin_low,10,0,2750,0.2600073516368866,0.2827555537223816
sin_low,10,0,2800,0.23635661602020264,0.25852102041244507
sin_low,10,0,2850,0.2150590717792511,0.23685406148433685
sin_low,10,0,2900,0.19589832425117493,0.21686449646949768
sin_low,10,0,2950,0.17829085886478424,0.19741511344909668
sin_low,10,0,3000,0.16222885251045227,0.18053926527500153
sin_low,10,0,3050,0.14791372418403625,0.1649722009897232
sin_low,10,0,3100,0.1350356936454773,0.1507292538881302
sin_low,10,0,3150,0.12348643690347672,0.13802705705165863
sin_low,10,0,3200,0.11310997605323792,0.12666748464107513
sin_low,10,0,3250,0.1038636565208435,0.11675658077001572
sin_low,10,0,3300,0.0956052914261818,0.10795552283525467
sin_low,10,0,3350,0.08826873451471329,0.10027492791414261
sin_low,10,0,3400,0.08175306022167206,0.09342753887176514
sin_low,10,0,3450,0.07591802626848221,0.08735497295856476
sin_low,10,0,3500,0.07067544758319855,0.0818256139755249
sin_low,10,0,3550,0.0659184604883194,0.07671362906694412
sin_low,10,0,3600,0.061492450535297394,0.07165677100419998
sin_low,10,0,3650,0.05723395571112633,0.06677357107400894
sin_low,10,0,3700,0.05317232012748718,0.06222206726670265
sin_low,10,0,3750,0.049334567040205,0.057836681604385376
sin_low,10,0,3800,0.045718688517808914,0.053679294884204865
sin_low,10,0,3850,0.04232070967555046,0.04973088949918747
sin_low,10,0,3900,0.03911023214459419,0.04593953117728233
sin_low,10,0,3950,0.03601949289441109,0.04224872961640358
sin_low,10,0,4000,0.03316828981041908,0.03890174999833107
sin_low,10,0,4050,0.0305181797593832,0.03575640171766281
sin_low,10,0,4100,0.0280630961060524,0.03281542286276817
sin_low,10,0,4150,0.025795333087444305,0.030107848346233368
sin_low,10,0,4200,0.02370862476527691,0.027590226382017136
sin_low,10,0,4250,0.021799111738801003,0.02527538500726223
sin_low,10,0,4300,0.020041584968566895,0.023188168182969093
sin_low,10,0,4350,0.01842929609119892,0.021262193098664284
sin_low,10,0,4400,0.0169600211083889,0.019499588757753372
sin_low,10,0,4450,0.015628039836883545,0.017906010150909424
sin_low,10,0,4500,0.014425992965698242,0.01647355407476425
sin_low,10,0,4550,0.013344988226890564,0.015195471234619617
sin_low,10,0,4600,0.0123744560405612,0.014054232276976109
sin_low,10,0,4650,0.011506384238600731,0.013035660609602928
sin_low,10,0,4700,0.010733337141573429,0.012131918221712112
sin_low,10,0,4750,0.01004804577678442,0.011333994567394257
sin_low,10,0,4800,0.009443472139537334,0.010635508224368095
sin_low,10,0,4850,0.008912820369005203,0.010024617426097393
sin_low,10,0,4900,0.00844943430274725,0.009495728649199009
sin_low,10,0,4950,0.008046905510127544,0.00904171448200941
sin_low,10,0,5000,0.007699094247072935,0.008652917109429836
sin_low,10,1,0,0.47720709443092346,0.5281907916069031
sin_low,10,1,50,0.43003612756729126,0.4631153643131256
sin_low,10,1,100,0.41217684745788574,0.4309203624725342
sin_low,10,1,150,0.40181705355644226,0.4153080880641937
sin_low,10,1,200,0.39378222823143005,0.40711650252342224
sin_low,10,1,250,0.3849017322063446,0.39803895354270935
sin_low,10,1,300,0.37503790855407715,0.38790979981422424
sin_low,10,1,350,0.36420074105262756,0.3768760561943054
sin_low,10,1,400,0.35186144709587097,0.3644358813762665
sin_low,10,1,450,0.3373012840747833,0.34986409544944763
sin_low,10,1,500,0.3219325542449951,0.33397242426872253
sin_low,10,1,550,0.3058817982673645,0.31773385405540466
sin_low,10,1,600,0.2894350290298462,0.3009660243988037
sin_low,10,1,650,0.2729235887527466,0.28380921483039856
sin_low,10,1,700,0.2564244866371155,0.26707592606544495
sin_low,10,1,750,0.2401115596294403,0.25134626030921936
sin_low,10,1,800,0.2236359417438507,0.23483505845069885
sin_low,10,1,850,0.20901833474636078,0.22017687559127808
sin_low,10,1,900,0.19557598233222961,0.2063668668270111
sin_low,10,1,950,0.18317778408527374,0.19381846487522125
sin_low,10,1,1000,0.1720447838306427,0.18242982029914856
sin_low,10,1,1050,0.16220389306545258,0.17239512503147125
sin_low,10,1,1100,0.15332694351673126,0.16387958824634552
sin_low,10,1,1150,0.14547015726566315,0.15564663708209991
sin_low,10,1,1200,0.13834817707538605,0.1481781005859375
sin_low,10,1,1250,0.13173086941242218,0.14150187373161316
sin_low,10,1,1300,0.12560983002185822,0.13540925085544586
sin_low,10,1,1350,0.1199728399515152,0.12979121506214142
sin_low,10,1,1400,0.11474913358688354,0.12469079345464706
sin_low,10,1,1450,0.10987088829278946,0.11995653063058853
sin_low,10,1,1500,0.10526546090841293,0.11552489548921585
sin_low,10,1,1550,0.10085685551166534,0.11117252707481384
sin_low,10,1,1600,0.09660597890615463,0.10692537575960159
sin_low,10,1,1650,0.09248608350753784,0.10285180062055588
sin_low,10,1,1700,0.08850464969873428,0.09891142696142197
sin_low,10,1,1750,0.08462100476026535,0.09505631029605865
sin_low,10,1,1800,0.080819271504879,0.09130814671516418
sin_low,10,1,1850,0.07709057629108429,0.08765776455402374
sin_low,10,1,1900,0.07342752069234848,0.08407165855169296
sin_low,10,1,1950,0.06982976943254471,0.08050799369812012
sin_low,10,1,2000,0.06631051748991013,0.07706230133771896
sin_low,10,1,2050,0.06286134570837021,0.07357893884181976
sin_low,10,1,2100,0.05948220193386078,0.07015024870634079
sin_low,10,1,2150,0.05618784949183464,0.06676299124956131
sin_low,10,1,2200,0.05297544226050377,0.06339124590158463
sin_low,10,1,2250,0.049857672303915024,0.060119789093732834
sin_low,10,1,2300,0.04686400666832924,0.05710715055465698
sin_low,10,1,2350,0.04401332885026932,0.05425591021776199
sin_low,10,1,2400,0.04131051525473595,0.051356881856918335
sin_low,10,1,2450,0.038737233728170395,0.04849344864487648
sin_low,10,1,2500,0.03628271445631981,0.045658960938453674
sin_low,10,1,2550,0.03396202623844147,0.04295642673969269
sin_low,10,1,2600,0.03176989033818245,0.040368057787418365
sin_low,10,1,2650,0.029700538143515587,0.0379120409488678
sin_low,10,1,2700,0.027765216305851936,0.03565123304724693
sin_low,10,1,2750,0.02591501735150814,0.03350295498967171
sin_low,10,1,2800,0.024192919954657555,0.03149845451116562
sin_low,10,1,2850,0.0226206686347723,0.029751263558864594
sin_low,10,1,2900,0.02118038199841976,0.02798558585345745
sin_low,10,1,2950,0.019862253218889236,0.026398079469799995
sin_low,10,1,3000,0.018642809242010117,0.024878399446606636
sin_low,10,1,3050,0.017515135928988457,0.02353275753557682
sin_low,10,1,3100,0.01648067496716976,0.02223483845591545
sin_low,10,1,3150,0.015523659996688366,0.020982177928090096
sin_low,10,1,3200,0.014630247838795185,0.019813600927591324
sin_low,10,1,3250,0.013806335628032684,0.01872481219470501
sin_low,10,1,3300,0.0130453584715724,0.017731865867972374
sin_low,10,1,3350,0.012341571040451527,0.016812283545732498
sin_low,10,1,3400,0.011691558174788952,0.01596863567829132
sin_low,10,1,3450,0.011091339401900768,0.015245598740875721
sin_low,10,1,3500,0.010541452094912529,0.014544285833835602
sin_low,10,1,3550,0.010042841546237469,0.013900280930101871
sin_low,10,1,3600,0.009605975821614265,0.013348383828997612
sin_low,10,1,3650,0.009218651801347733,0.012863129377365112
sin_low,10,1,3700,0.008867367170751095,0.012417612597346306
sin_low,10,1,3750,0.008550996892154217,0.011997132562100887
sin_low,10,1,3800,0.00826409924775362,0.01164577528834343
sin_low,10,1,3850,0.008005419746041298,0.011345193721354008
sin_low,10,1,3900,0.007780126295983791,0.011056415736675262
sin_low,10,1,3950,0.007578296586871147,0.010805384255945683
sin_low,10,1,4000,0.007397462148219347,0.010565157979726791
sin_low,10,1,4050,0.007233200129121542,0.010332956910133362
sin_low,10,1,4100,0.007083768490701914,0.010158770717680454
sin_low,10,1,4150,0.00694857444614172,0.009977015666663647
sin_low,10,1,4200,0.006826575379818678,0.00981984008103609
sin_low,10,1,4250,0.006717462558299303,0.009652391076087952
sin_low,10,1,4300,0.006615371443331242,0.009517998434603214
sin_low,10,1,4350,0.0065201520919799805,0.009387385100126266
sin_low,10,1,4400,0.006431005895137787,0.00925268605351448
sin_low,10,1,4450,0.0063474178314208984,0.009149978868663311
sin_low,10,1,4500,0.006090689916163683,0.009112810716032982
sin_low,10,1,4550,0.005965688265860081,0.008963188156485558
sin_low,10,1,4600,0.005852676462382078,0.008819117210805416
sin_low,10,1,4650,0.005747846327722073,0.00869554653763771
sin_low,10,1,4700,0.005652029532939196,0.00857827439904213
sin_low,10,1,4750,0.005562139675021172,0.008469757623970509
sin_low,10,1,4800,0.005479017272591591,0.008345150388777256
sin_low,10,1,4850,0.005402229260653257,0.00827773381024599
sin_low,10,1,4900,0.005330726969987154,0.00819682702422142
sin_low,10,1,4950,0.005265424959361553,0.008099077269434929
sin_low,10,1,5000,0.0052039227448403835,0.008013739250600338
sin_low,10,2,0,0.5839548110961914,0.6078776717185974
sin_low,10,2,50,0.4664134085178375,0.5159313082695007
sin_low,10,2,100,0.4295411705970764,0.4835524260997772
sin_low,10,2,150,0.41466158628463745,0.4608097970485687
sin_low,10,2,200,0.4040900468826294,0.44032296538352966
sin_low,10,2,250,0.39640700817108154,0.4263181984424591
sin_low,10,2,300,0.3910762667655945,0.4172053933143616
sin_low,10,2,350,0.3865978419780731,0.4108341336250305
sin_low,10,2,400,0.38239786028862,0.40581730008125305
sin_low,10,2,450,0.3783702254295349,0.4020634591579437
sin_low,10,2,500,0.3746698796749115,0.39884912967681885
sin_low,10,2,550,0.3714110851287842,0.3963019549846649
sin_low,10,2,600,0.3687049150466919,0.39404335618019104
sin_low,10,2,650,0.3665882647037506,0.3927541673183441
sin_low,10,2,700,0.3649192750453949,0.39203065633773804
sin_low,10,2,750,0.3636133372783661,0.3916354775428772
sin_low,10,2,800,0.3626192510128021,0.3915449380874634
sin_low,10,2,850,0.3619094789028168,0.39146217703819275
sin_low,10,2,900,0.36141395568847656,0.39163902401924133
sin_low,10,2,950,0.361072301864624,0.3918752372264862
sin_low,10,2,1000,0.3608461022377014,0.39218732714653015
sin_low,10,2,1050,0.3607018291950226,0.3924947679042816
sin_low,10,2,1100,0.36061304807662964,0.3927776515483856
sin_low,10,2,1150,0.36057040095329285,0.3929256796836853
sin_low,10,2,1200,0.36054912209510803,0.3931165933609009
sin_low,10,2,1250,0.3605387806892395,0.3932543992996216
sin_low,10,2,1300,0.3605344295501709,0.393339604139328
sin_low,10,2,1350,0.36053159832954407,0.39341410994529724
sin_low,10,2,1400,0.36053019762039185,0.3934634029865265
sin_low,10,2,1450,0.36052948236465454,0.393493115901947
sin_low,10,2,1500,0.3605293333530426,0.39351820945739746
sin_low,10,2,1550,0.3605292737483978,0.39352819323539734
sin_low,10,2,1600,0.3605291247367859,0.3935186564922333
sin_low,10,2,1650,0.3605288565158844,0.39352479577064514
sin_low,10,2,1700,0.36052846908569336,0.39354589581489563
sin_low,10,2,1750,0.3605276346206665,0.3935343027114868
sin_low,10,2,1800,0.36052775382995605,0.39352887868881226
sin_low,10,2,1850,0.3605269491672516,0.39354175329208374
sin_low,10,2,1900,0.36052724719047546,0.3935299813747406
sin_low,10,2,1950,0.3605271875858307,0.39352521300315857
sin_low,10,2,2000,0.36052611470222473,0.3935387432575226
sin_low,10,2,2050,0.36052587628364563,0.393537312746048
sin_low,10,2,2100,0.3605252802371979,0.3935312032699585
sin_low,10,2,2150,0.36052489280700684,0.3935319185256958
sin_low,10,2,2200,0.3605244755744934,0.39353498816490173
sin_low,10,2,2250,0.3605242073535919,0.39353880286216736
sin_low,10,2,2300,0.36052459478378296,0.39355045557022095
sin_low,10,2,2350,0.36052435636520386,0.3935292065143585
sin_low,10,2,2400,0.3605230152606964,0.3935388922691345
sin_low,10,2,2450,0.3605228662490845,0.3935392498970032
sin_low,10,2,2500,0.36052194237709045,0.3935244381427765
sin_low,10,2,2550,0.360522598028183,0.3935423791408539
sin_low,10,2,2600,0.36052143573760986,0.3935399353504181
sin_low,10,2,2650,0.36052149534225464,0.39351290464401245
sin_low,10,2,2700,0.36052078008651733,0.3935348391532898
sin_low,10,2,2750,0.3605198860168457,0.39353445172309875
sin_low,10,2,2800,0.3605198860168457,0.3935179114341736
sin_low,10,2,2850,0.3605197072029114,0.3935008943080902
sin_low,10,2,2900,0.36051857471466064,0.3935375511646271
sin_low,10,2,2950,0.3605184853076935,0.39349958300590515
sin_low,10,2,3000,0.36051681637763977,0.3935193121433258
sin_low,10,2,3050,0.36051613092422485,0.393517404794693
sin_low,10,2,3100,0.3605160713195801,0.39352506399154663
sin_low,10,2,3150,0.36051520705223083,0.39352938532829285
sin_low,10,2,3200,0.360513836145401,0.39351820945739746
sin_low,10,2,3250,0.360514372587204,0.39353224635124207
sin_low,10,2,3300,0.3605135977268219,0.39349597692489624
sin_low,10,2,3350,0.36051231622695923,0.3935072124004364
sin_low,10,2,3400,0.36051154136657715,0.3935113549232483
sin_low,10,2,3450,0.3605113625526428,0.3934992849826813
sin_low,10,2,3500,0.36051076650619507,0.3935132622718811
sin_low,10,2,3550,0.3605095148086548,0.39350906014442444
sin_low,10,2,3600,0.3605085611343384,0.39350393414497375
sin_low,10,2,3650,0.36050769686698914,0.393497496843338
sin_low,10,2,3700,0.3605068027973175,0.3935048580169678
sin_low,10,2,3750,0.360507071018219,0.3935161530971527
sin_low,10,2,3800,0.36050543189048767,0.3934897780418396
sin_low,10,2,3850,0.3605059087276459,0.3935142457485199
sin_low,10,2,3900,0.3605033755302429,0.3934963047504425
sin_low,10,2,3950,0.36050400137901306,0.3934938311576843
sin_low,10,2,4000,0.36050277948379517,0.3934735059738159
sin_low,10,2,4050,0.36050236225128174,0.3934999406337738
sin_low,10,2,4100,0.36049985885620117,0.3934876322746277
sin_low,10,2,4150,0.3604995012283325,0.3934747278690338
sin_low,10,2,4200,0.36049792170524597,0.39347538352012634
sin_low,10,2,4250,0.36049848794937134,0.39345404505729675
sin_low,10,2,4300,0.3604961335659027,0.39347732067108154
sin_low,10,2,4350,0.3604956865310669,0.3934731185436249
sin_low,10,2,4400,0.3604937195777893,0.3934745490550995
sin_low,10,2,4450,0.36049407720565796,0.3934847116470337
sin_low,10,2,4500,0.3604932427406311,0.3934594988822937
sin_low,10,2,4550,0.360492080450058,0.3934536576271057
sin_low,10,2,4600,0.36049002408981323,0.3934551775455475
sin_low,10,2,4650,0.3604886531829834,0.3934592604637146
sin_low,10,2,4700,0.3604898452758789,0.3934822976589203
sin_low,10,2,4750,0.36048731207847595,0.3934476673603058
sin_low,10,2,4800,0.36048659682273865,0.39345476031303406
sin_low,10,2,4850,0.3604854643344879,0.3934634327888489
sin_low,10,2,4900,0.36048468947410583,0.3934667110443115
sin_low,10,2,4950,0.36048200726509094,0.3934538662433624
sin_low,10,2,5000,0.36048147082328796,0.3934550881385803
sin_low,10,3,0,1.051249384880066,0.9195363521575928
sin_low,10,3,50,0.70389324426651,0.6393833160400391
sin_low,10,3,100,0.5427470803260803,0.5193449854850769
sin_low,10,3,150,0.4711592495441437,0.4727078378200531
sin_low,10,3,200,0.4364662766456604,0.4526865780353546
sin_low,10,3,250,0.4171547293663025,0.44199442863464355
sin_low,10,3,300,0.4051460027694702,0.4352240264415741
sin_low,10,3,350,0.396721750497818,0.43006861209869385
sin_low,10,3,400,0.38996320962905884,0.42530953884124756
sin_low,10,3,450,0.38406553864479065,0.42066457867622375
sin_low,10,3,500,0.3790551722049713,0.4164206385612488
sin_low,10,3,550,0.37518972158432007,0.4129800498485565
sin_low,10,3,600,0.37233400344848633,0.41038423776626587
sin_low,10,3,650,0.3697255253791809,0.4079686105251312
sin_low,10,3,700,0.3674304783344269,0.40593329071998596
sin_low,10,3,750,0.3661697208881378,0.4048861265182495
sin_low,10,3,800,0.365121454000473,0.4038960039615631
sin_low,10,3,850,0.3642977178096771,0.4031260013580322
sin_low,10,3,900,0.3634956181049347,0.40221571922302246
sin_low,10,3,950,0.36268019676208496,0.40124011039733887
sin_low,10,3,1000,0.3618430197238922,0.40026167035102844
sin_low,10,3,1050,0.36098116636276245,0.39931491017341614
sin_low,10,3,1100,0.3601047098636627,0.39842140674591064
sin_low,10,3,1150,0.35920682549476624,0.3976040780544281
sin_low,10,3,1200,0.35837462544441223,0.3969237804412842
sin_low,10,3,1250,0.3576190769672394,0.39628005027770996
sin_low,10,3,1300,0.3568599224090576,0.3955915570259094
sin_low,10,3,1350,0.35613852739334106,0.39489465951919556
sin_low,10,3,1400,0.35544121265411377,0.39422914385795593
sin_low,10,3,1450,0.35478442907333374,0.393579363822937
sin_low,10,3,1500,0.3541620671749115,0.3929300308227539
sin_low,10,3,1550,0.3535565435886383,0.3922790288925171
sin_low,10,3,1600,0.3529644012451172,0.3916268050670624
sin_low,10,3,1650,0.3523865342140198,0.39094069600105286
sin_low,10,3,1700,0.3518124222755432,0.390258252620697
sin_low,10,3,1750,0.35122671723365784,0.389570027589798
sin_low,10,3,1800,0.35057875514030457,0.388830304145813
sin_low,10,3,1850,0.349821537733078,0.38794276118278503
sin_low,10,3,1900,0.34886664152145386,0.38679853081703186
sin_low,10,3,1950,0.3475886881351471,0.3852650821208954
sin_low,10,3,2000,0.34593015909194946,0.38325929641723633
sin_low,10,3,2050,0.3438403010368347,0.3807482421398163
sin_low,10,3,2100,0.34136298298835754,0.37785932421684265
sin_low,10,3,2150,0.33872556686401367,0.37475207448005676
sin_low,10,3,2200,0.335965096950531,0.3715622127056122
sin_low,10,3,2250,0.33298981189727783,0.3682219088077545
sin_low,10,3,2300,0.32979923486709595,0.3646199107170105
sin_low,10,3,2350,0.3263343870639801,0.36069297790527344
sin_low,10,3,2400,0.3225841522216797,0.3562886416912079
sin_low,10,3,2450,0.31847938895225525,0.351489394903183
sin_low,10,3,2500,0.3139907717704773,0.34629151225090027
sin_low,10,3,2550,0.30918407440185547,0.3407672941684723
sin_low,10,3,2600,0.30404990911483765,0.33502107858657837
sin_low,10,3,2650,0.29857152700424194,0.3289026618003845
sin_low,10,3,2700,0.29275646805763245,0.3223631978034973
sin_low,10,3,2750,0.2865862250328064,0.3153994381427765
sin_low,10,3,2800,0.28005075454711914,0.3080047070980072
sin_low,10,3,2850,0.27315422892570496,0.3001992404460907
sin_low,10,3,2900,0.2659133970737457,0.29201653599739075
sin_low,10,3,2950,0.2583540380001068,0.28348636627197266
sin_low,10,3,3000,0.25050270557403564,0.2746925354003906
sin_low,10,3,3050,0.24239595234394073,0.2656914293766022
sin_low,10,3,3100,0.23407694697380066,0.2565425634384155
sin_low,10,3,3150,0.22559501230716705,0.24730415642261505
sin_low,10,3,3200,0.2170039266347885,0.23803119361400604
sin_low,10,3,3250,0.2083589881658554,0.22878384590148926
sin_low,10,3,3300,0.19971643388271332,0.21962317824363708
sin_low,10,3,3350,0.19113130867481232,0.21060682833194733
sin_low,10,3,3400,0.18266561627388,0.2017243504524231
sin_low,10,3,3450,0.1743686944246292,0.1930854320526123
sin_low,10,3,3500,0.16628220677375793,0.1847623884677887
sin_low,10,3,3550,0.1584593951702118,0.17668582499027252
sin_low,10,3,3600,0.1509876549243927,0.16886508464813232
sin_low,10,3,3650,0.14387676119804382,0.16141581535339355
sin_low,10,3,3700,0.1371341198682785,0.15439927577972412
sin_low,10,3,3750,0.13075590133666992,0.14783716201782227
sin_low,10,3,3800,0.12471608817577362,0.14175690710544586
sin_low,10,3,3850,0.11900241672992706,0.13612501323223114
sin_low,10,3,3900,0.11361858248710632,0.13089697062969208
sin_low,10,3,3950,0.10856589674949646,0.12599782645702362
sin_low,10,3,4000,0.10384276509284973,0.12145300954580307
sin_low,10,3,4050,0.09944136440753937,0.1172603890299797
sin_low,10,3,4100,0.09535042196512222,0.11340715736150742
sin_low,10,3,4150,0.09156075865030289,0.10986599326133728
sin_low,10,3,4200,0.0880550742149353,0.1066090315580368
sin_low,10,3,4250,0.08481863886117935,0.10365477204322815
sin_low,10,3,4300,0.0818246454000473,0.10094109922647476
sin_low,10,3,4350,0.07905014604330063,0.09842745214700699
sin_low,10,3,4400,0.07647817581892014,0.09610024094581604
sin_low,10,3,4450,0.07409483939409256,0.09395582973957062
sin_low,10,3,4500,0.07188944518566132,0.09198594093322754
sin_low,10,3,4550,0.06985202431678772,0.09018345922231674
sin_low,10,3,4600,0.06797335296869278,0.0885298028588295
sin_low,10,3,4650,0.06623775511980057,0.08701273053884506
sin_low,10,3,4700,0.06463096290826797,0.08561915904283524
sin_low,10,3,4750,0.06313952058553696,0.08431597054004669
sin_low,10,3,4800,0.06177088990807533,0.08316652476787567
sin_low,10,3,4850,0.060511860996484756,0.08210679143667221
sin_low,10,3,4900,0.05935318022966385,0.08110718429088593
sin_low,10,3,4950,0.05829169973731041,0.08018877357244492
sin_low,10,3,5000,0.05732566863298416,0.07934851199388504
sin_low,10,4,0,0.7000887989997864,0.7572693228721619
sin_low,10,4,50,0.5596810579299927,0.6157477498054504
sin_low,10,4,100,0.4858083724975586,0.5484052896499634
sin_low,10,4,150,0.4283636808395386,0.5000096559524536
sin_low,10,4,200,0.37211957573890686,0.4559108018875122
sin_low,10,4,250,0.3293894827365875,0.4228712320327759
sin_low,10,4,300,0.30326351523399353,0.4032721221446991
sin_low,10,4,350,0.2879617512226105,0.39322802424430847
sin_low,10,4,400,0.2796400487422943,0.38835376501083374
sin_low,10,4,450,0.2738432288169861,0.3849276304244995
sin_low,10,4,500,0.268600732088089,0.3823162913322449
sin_low,10,4,550,0.2635011374950409,0.3800030052661896
sin_low,10,4,600,0.2584735155105591,0.3777919411659241
sin_low,10,4,650,0.25340020656585693,0.37519198656082153
sin_low,10,4,700,0.24799060821533203,0.37235742807388306
sin_low,10,4,750,0.24279364943504333,0.3694576621055603
sin_low,10,4,800,0.23750752210617065,0.36519235372543335
sin_low,10,4,850,0.2319902777671814,0.35809171199798584
sin_low,10,4,900,0.22615033388137817,0.35058853030204773
sin_low,10,4,950,0.22002370655536652,0.34294310212135315
sin_low,10,4,1000,0.213627889752388,0.3345208466053009
sin_low,10,4,1050,0.20700328052043915,0.325422078371048
sin_low,10,4,1100,0.2002045065164566,0.31592246890068054
sin_low,10,4,1150,0.19329772889614105,0.3058640658855438
sin_low,10,4,1200,0.18635356426239014,0.2955836355686188
sin_low,10,4,1250,0.17942912876605988,0.28506776690483093
sin_low,10,4,1300,0.1725737750530243,0.27433741092681885
sin_low,10,4,1350,0.1658552885055542,0.2645585238933563
sin_low,10,4,1400,0.1593223214149475,0.25520363450050354
sin_low,10,4,1450,0.15302051603794098,0.24613462388515472
sin_low,10,4,1500,0.14698882400989532,0.2374437302350998
sin_low,10,4,1550,0.141260027885437,0.22912852466106415
sin_low,10,4,1600,0.13585799932479858,0.22117836773395538
sin_low,10,4,1650,0.13078908622264862,0.21346044540405273
sin_low,10,4,1700,0.12600983679294586,0.20505569875240326
sin_low,10,4,1750,0.12146884948015213,0.1961718201637268
sin_low,10,4,1800,0.11715251952409744,0.18700429797172546
sin_low,10,4,1850,0.11306604743003845,0.17816096544265747
sin_low,10,4,1900,0.10925788432359695,0.1705869883298874
sin_low,10,4,1950,0.10591664910316467,0.16532374918460846
sin_low,10,4,2000,0.10295739769935608,0.1602405458688736
sin_low,10,4,2050,0.10033228993415833,0.1555575281381607
sin_low,10,4,2100,0.09799262881278992,0.15078029036521912
sin_low,10,4,2150,0.09588269889354706,0.14585773646831512
sin_low,10,4,2200,0.09395011514425278,0.1407497674226761
sin_low,10,4,2250,0.09141339361667633,0.1348070651292801
sin_low,10,4,2300,0.08885207772254944,0.12939627468585968
sin_low,10,4,2350,0.08737456798553467,0.12521837651729584
sin_low,10,4,2400,0.08609803020954132,0.12117894738912582
sin_low,10,4,2450,0.08495162427425385,0.11742259562015533
sin_low,10,4,2500,0.08391468226909637,0.11395376920700073
sin_low,10,4,2550,0.08297134935855865,0.11076235771179199
sin_low,10,4,2600,0.08211234956979752,0.10784237831830978
sin_low,10,4,2650,0.08132585138082504,0.10517165064811707
sin_low,10,4,2700,0.08059702813625336,0.102728471159935
sin_low,10,4,2750,0.07991579174995422,0.1004980057477951
sin_low,10,4,2800,0.07927490025758743,0.0984690859913826
sin_low,10,4,2850,0.0786772072315216,0.096621572971344
sin_low,10,4,2900,0.07813365012407303,0.0949370265007019
sin_low,10,4,2950,0.07762401551008224,0.09340929239988327
sin_low,10,4,3000,0.07712268829345703,0.09200628846883774
sin_low,10,4,3050,0.07661354541778564,0.09063661843538284
sin_low,10,4,3100,0.07610949128866196,0.08937584608793259
sin_low,10,4,3150,0.07559536397457123,0.08817776292562485
sin_low,10,4,3200,0.075091652572155,0.08705253154039383
sin_low,10,4,3250,0.07459338754415512,0.08601148426532745
sin_low,10,4,3300,0.07409607619047165,0.0850384384393692
sin_low,10,4,3350,0.0736079141497612,0.08412355184555054
sin_low,10,4,3400,0.0731264278292656,0.08324349671602249
sin_low,10,4,3450,0.07257486879825592,0.08334116637706757
sin_low,10,4,3500,0.071916863322258,0.08182694762945175
sin_low,10,4,3550,0.07128345221281052,0.08069758117198944
sin_low,10,4,3600,0.07061571627855301,0.07952286303043365
sin_low,10,4,3650,0.06991270184516907,0.07837095856666565
sin_low,10,4,3700,0.06921302527189255,0.07724874466657639
sin_low,10,4,3750,0.06853353977203369,0.07618720084428787
sin_low,10,4,3800,0.06786049902439117,0.07515761256217957
sin_low,10,4,3850,0.06719104945659637,0.0741763636469841
sin_low,10,4,3900,0.06652670353651047,0.07320030778646469
sin_low,10,4,3950,0.06587369740009308,0.07227858155965805
sin_low,10,4,4000,0.06522683799266815,0.07136745750904083
sin_low,10,4,4050,0.06458922475576401,0.07046815752983093
sin_low,10,4,4100,0.06396356225013733,0.06959125399589539
sin_low,10,4,4150,0.06334809213876724,0.06873584538698196
sin_low,10,4,4200,0.06274189800024033,0.06789391487836838
sin_low,10,4,4250,0.062144383788108826,0.06706968694925308
sin_low,10,4,4300,0.061552513390779495,0.0662543848156929
sin_low,10,4,4350,0.06095903739333153,0.06544862687587738
sin_low,10,4,4400,0.060377586632966995,0.06465556472539902
sin_low,10,4,4450,0.05980943888425827,0.06387557089328766
sin_low,10,4,4500,0.059255532920360565,0.06311126053333282
sin_low,10,4,4550,0.05858437344431877,0.062316618859767914
sin_low,10,4,4600,0.05786903575062752,0.06148363649845123
sin_low,10,4,4650,0.05648690089583397,0.06004491075873375
sin_low,10,4,4700,0.05493561178445816,0.05826399102807045
sin_low,10,4,4750,0.05334901809692383,0.056505825370550156
sin_low,10,4,4800,0.051760852336883545,0.054740648716688156
sin_low,10,4,4850,0.050128623843193054,0.052956871688365936
sin_low,10,4,4900,0.04827160760760307,0.05106491222977638
sin_low,10,4,4950,0.04621105641126633,0.04902387410402298
sin_low,10,4,5000,0.044275425374507904,0.04700639098882675
sin_low,50,0,0,0.5566021800041199,0.5928457379341125
sin_low,50,0,50,0.3989727795124054,0.4402170479297638
sin_low,50,0,100,0.3809897005558014,0.42483848333358765
sin_low,50,0,150,0.3608638644218445,0.40702709555625916
sin_low,50,0,200,0.34062689542770386,0.38975346088409424
sin_low,50,0,250,0.32501423358917236,0.37528786063194275
sin_low,50,0,300,0.31178975105285645,0.361476868391037
sin_low,50,0,350,0.2983946204185486,0.34728461503982544
sin_low,50,0,400,0.2845543622970581,0.33187946677207947
sin_low,50,0,450,0.2699371874332428,0.31503206491470337
sin_low,50,0,500,0.2545792758464813,0.29668617248535156
sin_low,50,0,550,0.23894549906253815,0.2776516377925873
sin_low,50,0,600,0.2231203019618988,0.2582513689994812
sin_low,50,0,650,0.20739078521728516,0.2391081303358078
sin_low,50,0,700,0.19207656383514404,0.22052226960659027
sin_low,50,0,750,0.17741277813911438,0.2032034993171692
sin_low,50,0,800,0.1633048951625824,0.18744327127933502
sin_low,50,0,850,0.1497618705034256,0.17240869998931885
sin_low,50,0,900,0.13698536157608032,0.1581113338470459
sin_low,50,0,950,0.12517230212688446,0.144492506980896
sin_low,50,0,1000,0.11444417387247086,0.1320778876543045
sin_low,50,0,1050,0.10468719154596329,0.12133166939020157
sin_low,50,0,1100,0.09562962502241135,0.11140366643667221
sin_low,50,0,1150,0.08725462108850479,0.1021876260638237
sin_low,50,0,1200,0.07955391705036163,0.09372468292713165
sin_low,50,0,1250,0.07252281904220581,0.08600741624832153
sin_low,50,0,1300,0.06614097207784653,0.07900627702474594
sin_low,50,0,1350,0.060387492179870605,0.0726957693696022
sin_low,50,0,1400,0.055208224803209305,0.0669441968202591
sin_low,50,0,1450,0.050540365278720856,0.06171131506562233
sin_low,50,0,1500,0.04630385339260101,0.05688362941145897
sin_low,50,0,1550,0.04243868589401245,0.05247396230697632
sin_low,50,0,1600,0.038891468197107315,0.04843119904398918
sin_low,50,0,1650,0.035624273121356964,0.04470188915729523
sin_low,50,0,1700,0.03261753171682358,0.041233599185943604
sin_low,50,0,1750,0.02983773872256279,0.03793783858418465
sin_low,50,0,1800,0.02725730836391449,0.03481036424636841
sin_low,50,0,1850,0.024832529947161674,0.03179503604769707
sin_low,50,0,1900,0.022574448958039284,0.028961749747395515
sin_low,50,0,1950,0.020476553589105606,0.026312971487641335
sin_low,50,0,2000,0.018515493720769882,0.02383296750485897
sin_low,50,0,2050,0.016691764816641808,0.021501755341887474
sin_low,50,0,2100,0.015011944808065891,0.019359514117240906
sin_low,50,0,2150,0.013481775298714638,0.017392080277204514
sin_low,50,0,2200,0.012092704884707928,0.015592632815241814
sin_low,50,0,2250,0.010825183242559433,0.01390883233398199
sin_low,50,0,2300,0.00966911856085062,0.012400946579873562
sin_low,50,0,2350,0.00861723255366087,0.011035055853426456
sin_low,50,0,2400,0.007675871718674898,0.00982308853417635
sin_low,50,0,2450,0.006837657652795315,0.008734961040318012
sin_low,50,0,2500,0.006099470891058445,0.0077855587005615234
sin_low,50,0,2550,0.00545673118904233,0.006955382879823446
sin_low,50,0,2600,0.004903722088783979,0.006252088584005833
sin_low,50,0,2650,0.004419723059982061,0.005613501183688641
sin_low,50,0,2700,0.003997492138296366,0.005070128478109837
sin_low,50,0,2750,0.003626077901571989,0.004582196474075317
sin_low,50,0,2800,0.0033048177137970924,0.004151416011154652
sin_low,50,0,2850,0.002957344986498356,0.0037618859205394983
sin_low,50,0,2900,0.002578241750597954,0.0032898029312491417
sin_low,50,0,2950,0.0023347544483840466,0.002936809090897441
sin_low,50,0,3000,0.0021420230623334646,0.0026608286425471306
sin_low,50,0,3050,0.0019764117896556854,0.002447355305776
sin_low,50,0,3100,0.0018309506122022867,0.0022398901637643576
sin_low,50,0,3150,0.0016938411863520741,0.0020606257021427155
sin_low,50,0,3200,0.0015707090497016907,0.001919668517075479
sin_low,50,0,3250,0.0014650135999545455,0.0018026032485067844
sin_low,50,0,3300,0.00136735406704247,0.0016699789557605982
sin_low,50,0,3350,0.0012863378506153822,0.0015579480677843094
sin_low,50,0,3400,0.0012123961932957172,0.0014822980156168342
sin_low,50,0,3450,0.0011464385315775871,0.001404543174430728
sin_low,50,0,3500,0.0010937702609226108,0.0013156863860785961
sin_low,50,0,3550,0.0010324543109163642,0.0012770651374012232
sin_low,50,0,3600,0.000985236605629325,0.0012072540121152997
sin_low,50,0,3650,0.0009407031466253102,0.0011721280170604587
sin_low,50,0,3700,0.0009041472803801298,0.001110945944674313
sin_low,50,0,3750,0.0008669610251672566,0.0010846847435459495
sin_low,50,0,3800,0.0008363437373191118,0.0010550806764513254
sin_low,50,0,3850,0.0008086220477707684,0.0010186549043282866
sin_low,50,0,3900,0.0007877318421378732,0.0010112012969329953
sin_low,50,0,3950,0.0007639317191205919,0.0009630582062527537
sin_low,50,0,4000,0.0007461047498509288,0.0009595704032108188
sin_low,50,0,4050,0.0007263585575856268,0.0009198845946229994
sin_low,50,0,4100,0.0007104249089024961,0.000901573512237519
sin_low,50,0,4150,0.0006959867314435542,0.0008844609255902469
sin_low,50,0,4200,0.0006822662544436753,0.0008761503850109875
sin_low,50,0,4250,0.0006699906080029905,0.0008642264292575419
sin_low,50,0,4300,0.0006610219134017825,0.0008706207736395299
sin_low,50,0,4350,0.0006479282747022808,0.0008408059366047382
sin_low,50,0,4400,0.0006395527743734419,0.0008194486144930124
sin_low,50,0,4450,0.0006293299375101924,0.0008221682510338724
sin_low,50,0,4500,0.0006209795828908682,0.0008123964653350413
sin_low,50,0,4550,0.0006163066136650741,0.000825652212370187
sin_low,50,0,4600,0.0006062317406758666,0.0007911139400675893
sin_low,50,0,4650,0.0005991949583403766,0.0007910181884653866
sin_low,50,0,4700,0.0006330638425424695,0.0008859390509314835
sin_low,50,0,4750,0.0005872665788047016,0.000772366183809936
sin_low,50,0,4800,0.000581656931899488,0.0007703343871980906
sin_low,50,0,4850,0.0005764865200035274,0.0007649484323337674
sin_low,50,0,4900,0.0005799446371383965,0.0007971097365953028
sin_low,50,0,4950,0.0005673362757079303,0.0007574843475595117
sin_low,50,0,5000,0.0005631315289065242,0.0007508955313824117
sin_low,50,1,0,0.44187498092651367,0.48906031250953674
sin_low,50,1,50,0.40908583998680115,0.42310085892677307
sin_low,50,1,100,0.39048194885253906,0.4018125832080841
sin_low,50,1,150,0.3624330759048462,0.37163791060447693
sin_low,50,1,200,0.33154502511024475,0.34058496356010437
sin_low,50,1,250,0.29990196228027344,0.3097168207168579
sin_low,50,1,300,0.2717868983745575,0.2809433043003082
sin_low,50,1,350,0.24276122450828552,0.25102701783180237
sin_low,50,1,400,0.21558819711208344,0.22327081859111786
sin_low,50,1,450,0.1901012808084488,0.19738119840621948
sin_low,50,1,500,0.1664763242006302,0.17356064915657043
sin_low,50,1,550,0.14502498507499695,0.1516820192337036
sin_low,50,1,600,0.12571923434734344,0.13165824115276337
sin_low,50,1,650,0.10817567259073257,0.11375869065523148
sin_low,50,1,700,0.09234946966171265,0.0979536697268486
sin_low,50,1,750,0.0782495066523552,0.08414297550916672
sin_low,50,1,800,0.06582513451576233,0.0720948874950409
sin_low,50,1,850,0.05500011146068573,0.06140923872590065
sin_low,50,1,900,0.04567887634038925,0.05202098563313484
sin_low,50,1,950,0.037751875817775726,0.04386436939239502
sin_low,50,1,1000,0.0310796108096838,0.036730051040649414
sin_low,50,1,1050,0.02550390176475048,0.030651599168777466
sin_low,50,1,1100,0.02086242102086544,0.025519564747810364
sin_low,50,1,1150,0.01704263687133789,0.021265070885419846
sin_low,50,1,1200,0.013955967500805855,0.017813172191381454
sin_low,50,1,1250,0.011446583084762096,0.014977390877902508
sin_low,50,1,1300,0.009424446150660515,0.012682181783020496
sin_low,50,1,1350,0.007802847307175398,0.010836620815098286
sin_low,50,1,1400,0.006527456920593977,0.009333173744380474
sin_low,50,1,1450,0.005498918704688549,0.00807135459035635
sin_low,50,1,1500,0.004676222801208496,0.007085343357175589
sin_low,50,1,1550,0.004018622450530529,0.006206036079674959
sin_low,50,1,1600,0.003475380130112171,0.00548161007463932
sin_low,50,1,1650,0.003022150369361043,0.004857315216213465
sin_low,50,1,1700,0.0026360205374658108,0.004371917340904474
sin_low,50,1,1750,0.0022838523145765066,0.003978557884693146
sin_low,50,1,1800,0.0020038485527038574,0.0036838953383266926
sin_low,50,1,1850,0.0017839949578046799,0.003386999247595668
sin_low,50,1,1900,0.0016073038568720222,0.0031563336960971355
sin_low,50,1,1950,0.0014659923035651445,0.002969792578369379
sin_low,50,1,2000,0.0013503402005881071,0.002793047111481428
sin_low,50,1,2050,0.0012521861353889108,0.0026931248139590025
sin_low,50,1,2100,0.0011686328798532486,0.002507699653506279
sin_low,50,1,2150,0.00109261111356318,0.002461525611579418
sin_low,50,1,2200,0.0010304654715582728,0.0023426495026797056
sin_low,50,1,2250,0.000972567533608526,0.0023186192847788334
sin_low,50,1,2300,0.0009256296907551587,0.002296633319929242
sin_low,50,1,2350,0.0008838943322189152,0.002238012384623289
sin_low,50,1,2400,0.0008500408730469644,0.0021814480423927307
sin_low,50,1,2450,0.0008202135213650763,0.00215738732367754
sin_low,50,1,2500,0.0007934682653285563,0.002086405409500003
sin_low,50,1,2550,0.0007697020773775876,0.002038062084466219
sin_low,50,1,2600,0.000747942307498306,0.0020143266301602125
sin_low,50,1,2650,0.0007287078769877553,0.001965845702216029
sin_low,50,1,2700,0.0007127259741537273,0.0019073369912803173
sin_low,50,1,2750,0.0006962264887988567,0.0018970855744555593
sin_low,50,1,2800,0.000683140882756561,0.0018734695622697473
sin_low,50,1,2850,0.0006694140611216426,0.0018167473608627915
sin_low,50,1,2900,0.000658849545288831,0.001802003593184054
sin_low,50,1,2950,0.0006469989893957973,0.0017476524226367474
sin_low,50,1,3000,0.0006372848292812705,0.0017140797572210431
sin_low,50,1,3050,0.0006287156138569117,0.0016652325866743922
sin_low,50,1,3100,0.0006203692173585296,0.0016353803221136332
sin_low,50,1,3150,0.0006132810958661139,0.0016244351863861084
sin_low,50,1,3200,0.0006062660831958055,0.0015635683666914701
sin_low,50,1,3250,0.0005990159115754068,0.0015432130312547088
sin_low,50,1,3300,0.0005924580618739128,0.0015066934283822775
sin_low,50,1,3350,0.000589415489230305,0.0015076041454449296
sin_low,50,1,3400,0.0005811151931993663,0.001451771124266088
sin_low,50,1,3450,0.0005766109679825604,0.0013883954379707575
sin_low,50,1,3500,0.0005751301650889218,0.0013415055582299829
sin_low,50,1,3550,0.0005652193794958293,0.0013312357477843761
sin_low,50,1,3600,0.0005650459788739681,0.001277996925637126
sin_low,50,1,3650,0.0005436712526716292,0.0012278384529054165
sin_low,50,1,3700,0.0005389180732890964,0.0011832481250166893
sin_low,50,1,3750,0.000533148820977658,0.0011943309800699353
sin_low,50,1,3800,0.0005294805741868913,0.0011529689654707909
sin_low,50,1,3850,0.0005259074387140572,0.0011623428435996175
sin_low,50,1,3900,0.000525729323271662,0.0011649051448330283
sin_low,50,1,3950,0.0005187403876334429,0.0011092667700722814
sin_low,50,1,4000,0.0005145370960235596,0.0011044801212847233
sin_low,50,1,4050,0.000511623511556536,0.0010914795566350222
sin_low,50,1,4100,0.0005094513762742281,0.0010850989492610097
sin_low,50,1,4150,0.0005045167054049671,0.0010553853353485465
sin_low,50,1,4200,0.0005024708225391805,0.0010519764618948102
sin_low,50,1,4250,0.0004996440256945789,0.0010363059118390083
sin_low,50,1,4300,0.0004979309160262346,0.0010345898335799575
sin_low,50,1,4350,0.0004952436429448426,0.0010151241440325975
sin_low,50,1,4400,0.0004948051646351814,0.001026449492201209
sin_low,50,1,4450,0.0004912419244647026,0.0010009806137531996
sin_low,50,1,4500,0.000489340047352016,0.0009922520257532597
sin_low,50,1,4550,0.0004882472276221961,0.001000112621113658
sin_low,50,1,4600,0.00048586694174446166,0.000975081988144666
sin_low,50,1,4650,0.0004841999616473913,0.0009693761821836233
sin_low,50,1,4700,0.0004821424081455916,0.0009693839820101857
sin_low,50,1,4750,0.0004831726255360991,0.0009882699232548475
sin_low,50,1,4800,0.00047889590496197343,0.0009555734577588737
sin_low,50,1,4850,0.0004772919637616724,0.0009509208612143993
sin_low,50,1,4900,0.00047561171231791377,0.0009477367857471108
sin_low,50,1,4950,0.00047429511323571205,0.0009436960681341588
sin_low,50,1,5000,0.0004725892504211515,0.000939281890168786
sin_low,50,2,0,0.4763166308403015,0.5561190247535706
sin_low,50,2,50,0.4095395505428314,0.4388681948184967
sin_low,50,2,100,0.39664149284362793,0.4229012429714203
sin_low,50,2,150,0.3819126486778259,0.4072922468185425
sin_low,50,2,200,0.36941877007484436,0.3949684798717499
sin_low,50,2,250,0.3560548424720764,0.3807506859302521
sin_low,50,2,300,0.3409649133682251,0.3653344213962555
sin_low,50,2,350,0.32404887676239014,0.34799134731292725
sin_low,50,2,400,0.3049827218055725,0.3278919756412506
sin_low,50,2,450,0.2819511890411377,0.30399250984191895
sin_low,50,2,500,0.25757208466529846,0.2788473069667816
sin_low,50,2,550,0.23335511982440948,0.25418031215667725
sin_low,50,2,600,0.20987936854362488,0.23017793893814087
sin_low,50,2,650,0.18731854856014252,0.20716507732868195
sin_low,50,2,700,0.16615471243858337,0.18547438085079193
sin_low,50,2,750,0.14664946496486664,0.1659126728773117
sin_low,50,2,800,0.12903361022472382,0.1483204960823059
sin_low,50,2,850,0.11347358673810959,0.1329314261674881
sin_low,50,2,900,0.10002665966749191,0.11970765143632889
sin_low,50,2,950,0.08849222213029861,0.10844389349222183
sin_low,50,2,1000,0.07887819409370422,0.09910580515861511
sin_low,50,2,1050,0.07096903771162033,0.09124729037284851
sin_low,50,2,1100,0.06431720405817032,0.0846429169178009
sin_low,50,2,1150,0.0589003823697567,0.07927190512418747
sin_low,50,2,1200,0.05429873242974281,0.07456480711698532
sin_low,50,2,1250,0.05024731531739235,0.07011348009109497
sin_low,50,2,1300,0.04647062346339226,0.06573943793773651
sin_low,50,2,1350,0.042879369109869,0.06151557341217995
sin_low,50,2,1400,0.03946708142757416,0.057348642498254776
sin_low,50,2,1450,0.03622213751077652,0.053264323621988297
sin_low,50,2,1500,0.033146053552627563,0.04926270619034767
sin_low,50,2,1550,0.030250567942857742,0.04536769166588783
sin_low,50,2,1600,0.02752990648150444,0.04159299284219742
sin_low,50,2,1650,0.025012506172060966,0.03806634992361069
sin_low,50,2,1700,0.022709697484970093,0.03475528210401535
sin_low,50,2,1750,0.020593535155057907,0.031725626438856125
sin_low,50,2,1800,0.01865590177476406,0.02895335480570793
sin_low,50,2,1850,0.016878744587302208,0.02640150487422943
sin_low,50,2,1900,0.015251390635967255,0.024076344445347786
sin_low,50,2,1950,0.013780506327748299,0.02193973958492279
sin_low,50,2,2000,0.012439796701073647,0.019935304298996925
sin_low,50,2,2050,0.011228424496948719,0.018009474501013756
sin_low,50,2,2100,0.009997740387916565,0.016030922532081604
sin_low,50,2,2150,0.008885719813406467,0.014189405366778374
sin_low,50,2,2200,0.00792301632463932,0.012666353955864906
sin_low,50,2,2250,0.007079037372022867,0.011301564984023571
sin_low,50,2,2300,0.006332778371870518,0.010112345218658447
sin_low,50,2,2350,0.005665446165949106,0.009052025154232979
sin_low,50,2,2400,0.005073189735412598,0.008107122033834457
sin_low,50,2,2450,0.004559541121125221,0.00727991946041584
sin_low,50,2,2500,0.004115844611078501,0.006552718114107847
sin_low,50,2,2550,0.0037415181286633015,0.005927661899477243
sin_low,50,2,2600,0.0033497470431029797,0.0053212568163871765
sin_low,50,2,2650,0.003028679173439741,0.004801311530172825
sin_low,50,2,2700,0.0027250980492681265,0.004325873218476772
sin_low,50,2,2750,0.0024410863406956196,0.003916697110980749
sin_low,50,2,2800,0.0022132277954369783,0.003592994762584567
sin_low,50,2,2850,0.0020348152611404657,0.0033091013319790363
sin_low,50,2,2900,0.0018804382998496294,0.0030576803255826235
sin_low,50,2,2950,0.0017356633907184005,0.0028175648767501116
sin_low,50,2,3000,0.001593956956639886,0.0025529314298182726
sin_low,50,2,3050,0.0014618816785514355,0.00233541545458138
sin_low,50,2,3100,0.0013366289203986526,0.002134296577423811
sin_low,50,2,3150,0.0012204403756186366,0.0019502155482769012
sin_low,50,2,3200,0.0011126097524538636,0.001783648389391601
sin_low,50,2,3250,0.0010127323912456632,0.0016341388691216707
sin_low,50,2,3300,0.0009205776150338352,0.0015012625372037292
sin_low,50,2,3350,0.0008365239482372999,0.001382993534207344
sin_low,50,2,3400,0.0007584872655570507,0.0012812907807528973
sin_low,50,2,3450,0.0006879032007418573,0.0011918738018721342
sin_low,50,2,3500,0.0006239683134481311,0.001116215600632131
sin_low,50,2,3550,0.0005661653121933341,0.0010498369811102748
sin_low,50,2,3600,0.0005142506561242044,0.0009937213035300374
sin_low,50,2,3650,0.000467799516627565,0.0009473040699958801
sin_low,50,2,3700,0.000428847037255764,0.0009011048241518438
sin_low,50,2,3750,0.0003900619922205806,0.0008787297992967069
sin_low,50,2,3800,0.00035793939605355263,0.0008545976597815752
sin_low,50,2,3850,0.00032591342460364103,0.0008299255860038102
sin_low,50,2,3900,0.0003036897105630487,0.0008043070556595922
sin_low,50,2,3950,0.0002766581601463258,0.0008094129734672606
sin_low,50,2,4000,0.0002576929400674999,0.0008031674078665674
sin_low,50,2,4050,0.0002430780150461942,0.0007904972299002111
sin_low,50,2,4100,0.00022776371042709798,0.000799592409748584
sin_low,50,2,4150,0.0002160794974770397,0.0008009783341549337
sin_low,50,2,4200,0.00020619410497602075,0.000803972186986357
sin_low,50,2,4250,0.00019937331671826541,0.0008210244704969227
sin_low,50,2,4300,0.00019099577912129462,0.0008118234691210091
sin_low,50,2,4350,0.00018527611973695457,0.0008177711279131472
sin_low,50,2,4400,0.00018052919767796993,0.0008233404369093478
sin_low,50,2,4450,0.0001766044442774728,0.0008286446682177484
sin_low,50,2,4500,0.00017458872753195465,0.000824140792246908
sin_low,50,2,4550,0.00017079932149499655,0.0008376732002943754
sin_low,50,2,4600,0.00016859501192811877,0.0008456652285531163
sin_low,50,2,4650,0.00016681983834132552,0.0008501088013872504
sin_low,50,2,4700,0.00016549525025766343,0.0008595178369432688
sin_low,50,2,4750,0.0001643002760829404,0.0008541782153770328
sin_low,50,2,4800,0.00016308188787661493,0.0008622523746453226
sin_low,50,2,4850,0.00016224666615016758,0.0008660663734190166
sin_low,50,2,4900,0.00016188628796953708,0.0008758761105127633
sin_low,50,2,4950,0.00016098144988063723,0.0008737005409784615
sin_low,50,2,5000,0.00016044247604440898,0.0008746440289542079
sin_low,50,3,0,0.9543477296829224,0.8127418756484985
sin_low,50,3,50,0.42270976305007935,0.4400593340396881
sin_low,50,3,100,0.3714524805545807,0.4042608141899109
sin_low,50,3,150,0.35267364978790283,0.38846057653427124
sin_low,50,3,200,0.3349074423313141,0.36915627121925354
sin_low,50,3,250,0.3176784813404083,0.3500749170780182
sin_low,50,3,300,0.2986273169517517,0.3294346034526825
sin_low,50,3,350,0.2815205752849579,0.30921998620033264
sin_low,50,3,400,0.2652115523815155,0.2902647852897644
sin_low,50,3,450,0.24908161163330078,0.27164778113365173
sin_low,50,3,500,0.2329435795545578,0.25298723578453064
sin_low,50,3,550,0.21667695045471191,0.2344006448984146
sin_low,50,3,600,0.20031306147575378,0.21584920585155487
sin_low,50,3,650,0.18399882316589355,0.19812791049480438
sin_low,50,3,700,0.16805000603199005,0.18112166225910187
sin_low,50,3,750,0.1527148336172104,0.16497236490249634
sin_low,50,3,800,0.13864952325820923,0.14974932372570038
sin_low,50,3,850,0.12557034194469452,0.1356862485408783
sin_low,50,3,900,0.11325086653232574,0.12281160801649094
sin_low,50,3,950,0.10184825956821442,0.11080852150917053
sin_low,50,3,1000,0.09140123426914215,0.09972694516181946
sin_low,50,3,1050,0.08192412555217743,0.08952163904905319
sin_low,50,3,1100,0.07328744977712631,0.08025339990854263
sin_low,50,3,1150,0.0654483512043953,0.07180890440940857
sin_low,50,3,1200,0.0583711601793766,0.06415170431137085
sin_low,50,3,1250,0.0519975870847702,0.057197168469429016
sin_low,50,3,1300,0.046257004141807556,0.050945911556482315
sin_low,50,3,1350,0.04110736772418022,0.0453002043068409
sin_low,50,3,1400,0.0365031398832798,0.040249112993478775
sin_low,50,3,1450,0.0323815755546093,0.03569478169083595
sin_low,50,3,1500,0.02869342267513275,0.03165934979915619
sin_low,50,3,1550,0.025400446727871895,0.028052765876054764
sin_low,50,3,1600,0.02245202474296093,0.024827569723129272
sin_low,50,3,1650,0.01981731317937374,0.02194109745323658
sin_low,50,3,1700,0.01747461035847664,0.019371872767806053
sin_low,50,3,1750,0.01540351752191782,0.017098844051361084
sin_low,50,3,1800,0.013587257824838161,0.015103256329894066
sin_low,50,3,1850,0.012011763639748096,0.01337217167019844
sin_low,50,3,1900,0.010670825839042664,0.011886741034686565
sin_low,50,3,1950,0.00952319148927927,0.010590792633593082
sin_low,50,3,2000,0.008509784005582333,0.009415067732334137
sin_low,50,3,2050,0.007631645072251558,0.008400160819292068
sin_low,50,3,2100,0.006848395336419344,0.00752973509952426
sin_low,50,3,2150,0.006174311973154545,0.006758566480129957
sin_low,50,3,2200,0.0055902511812746525,0.006095319986343384
sin_low,50,3,2250,0.005088218953460455,0.005524270702153444
sin_low,50,3,2300,0.00465511716902256,0.005030523985624313
sin_low,50,3,2350,0.004284983966499567,0.004609078634530306
sin_low,50,3,2400,0.0039660572074353695,0.004259075969457626
sin_low,50,3,2450,0.003698193933814764,0.003950447775423527
sin_low,50,3,2500,0.003477909602224827,0.0036968709900975227
sin_low,50,3,2550,0.0032929740846157074,0.003484581597149372
sin_low,50,3,2600,0.0031415324192494154,0.0033025681041181087
sin_low,50,3,2650,0.003008454106748104,0.003140611806884408
sin_low,50,3,2700,0.0028606015257537365,0.0030025411397218704
sin_low,50,3,2750,0.0027444162406027317,0.002856351202353835
sin_low,50,3,2800,0.0026537838857620955,0.002733655972406268
sin_low,50,3,2850,0.0025774401146918535,0.002631350653246045
sin_low,50,3,2900,0.002501462586224079,0.0025435572024434805
sin_low,50,3,2950,0.0024436775129288435,0.00245686830021441
sin_low,50,3,3000,0.0023963646963238716,0.002379853744059801
sin_low,50,3,3050,0.002355346456170082,0.002313521457836032
sin_low,50,3,3100,0.002316677011549473,0.0022597569040954113
sin_low,50,3,3150,0.0022772846277803183,0.0022202725522220135
sin_low,50,3,3200,0.002243262715637684,0.0021816841326653957
sin_low,50,3,3250,0.002217216184362769,0.002146407263353467
sin_low,50,3,3300,0.002195037668570876,0.0021212799474596977
sin_low,50,3,3350,0.002175553934648633,0.00209629163146019
sin_low,50,3,3400,0.0021576019935309887,0.0020722150802612305
sin_low,50,3,3450,0.002140448661521077,0.0020546051673591137
sin_low,50,3,3500,0.0021238604094833136,0.002030143979936838
sin_low,50,3,3550,0.002107457257807255,0.0020072541665285826
sin_low,50,3,3600,0.0020913032349199057,0.0019892624113708735
sin_low,50,3,3650,0.0020753536373376846,0.0019672249909490347
sin_low,50,3,3700,0.00205985177308321,0.0019495812011882663
sin_low,50,3,3750,0.0020445750560611486,0.0019327988848090172
sin_low,50,3,3800,0.002029658295214176,0.001914903987199068
sin_low,50,3,3850,0.0020148693583905697,0.0019001857144758105
sin_low,50,3,3900,0.00200018216855824,0.0018838421674445271
sin_low,50,3,3950,0.0019856246653944254,0.0018691644072532654
sin_low,50,3,4000,0.0019711123313754797,0.0018514258554205298
sin_low,50,3,4050,0.001956493593752384,0.0018366988515481353
sin_low,50,3,4100,0.0019382565515115857,0.0018210412235930562
sin_low,50,3,4150,0.0019180127419531345,0.0018007587641477585
sin_low,50,3,4200,0.0019010433461517096,0.0017846445553004742
sin_low,50,3,4250,0.0018840464763343334,0.0017720895120874047
sin_low,50,3,4300,0.0018672274891287088,0.001759908045642078
sin_low,50,3,4350,0.0018503906903788447,0.001745325163938105
sin_low,50,3,4400,0.0018337549408897758,0.0017323092324659228
sin_low,50,3,4450,0.0018170573748648167,0.0017167594050988555
sin_low,50,3,4500,0.001800354802981019,0.0017043910920619965
sin_low,50,3,4550,0.0017835370963439345,0.001690060249529779
sin_low,50,3,4600,0.001766613102518022,0.0016755961114540696
sin_low,50,3,4650,0.0017496717628091574,0.0016597980866208673
sin_low,50,3,4700,0.0017324357759207487,0.0016488455003127456
sin_low,50,3,4750,0.0017151572974398732,0.0016353779938071966
sin_low,50,3,4800,0.0016977161867544055,0.0016191006870940328
sin_low,50,3,4850,0.0016802104655653238,0.0016080213245004416
sin_low,50,3,4900,0.0016625812277197838,0.0015910001238808036
sin_low,50,3,4950,0.0016449083341285586,0.001577617134898901
sin_low,50,3,5000,0.00162714091129601,0.0015700693475082517
sin_low,50,4,0,0.41251340508461,0.5105510354042053
sin_low,50,4,50,0.3308524191379547,0.43252748250961304
sin_low,50,4,100,0.3165852427482605,0.42367762327194214
sin_low,50,4,150,0.30152595043182373,0.4163441061973572
sin_low,50,4,200,0.28542613983154297,0.4075981080532074
sin_low,50,4,250,0.26963695883750916,0.3989754319190979
sin_low,50,4,300,0.25562584400177,0.39026767015457153
sin_low,50,4,350,0.24400374293327332,0.3836109936237335
sin_low,50,4,400,0.2329481691122055,0.3746878504753113
sin_low,50,4,450,0.22240859270095825,0.3664592206478119
sin_low,50,4,500,0.21216154098510742,0.356955885887146
sin_low,50,4,550,0.2021237462759018,0.34733179211616516
sin_low,50,4,600,0.19221192598342896,0.33721888065338135
sin_low,50,4,650,0.18231837451457977,0.32567569613456726
sin_low,50,4,700,0.17266413569450378,0.31391850113868713
sin_low,50,4,750,0.163283571600914,0.3021852374076843
sin_low,50,4,800,0.154191792011261,0.28980714082717896
sin_low,50,4,850,0.14526410400867462,0.27728480100631714
sin_low,50,4,900,0.13655944168567657,0.26488983631134033
sin_low,50,4,950,0.1279183179140091,0.2521107494831085
sin_low,50,4,1000,0.11994314193725586,0.2396322339773178
sin_low,50,4,1050,0.11248872429132462,0.22750385105609894
sin_low,50,4,1100,0.10545267164707184,0.21449916064739227
sin_low,50,4,1150,0.09881729632616043,0.201314315199852
sin_low,50,4,1200,0.09256333112716675,0.18969136476516724
sin_low,50,4,1250,0.08676702529191971,0.17957212030887604
sin_low,50,4,1300,0.08138223737478256,0.170207679271698
sin_low,50,4,1350,0.07621898502111435,0.16111375391483307
sin_low,50,4,1400,0.07119529694318771,0.1525392234325409
sin_low,50,4,1450,0.06633271276950836,0.14420749247074127
sin_low,50,4,1500,0.061659302562475204,0.13628825545310974
sin_low,50,4,1550,0.057199928909540176,0.12845847010612488
sin_low,50,4,1600,0.05295231565833092,0.12120833247900009
sin_low,50,4,1650,0.04892734810709953,0.11428550630807877
sin_low,50,4,1700,0.04513531178236008,0.10744816809892654
sin_low,50,4,1750,0.0415886789560318,0.10099320113658905
sin_low,50,4,1800,0.038264524191617966,0.09481687098741531
sin_low,50,4,1850,0.035119932144880295,0.08852748572826385
sin_low,50,4,1900,0.032259490340948105,0.08203906565904617
sin_low,50,4,1950,0.02956988289952278,0.07542824000120163
sin_low,50,4,2000,0.0270363949239254,0.06914766877889633
sin_low,50,4,2050,0.02465733513236046,0.06334353983402252
sin_low,50,4,2100,0.022431377321481705,0.057981204241514206
sin_low,50,4,2150,0.020359238609671593,0.053022224456071854
sin_low,50,4,2200,0.018441317602992058,0.04842564836144447
sin_low,50,4,2250,0.016676608473062515,0.044184863567352295
sin_low,50,4,2300,0.01506111491471529,0.04035066440701485
sin_low,50,4,2350,0.013586987741291523,0.03679080307483673
sin_low,50,4,2400,0.012248926796019077,0.033528223633766174
sin_low,50,4,2450,0.011042379774153233,0.030552074313163757
sin_low,50,4,2500,0.009962509386241436,0.027878228574991226
sin_low,50,4,2550,0.0090035330504179,0.025462837889790535
sin_low,50,4,2600,0.008159822784364223,0.023268001154065132
sin_low,50,4,2650,0.007414303254336119,0.02127700485289097
sin_low,50,4,2700,0.006750816013664007,0.0195002481341362
sin_low,50,4,2750,0.006162194535136223,0.017883455380797386
sin_low,50,4,2800,0.005622434429824352,0.016130991280078888
sin_low,50,4,2850,0.005134861450642347,0.014458693563938141
sin_low,50,4,2900,0.0046948157250881195,0.01301099918782711
sin_low,50,4,2950,0.00429478520527482,0.011723808012902737
sin_low,50,4,3000,0.003953493200242519,0.010463060811161995
sin_low,50,4,3050,0.0036140047013759613,0.009580952115356922
sin_low,50,4,3100,0.0033221568446606398,0.008678526617586613
sin_low,50,4,3150,0.003054751083254814,0.00787832960486412
sin_low,50,4,3200,0.002810792298987508,0.007185686845332384
sin_low,50,4,3250,0.002592244651168585,0.006566861644387245
sin_low,50,4,3300,0.002393867587670684,0.0060027833096683025
sin_low,50,4,3350,0.002214176347479224,0.005521424580365419
sin_low,50,4,3400,0.0020498253870755434,0.005107172764837742
sin_low,50,4,3450,0.0019019057508558035,0.00472211791202426
sin_low,50,4,3500,0.0017676829593256116,0.004419351927936077
sin_low,50,4,3550,0.0016442337073385715,0.004134429153054953
sin_low,50,4,3600,0.001558886026032269,0.0039615207351744175
sin_low,50,4,3650,0.0014325372176244855,0.0037207123823463917
sin_low,50,4,3700,0.001341656083241105,0.00357344769872725
sin_low,50,4,3750,0.0012592141283676028,0.003458864288404584
sin_low,50,4,3800,0.0011845588451251388,0.0033746224362403154
sin_low,50,4,3850,0.0011193732498213649,0.0033155567944049835
sin_low,50,4,3900,0.0010576354106888175,0.0032858129125088453
sin_low,50,4,3950,0.0010032036807388067,0.003273573238402605
sin_low,50,4,4000,0.0009582572965882719,0.00330108474008739
sin_low,50,4,4050,0.0009114562417380512,0.0033041515853255987
sin_low,50,4,4100,0.0008727881358936429,0.0033473558723926544
sin_low,50,4,4150,0.0008383895037695765,0.0033967967610806227
sin_low,50,4,4200,0.0008086634916253388,0.0034718576353043318
sin_low,50,4,4250,0.0007811362738721073,0.003530503949150443
sin_low,50,4,4300,0.0007573976763524115,0.0036047357134521008
sin_low,50,4,4350,0.0007526047411374748,0.0037692291662096977
sin_low,50,4,4400,0.0007185612921603024,0.0037763253785669804
sin_low,50,4,4450,0.0007026270614005625,0.0038570654578506947
sin_low,50,4,4500,0.0006887561758048832,0.003944989759474993
sin_low,50,4,4550,0.0006786070880480111,0.004065186716616154
sin_low,50,4,4600,0.0006663660751655698,0.004116888623684645
sin_low,50,4,4650,0.0006574317812919617,0.004206620156764984
sin_low,50,4,4700,0.0006497041904367507,0.0042896694503724575
sin_low,50,4,4750,0.0006430118228308856,0.0043721324764192104
sin_low,50,4,4800,0.0006524018826894462,0.004557376261800528
sin_low,50,4,4850,0.0006325013819150627,0.004523580428212881
sin_low,50,4,4900,0.0006283633993007243,0.004592702258378267
sin_low,50,4,4950,0.0006248187855817378,0.004660281352698803
sin_low,50,4,5000,0.0006218726630322635,0.004717581905424595
sin_low,100,0,0,0.5095298886299133,0.5023802518844604
sin_low,100,0,50,0.36751091480255127,0.40893080830574036
sin_low,100,0,100,0.33693408966064453,0.3767813742160797
sin_low,100,0,150,0.2997254729270935,0.33515816926956177
sin_low,100,0,200,0.25907453894615173,0.28796103596687317
sin_low,100,0,250,0.21827338635921478,0.24134813249111176
sin_low,100,0,300,0.178628072142601,0.19602125883102417
sin_low,100,0,350,0.14282187819480896,0.1554984152317047
sin_low,100,0,400,0.11232173442840576,0.12167242169380188
sin_low,100,0,450,0.08704772591590881,0.09362918883562088
sin_low,100,0,500,0.06611012667417526,0.0706305280327797
sin_low,100,0,550,0.04936126247048378,0.05267304554581642
sin_low,100,0,600,0.036514926701784134,0.03882918506860733
sin_low,100,0,650,0.026917118579149246,0.02852572314441204
sin_low,100,0,700,0.019923608750104904,0.021090364083647728
sin_low,100,0,750,0.014855432324111462,0.015801016241312027
sin_low,100,0,800,0.011200234293937683,0.012021159753203392
sin_low,100,0,850,0.008569459430873394,0.009312319569289684
sin_low,100,0,900,0.006629245355725288,0.007300841622054577
sin_low,100,0,950,0.005176774226129055,0.005786122754216194
sin_low,100,0,1000,0.0041073900647461414,0.00465514836832881
sin_low,100,0,1050,0.003330864245072007,0.0038144108839333057
sin_low,100,0,1100,0.002747358288615942,0.0031828610226511955
sin_low,100,0,1150,0.002245656680315733,0.0026438904460519552
sin_low,100,0,1200,0.0018583382479846478,0.002192143816500902
sin_low,100,0,1250,0.0015495645347982645,0.001829129527322948
sin_low,100,0,1300,0.001295018708333373,0.0015322676626965404
sin_low,100,0,1350,0.0010834104614332318,0.0012839718256145716
sin_low,100,0,1400,0.0009095034329220653,0.0010795483831316233
sin_low,100,0,1450,0.0007709041819907725,0.0009155276347883046
sin_low,100,0,1500,0.0006604415830224752,0.0007845323416404426
sin_low,100,0,1550,0.0005717372987419367,0.0006785373552702367
sin_low,100,0,1600,0.0004976367927156389,0.0005914947250857949
sin_low,100,0,1650,0.00044016074389219284,0.0005215161945670843
sin_low,100,0,1700,0.0003830561472568661,0.00046853075036779046
sin_low,100,0,1750,0.00033734022872522473,0.0004158678057137877
sin_low,100,0,1800,0.00030045368475839496,0.00037370153586380184
sin_low,100,0,1850,0.0002704136713873595,0.0003399246488697827
sin_low,100,0,1900,0.0002459293173160404,0.00031231821049004793
sin_low,100,0,1950,0.00022602496028412133,0.0002892960037570447
sin_low,100,0,2000,0.00020991108613088727,0.00027030493947677314
sin_low,100,0,2050,0.0001969102886505425,0.0002544513554312289
sin_low,100,0,2100,0.0001863970246631652,0.00024094164837151766
sin_low,100,0,2150,0.00017687189392745495,0.0002282859495608136
sin_low,100,0,2200,0.00014747798559255898,0.0001958133070729673
sin_low,100,0,2250,0.00013421126641333103,0.0001787548972060904
sin_low,100,0,2300,0.00012387946480885148,0.00016667430463712662
sin_low,100,0,2350,0.00011522660497575998,0.00015694773173891008
sin_low,100,0,2400,0.00010786849452415481,0.0001489508431404829
sin_low,100,0,2450,0.00010160058445762843,0.00014215667033568025
sin_low,100,0,2500,9.624406811781228e-05,0.00013635470531880856
sin_low,100,0,2550,9.161276830127463e-05,0.0001311794330831617
sin_low,100,0,2600,8.763249934418127e-05,0.00012672864249907434
sin_low,100,0,2650,8.410245209233835e-05,0.00012284760305192322
sin_low,100,0,2700,7.927514525363222e-05,0.00011917403026018292
sin_low,100,0,2750,7.541590457549319e-05,0.00011564787564566359
sin_low,100,0,2800,7.202015694929287e-05,0.00011278041347395629
sin_low,100,0,2850,6.902504537720233e-05,0.00011036510113626719
sin_low,100,0,2900,6.638797640334815e-05,0.00010829466918949038
sin_low,100,0,2950,6.405493331840262e-05,0.000106407082057558
sin_low,100,0,3000,6.194824527483433e-05,0.00010489074338693172
sin_low,100,0,3050,6.011747245793231e-05,0.00010357602150179446
sin_low,100,0,3100,5.8524554333416745e-05,0.00010247883619740605
sin_low,100,0,3150,5.712237907573581e-05,0.00010156393545912579
sin_low,100,0,3200,5.588767817243934e-05,0.00010072739678435028
sin_low,100,0,3250,5.469685129355639e-05,9.999712347052991e-05
sin_low,100,0,3300,5.3512583690462634e-05,9.953356493497267e-05
sin_low,100,0,3350,5.257190059637651e-05,9.906179184326902e-05
sin_low,100,0,3400,5.176703416509554e-05,9.863317245617509e-05
sin_low,100,0,3450,5.105973104946315e-05,9.821649291552603e-05
sin_low,100,0,3500,5.0432412535883486e-05,9.785823931451887e-05
sin_low,100,0,3550,4.987344436813146e-05,9.754554776009172e-05
sin_low,100,0,3600,4.93728912260849e-05,9.722941467771307e-05
sin_low,100,0,3650,4.8922527639660984e-05,9.695302287582308e-05
sin_low,100,0,3700,4.851462290389463e-05,9.672027954366058e-05
sin_low,100,0,3750,4.814259591512382e-05,9.65358194662258e-05
sin_low,100,0,3800,4.782987161888741e-05,9.679218055680394e-05
sin_low,100,0,3850,4.7492310841334984e-05,9.600483463145792e-05
sin_low,100,0,3900,4.71949388156645e-05,9.598474571248516e-05
sin_low,100,0,3950,4.6942401240812615e-05,9.624265658203512e-05
sin_low,100,0,4000,4.683622682932764e-05,9.483047324465588e-05
sin_low,100,0,4050,4.6417320845648646e-05,9.564254287397489e-05
sin_low,100,0,4100,4.617942977347411e-05,9.545471402816474e-05
sin_low,100,0,4150,4.6132281568134204e-05,9.442136069992557e-05
sin_low,100,0,4200,4.572988473228179e-05,9.52107147895731e-05
sin_low,100,0,4250,4.551550591713749e-05,9.498697909293696e-05
sin_low,100,0,4300,4.5303393562790006e-05,9.494111145613715e-05
sin_low,100,0,4350,5.1965329475933686e-05,9.543669875711203e-05
sin_low,100,0,4400,4.5036515075480565e-05,9.573256102157757e-05
sin_low,100,0,4450,4.469404666451737e-05,9.459559078095481e-05
sin_low,100,0,4500,4.449516927707009e-05,9.44738567341119e-05
sin_low,100,0,4550,4.437352254171856e-05,9.509572555543855e-05
sin_low,100,0,4600,4.440800694283098e-05,9.581237100064754e-05
sin_low,100,0,4650,4.391447509988211e-05,9.405170567333698e-05
sin_low,100,0,4700,4.372348848846741e-05,9.399632108397782e-05
sin_low,100,0,4750,4.353226177045144e-05,9.391680941917002e-05
sin_low,100,0,4800,4.4565153075382113e-05,9.754515485838056e-05
sin_low,100,0,4850,4.31994631071575e-05,9.323468111688271e-05
sin_low,100,0,4900,4.297382110962644e-05,9.352577762911096e-05
sin_low,100,0,4950,4.278870255802758e-05,9.339824464404956e-05
sin_low,100,0,5000,4.2783682147273794e-05,9.24761188798584e-05
sin_low,100,1,0,0.4631883203983307,0.5218002200126648
sin_low,100,1,50,0.4018056392669678,0.4141986072063446
sin_low,100,1,100,0.3658059537410736,0.37341398000717163
sin_low,100,1,150,0.31371989846229553,0.3192446529865265
sin_low,100,1,200,0.2592054307460785,0.2655772268772125
sin_low,100,1,250,0.21210633218288422,0.21957527101039886
sin_low,100,1,300,0.17327895760536194,0.18092061579227448
sin_low,100,1,350,0.1410931795835495,0.14865301549434662
sin_low,100,1,400,0.1139504611492157,0.12202369421720505
sin_low,100,1,450,0.09102919697761536,0.09991240501403809
sin_low,100,1,500,0.0722556859254837,0.08138436824083328
sin_low,100,1,550,0.05714196711778641,0.0658544972538948
sin_low,100,1,600,0.04498050734400749,0.05340977758169174
sin_low,100,1,650,0.03532910346984863,0.04323633760213852
sin_low,100,1,700,0.027748776599764824,0.034727729856967926
sin_low,100,1,750,0.021767225116491318,0.02773357555270195
sin_low,100,1,800,0.016991738229990005,0.022083396092057228
sin_low,100,1,850,0.013223014771938324,0.017594069242477417
sin_low,100,1,900,0.010296450927853584,0.014091442339122295
sin_low,100,1,950,0.008074566721916199,0.011400955729186535
sin_low,100,1,1000,0.00639902101829648,0.009345767088234425
sin_low,100,1,1050,0.005161172244697809,0.007824850268661976
sin_low,100,1,1100,0.004251840524375439,0.006673685275018215
sin_low,100,1,1150,0.0035660017747431993,0.005793403834104538
sin_low,100,1,1200,0.0030307541601359844,0.005087403580546379
sin_low,100,1,1250,0.0026255135890096426,0.0045590768568217754
sin_low,100,1,1300,0.0023196495603770018,0.0041574942879378796
sin_low,100,1,1350,0.002090014982968569,0.0038489096332341433
sin_low,100,1,1400,0.0019147377461194992,0.0036123895552009344
sin_low,100,1,1450,0.001779927988536656,0.0034278989769518375
sin_low,100,1,1500,0.0016763447783887386,0.0032749902456998825
sin_low,100,1,1550,0.0015975437127053738,0.0031569981947541237
sin_low,100,1,1600,0.0015366921434178948,0.0030673425644636154
sin_low,100,1,1650,0.0014894258929416537,0.002989262342453003
sin_low,100,1,1700,0.0014499115059152246,0.0029101611580699682
sin_low,100,1,1750,0.0014150372007861733,0.002831079764291644
sin_low,100,1,1800,0.0013839128660038114,0.0027654715813696384
sin_low,100,1,1850,0.0013557972852140665,0.002692260080948472
sin_low,100,1,1900,0.0013306906912475824,0.002634011907503009
sin_low,100,1,1950,0.0013073865557089448,0.002597247716039419
sin_low,100,1,2000,0.0012860235292464495,0.002580651780590415
sin_low,100,1,2050,0.0012667910195887089,0.0025637440849095583
sin_low,100,1,2100,0.001248581800609827,0.002573530888184905
sin_low,100,1,2150,0.0012323932023718953,0.002582245972007513
sin_low,100,1,2200,0.0012181849451735616,0.00256716413423419
sin_low,100,1,2250,0.0012076102430000901,0.0025455099530518055
sin_low,100,1,2300,0.0011975415982306004,0.002529903780668974
sin_low,100,1,2350,0.0011897562071681023,0.0025184499099850655
sin_low,100,1,2400,0.001188232097774744,0.0024963580071926117
sin_low,100,1,2450,0.0011776534374803305,0.0025062013883143663
sin_low,100,1,2500,0.0011790546122938395,0.0024834596551954746
sin_low,100,1,2550,0.00116872473154217,0.0024888888001441956
sin_low,100,1,2600,0.001165122608654201,0.0024820805992931128
sin_low,100,1,2650,0.0011746303644031286,0.0024601900950074196
sin_low,100,1,2700,0.0011592124355956912,0.002472404157742858
sin_low,100,1,2750,0.0011572805233299732,0.002459603827446699
sin_low,100,1,2800,0.0011544120498001575,0.0024674911983311176
sin_low,100,1,2850,0.0011530504561960697,0.002452169544994831
sin_low,100,1,2900,0.0011504176072776318,0.002455933950841427
sin_low,100,1,2950,0.0011501540429890156,0.0024661757051944733
sin_low,100,1,3000,0.0011468448210507631,0.002452852902933955
sin_low,100,1,3050,0.0011490605538710952,0.0024348627775907516
sin_low,100,1,3100,0.001143734552897513,0.002444922225549817
sin_low,100,1,3150,0.0011422777315601707,0.0024475131649523973
sin_low,100,1,3200,0.0011412471067160368,0.0024360837414860725
sin_low,100,1,3250,0.0011393475579097867,0.0024377175141125917
sin_low,100,1,3300,0.00113891891669482,0.002430410822853446
sin_low,100,1,3350,0.001136637176387012,0.0024333763867616653
sin_low,100,1,3400,0.0011379707138985395,0.002421175129711628
sin_low,100,1,3450,0.0011341896606609225,0.002429395914077759
sin_low,100,1,3500,0.0011329402914270759,0.0024247681722044945
sin_low,100,1,3550,0.0011445977725088596,0.002470951294526458
sin_low,100,1,3600,0.0011290308320894837,0.0024199204053729773
sin_low,100,1,3650,0.001127455965615809,0.002418571151793003
sin_low,100,1,3700,0.001127643627114594,0.0024081089068204165
sin_low,100,1,3750,0.001124952221289277,0.002417969284579158
sin_low,100,1,3800,0.0011353138834238052,0.0023947912268340588
sin_low,100,1,3850,0.0011225620983168483,0.0024106709752231836
sin_low,100,1,3900,0.0011215618578717113,0.0024066821206361055
sin_low,100,1,3950,0.0011278199963271618,0.0024380122777074575
sin_low,100,1,4000,0.0011192812817171216,0.002400647848844528
sin_low,100,1,4050,0.001118223532103002,0.002400487195700407
sin_low,100,1,4100,0.0011176096741110086,0.002404104918241501
sin_low,100,1,4150,0.001116379164159298,0.002389565110206604
sin_low,100,1,4200,0.0011150399222970009,0.002392722759395838
sin_low,100,1,4250,0.0011140163987874985,0.0023886964190751314
sin_low,100,1,4300,0.0011140219867229462,0.0023786488454788923
sin_low,100,1,4350,0.0011119714472442865,0.002382155042141676
sin_low,100,1,4400,0.001110995071940124,0.0023829666897654533
sin_low,100,1,4450,0.0011104182340204716,0.0023853664752095938
sin_low,100,1,4500,0.0011090300977230072,0.002374537056311965
sin_low,100,1,4550,0.001108026597648859,0.002373029012233019
sin_low,100,1,4600,0.0011169856879860163,0.0023522197734564543
sin_low,100,1,4650,0.0011061417171731591,0.0023687148932367563
sin_low,100,1,4700,0.001105023780837655,0.002363404957577586
sin_low,100,1,4750,0.0011092921486124396,0.0023869075812399387
sin_low,100,1,4800,0.001103034126572311,0.002358891535550356
sin_low,100,1,4850,0.0011021457612514496,0.002354741794988513
sin_low,100,1,4900,0.0011028293520212173,0.00234244461171329
sin_low,100,1,4950,0.0011001088423654437,0.0023517594672739506
sin_low,100,1,5000,0.001108840573579073,0.002383484970778227
sin_low,100,2,0,0.5034593343734741,0.5494630336761475
sin_low,100,2,50,0.393317848443985,0.41966307163238525
sin_low,100,2,100,0.3580634891986847,0.38282912969589233
sin_low,100,2,150,0.30863723158836365,0.3313882052898407
sin_low,100,2,200,0.2570503056049347,0.2799428403377533
sin_low,100,2,250,0.21267005801200867,0.236474871635437
sin_low,100,2,300,0.1770503968000412,0.20345298945903778
sin_low,100,2,350,0.15081475675106049,0.17863082885742188
sin_low,100,2,400,0.13176748156547546,0.16025228798389435
sin_low,100,2,450,0.11816951632499695,0.14647109806537628
sin_low,100,2,500,0.10790754109621048,0.13587769865989685
sin_low,100,2,550,0.09935043007135391,0.1270066648721695
sin_low,100,2,600,0.09154828637838364,0.11889589577913284
sin_low,100,2,650,0.08403141796588898,0.11115632206201553
sin_low,100,2,700,0.07671038806438446,0.10330122709274292
sin_low,100,2,750,0.06965458393096924,0.0956140011548996
sin_low,100,2,800,0.06297234445810318,0.0882067084312439
sin_low,100,2,850,0.05672565475106239,0.08105070888996124
sin_low,100,2,900,0.050948504358530045,0.0741836279630661
sin_low,100,2,950,0.045573361217975616,0.06721733510494232
sin_low,100,2,1000,0.04054299369454384,0.060690976679325104
sin_low,100,2,1050,0.03587193787097931,0.054536592215299606
sin_low,100,2,1100,0.03157564252614975,0.04874585568904877
sin_low,100,2,1150,0.027653489261865616,0.043350134044885635
sin_low,100,2,1200,0.02413780242204666,0.03844485431909561
sin_low,100,2,1250,0.021011799573898315,0.03400866314768791
sin_low,100,2,1300,0.018274826928973198,0.03010924533009529
sin_low,100,2,1350,0.015885014086961746,0.026583900675177574
sin_low,100,2,1400,0.01381835900247097,0.023376544937491417
sin_low,100,2,1450,0.012019510380923748,0.02054860070347786
sin_low,100,2,1500,0.010453471913933754,0.018057407811284065
sin_low,100,2,1550,0.009112117812037468,0.015904203057289124
sin_low,100,2,1600,0.007956089451909065,0.013997219502925873
sin_low,100,2,1650,0.006964556872844696,0.012377611361443996
sin_low,100,2,1700,0.006099427584558725,0.010902609676122665
sin_low,100,2,1750,0.005346109624952078,0.009591363370418549
sin_low,100,2,1800,0.004695112816989422,0.008457005023956299
sin_low,100,2,1850,0.0041357846930623055,0.007488760631531477
sin_low,100,2,1900,0.0036598830483853817,0.006654093042016029
sin_low,100,2,1950,0.0032604981679469347,0.005951392464339733
sin_low,100,2,2000,0.0029276092536747456,0.00535828759893775
sin_low,100,2,2050,0.0026522469706833363,0.004856616724282503
sin_low,100,2,2100,0.0024189294781535864,0.004415974952280521
sin_low,100,2,2150,0.0022150829900056124,0.0040278444066643715
sin_low,100,2,2200,0.0020326038356870413,0.0036799213849008083
sin_low,100,2,2250,0.0018680955981835723,0.0033451293129473925
sin_low,100,2,2300,0.0017045647837221622,0.0030307413544505835
sin_low,100,2,2350,0.0015546795912086964,0.002740174997597933
sin_low,100,2,2400,0.0014196434058248997,0.0024859863333404064
sin_low,100,2,2450,0.0013002121122553945,0.0022635727655142546
sin_low,100,2,2500,0.0011924925493076444,0.002064303494989872
sin_low,100,2,2550,0.0010931576834991574,0.0018866630271077156
sin_low,100,2,2600,0.0010058765765279531,0.001738217892125249
sin_low,100,2,2650,0.0009281977545469999,0.0016148332506418228
sin_low,100,2,2700,0.0008586135227233171,0.0015062236925587058
sin_low,100,2,2750,0.0007980812806636095,0.0014122016727924347
sin_low,100,2,2800,0.0007420877809636295,0.0013335683615878224
sin_low,100,2,2850,0.0006760688847862184,0.0012410272611305118
sin_low,100,2,2900,0.0006196751492097974,0.0011600604047998786
sin_low,100,2,2950,0.0005560456193052232,0.0010898924665525556
sin_low,100,2,3000,0.0005114803207106888,0.0010143598774448037
sin_low,100,2,3050,0.00047884928062558174,0.0009474357939325273
sin_low,100,2,3100,0.0004542626265902072,0.0008945979061536491
sin_low,100,2,3150,0.0004322101012803614,0.0008635902777314186
sin_low,100,2,3200,0.000412965368013829,0.0008358297636732459
sin_low,100,2,3250,0.00039613645640201867,0.0008105339366011322
sin_low,100,2,3300,0.0003825802414212376,0.0007862685597501695
sin_low,100,2,3350,0.00036753801396116614,0.0007677101530134678
sin_low,100,2,3400,0.00035595259396359324,0.0007471498684026301
sin_low,100,2,3450,0.00034422881435602903,0.0007307862397283316
sin_low,100,2,3500,0.0003345548175275326,0.0007159083033911884
sin_low,100,2,3550,0.0003249979636166245,0.0007033896981738508
sin_low,100,2,3600,0.00031668797601014376,0.0006923399050720036
sin_low,100,2,3650,0.00030908387270756066,0.0006819386617280543
sin_low,100,2,3700,0.0003023142635356635,0.000670424138661474
sin_low,100,2,3750,0.0002966365427710116,0.0006645575049333274
sin_low,100,2,3800,0.00028995604952797294,0.000653623603284359
sin_low,100,2,3850,0.0002846416609827429,0.0006462829769589007
sin_low,100,2,3900,0.0002798658097162843,0.00063997448887676
sin_low,100,2,3950,0.0003270413726568222,0.0006727129803039134
sin_low,100,2,4000,0.0002716194139793515,0.0006286915158852935
sin_low,100,2,4050,0.0002677889133337885,0.0006232897285372019
sin_low,100,2,4100,0.0002643384214024991,0.0006171786226332188
sin_low,100,2,4150,0.00026407651603221893,0.0006133347051218152
sin_low,100,2,4200,0.00025815123808570206,0.0006090110982768238
sin_low,100,2,4250,0.0002552922524046153,0.0006042263121344149
sin_low,100,2,4300,0.0002566498005762696,0.0006067718495614827
sin_low,100,2,4350,0.0002503951545804739,0.0005963327130302787
sin_low,100,2,4400,0.00024813131312839687,0.0005917149828746915
sin_low,100,2,4450,0.00024595740251243114,0.0005878590745851398
sin_low,100,2,4500,0.0002520475536584854,0.0005963213625364006
sin_low,100,2,4550,0.00024202575150411576,0.0005797907360829413
sin_low,100,2,4600,0.0002401462843408808,0.000576527847442776
sin_low,100,2,4650,0.00023966650769580156,0.0005729755503125489
sin_low,100,2,4700,0.00021311301679816097,0.0004928202251903713
sin_low,100,2,4750,0.00019349579815752804,0.0004327401693444699
sin_low,100,2,4800,0.00018717590137384832,0.0004282772424630821
sin_low,100,2,4850,0.00017882529937196523,0.0004285616159904748
sin_low,100,2,4900,0.00017588894115760922,0.0004220221599098295
sin_low,100,2,4950,0.00017541057604830712,0.0004205990699119866
sin_low,100,2,5000,0.0001718207058729604,0.00041554687777534127
sin_low,100,3,0,0.3992747366428375,0.4241204857826233
sin_low,100,3,50,0.34593039751052856,0.3817020356655121
sin_low,100,3,100,0.3042276203632355,0.33448293805122375
sin_low,100,3,150,0.2571382224559784,0.2820189297199249
sin_low,100,3,200,0.20978575944900513,0.23038749396800995
sin_low,100,3,250,0.1647394299507141,0.18143439292907715
sin_low,100,3,300,0.12533888220787048,0.13948944211006165
sin_low,100,3,350,0.09352105110883713,0.10591475665569305
sin_low,100,3,400,0.06880228221416473,0.07993689179420471
sin_low,100,3,450,0.04987337067723274,0.05984996631741524
sin_low,100,3,500,0.03589082136750221,0.0444941408932209
sin_low,100,3,550,0.026433706283569336,0.03359895944595337
sin_low,100,3,600,0.01976705715060234,0.025647133588790894
sin_low,100,3,650,0.014926271513104439,0.019680652767419815
sin_low,100,3,700,0.011349325068295002,0.015170521102845669
sin_low,100,3,750,0.00873778946697712,0.01177716813981533
sin_low,100,3,800,0.006798559799790382,0.00919409655034542
sin_low,100,3,850,0.005338746588677168,0.007221792824566364
sin_low,100,3,900,0.004190060775727034,0.005700907204300165
sin_low,100,3,950,0.003302800003439188,0.004520046059042215
sin_low,100,3,1000,0.0026199608109891415,0.0036206517834216356
sin_low,100,3,1050,0.002086661057546735,0.0029125811997801065
sin_low,100,3,1100,0.0016751906368881464,0.002365953056141734
sin_low,100,3,1150,0.0013556642225012183,0.0019407867221161723
sin_low,100,3,1200,0.0011040179524570704,0.0015980249736458063
sin_low,100,3,1250,0.0009035665425471961,0.0013253052020445466
sin_low,100,3,1300,0.0007448372198268771,0.0011013129260390997
sin_low,100,3,1350,0.0006209044368006289,0.000916249118745327
sin_low,100,3,1400,0.0005237074219621718,0.0007690303609706461
sin_low,100,3,1450,0.0004404565552249551,0.0006611293647438288
sin_low,100,3,1500,0.00037290467298589647,0.0005629118531942368
sin_low,100,3,1550,0.00032050721347332,0.00047555300989188254
sin_low,100,3,1600,0.00027596368454396725,0.0004169528547208756
sin_low,100,3,1650,0.0002476880035828799,0.0003870273067150265
sin_low,100,3,1700,0.00021171418484300375,0.0003276608185842633
sin_low,100,3,1750,0.00018705920956563205,0.0002899887040257454
sin_low,100,3,1800,0.00016692589269950986,0.0002641112369019538
sin_low,100,3,1850,0.00014895718777552247,0.00023205990146379918
sin_low,100,3,1900,0.00013390810636337847,0.0002111706999130547
sin_low,100,3,1950,0.00012580306793097407,0.0002049136528512463
sin_low,100,3,2000,0.0001091834856197238,0.00017253527767024934
sin_low,100,3,2050,9.848983609117568e-05,0.00015895960677880794
sin_low,100,3,2100,8.927667659008875e-05,0.00014587763871531934
sin_low,100,3,2150,8.408544090343639e-05,0.00014167446352075785
sin_low,100,3,2200,7.404229108942673e-05,0.00012320847599767148
sin_low,100,3,2250,6.856103573227301e-05,0.0001123541223932989
sin_low,100,3,2300,6.280085653997958e-05,0.00010834265412995592
sin_low,100,3,2350,5.742838038713671e-05,9.900794248096645e-05
sin_low,100,3,2400,6.497359572676942e-05,9.668729035183787e-05
sin_low,100,3,2450,4.9660018703434616e-05,8.710349356988445e-05
sin_low,100,3,2500,4.642108251573518e-05,8.284188515972346e-05
sin_low,100,3,2550,6.698664947180077e-05,0.00010726723849074915
sin_low,100,3,2600,4.161585457040928e-05,7.647622260265052e-05
sin_low,100,3,2650,3.924470365745947e-05,7.225752051454037e-05
sin_low,100,3,2700,3.743871639017016e-05,6.988856330281124e-05
sin_low,100,3,2750,3.7897199945291504e-05,6.748856685589999e-05
sin_low,100,3,2800,3.432369703659788e-05,6.510593084385619e-05
sin_low,100,3,2850,3.3023850846802816e-05,6.305595161393285e-05
sin_low,100,3,2900,3.1906860385788605e-05,6.151563866296783e-05
sin_low,100,3,2950,3.292465044069104e-05,6.07005313213449e-05
sin_low,100,3,3000,3.0007304303580895e-05,5.858102304046042e-05
sin_low,100,3,3050,2.9220047508715652e-05,5.736716775572859e-05
sin_low,100,3,3100,2.852305260603316e-05,5.6322307500522584e-05
sin_low,100,3,3150,3.605039819376543e-05,6.166585808387026e-05
sin_low,100,3,3200,2.7453763323137537e-05,5.45901530131232e-05
sin_low,100,3,3250,2.693361784622539e-05,5.389073703554459e-05
sin_low,100,3,3300,2.650733949849382e-05,5.330821295501664e-05
sin_low,100,3,3350,3.9005371945677325e-05,6.41067381366156e-05
sin_low,100,3,3400,2.5907567760441452e-05,5.25287032360211e-05
sin_low,100,3,3450,2.542906440794468e-05,5.18857195856981e-05
sin_low,100,3,3500,2.5139403078355826e-05,5.147384945303202e-05
sin_low,100,3,3550,2.4884733647922985e-05,5.11117723362986e-05
sin_low,100,3,3600,2.8392769308993593e-05,5.426977077149786e-05
sin_low,100,3,3650,2.45160044869408e-05,5.054781649960205e-05
sin_low,100,3,3700,2.4289283828693442e-05,5.019392483518459e-05
sin_low,100,3,3750,2.4119537556543946e-05,4.99221496284008e-05
sin_low,100,3,3800,2.396450872765854e-05,4.96628308610525e-05
sin_low,100,3,3850,3.050979103136342e-05,5.610389416688122e-05
sin_low,100,3,3900,2.3703521947027184e-05,4.927940244670026e-05
sin_low,100,3,3950,2.3576090825372376e-05,4.9057725846068934e-05
sin_low,100,3,4000,2.345769462408498e-05,4.887352042715065e-05
sin_low,100,3,4050,2.3345084628090262e-05,4.869580516242422e-05
sin_low,100,3,4100,2.9836366593372077e-05,5.535229865927249e-05
sin_low,100,3,4150,2.4233811927842908e-05,4.9055361159844324e-05
sin_low,100,3,4200,2.305451562278904e-05,4.823232666240074e-05
sin_low,100,3,4250,2.2961832655710168e-05,4.8111891373991966e-05
sin_low,100,3,4300,2.2875448848935775e-05,4.7978421207517385e-05
sin_low,100,3,4350,3.722129622474313e-05,6.247720739338547e-05
sin_low,100,3,4400,2.2814911062596366e-05,4.796563371201046e-05
sin_low,100,3,4450,2.264416434627492e-05,4.7647397877881303e-05
sin_low,100,3,4500,2.2569533030036837e-05,4.7549048758810386e-05
sin_low,100,3,4550,2.8870821552118286e-05,5.227729707257822e-05
sin_low,100,3,4600,2.3013088139123283e-05,4.824018105864525e-05
sin_low,100,3,4650,2.2370539227267727e-05,4.728483690996654e-05
sin_low,100,3,4700,2.229946585430298e-05,4.723602251033299e-05
sin_low,100,3,4750,2.2236536096897908e-05,4.717192496173084e-05
sin_low,100,3,4800,2.4406950615230016e-05,4.979519508196972e-05
sin_low,100,3,4850,2.2174972400534898e-05,4.700815043179318e-05
sin_low,100,3,4900,2.2065010853111744e-05,4.7007084504002705e-05
sin_low,100,3,4950,2.201000097556971e-05,4.695422467193566e-05
sin_low,100,3,5000,2.1955514966975898e-05,4.6903962356736884e-05
sin_low,100,4,0,0.5142977237701416,0.5679755806922913
sin_low,100,4,50,0.310947060585022,0.4095796048641205
sin_low,100,4,100,0.2722513675689697,0.3843803405761719
sin_low,100,4,150,0.2356988489627838,0.34758874773979187
sin_low,100,4,200,0.20460914075374603,0.30682361125946045
sin_low,100,4,250,0.17878636717796326,0.2719470262527466
sin_low,100,4,300,0.15702736377716064,0.2395959049463272
sin_low,100,4,350,0.13848024606704712,0.21009968221187592
sin_low,100,4,400,0.12179917842149734,0.18228337168693542
sin_low,100,4,450,0.10680093616247177,0.16128098964691162
sin_low,100,4,500,0.0929865837097168,0.1397712230682373
sin_low,100,4,550,0.08011838793754578,0.11886072903871536
sin_low,100,4,600,0.06828545778989792,0.1001836508512497
sin_low,100,4,650,0.05761730670928955,0.08367767930030823
sin_low,100,4,700,0.04817447438836098,0.06941064447164536
sin_low,100,4,750,0.04002118855714798,0.057886604219675064
sin_low,100,4,800,0.03310957923531532,0.048080120235681534
sin_low,100,4,850,0.027349840849637985,0.0398862399160862
sin_low,100,4,900,0.022638553753495216,0.03301047533750534
sin_low,100,4,950,0.018842244520783424,0.027241315692663193
sin_low,100,4,1000,0.01576947420835495,0.022381993010640144
sin_low,100,4,1050,0.013246452435851097,0.0183696448802948
sin_low,100,4,1100,0.011153669096529484,0.014970322139561176
sin_low,100,4,1150,0.009400679729878902,0.012218302115797997
sin_low,100,4,1200,0.00791520718485117,0.009947841987013817
sin_low,100,4,1250,0.006683633662760258,0.008138124831020832
sin_low,100,4,1300,0.005651148967444897,0.0066667115315794945
sin_low,100,4,1350,0.004781524185091257,0.00548643060028553
sin_low,100,4,1400,0.004054627846926451,0.004540751688182354
sin_low,100,4,1450,0.0034352827351540327,0.0037799389101564884
sin_low,100,4,1500,0.0029075220227241516,0.003163950052112341
sin_low,100,4,1550,0.0024593824055045843,0.0026753407437354326
sin_low,100,4,1600,0.002081287559121847,0.002283914713189006
sin_low,100,4,1650,0.0017624901374801993,0.001969875069335103
sin_low,100,4,1700,0.0014951216289773583,0.0017194754909723997
sin_low,100,4,1750,0.001270699081942439,0.001516846939921379
sin_low,100,4,1800,0.0010828828671947122,0.0013554842444136739
sin_low,100,4,1850,0.0009265064727514982,0.001226993859745562
sin_low,100,4,1900,0.0007985829142853618,0.001126434188336134
sin_low,100,4,1950,0.0006916342535987496,0.0010535791516304016
sin_low,100,4,2000,0.0005999107379466295,0.0009917778661474586
sin_low,100,4,2050,0.0005246088257990777,0.0009395454544574022
sin_low,100,4,2100,0.00046329459291882813,0.0008985542226582766
sin_low,100,4,2150,0.0004133527691010386,0.0008681452600285411
sin_low,100,4,2200,0.00037307111779227853,0.0008460945100523531
sin_low,100,4,2250,0.0003369694168213755,0.0008227332145906985
sin_low,100,4,2300,0.00030698630143888295,0.0008131335489451885
sin_low,100,4,2350,0.0002845785638783127,0.0008051488548517227
sin_low,100,4,2400,0.00026701288879849017,0.0008007854339666665
sin_low,100,4,2450,0.00025313301011919975,0.0008014875347726047
sin_low,100,4,2500,0.0002421242679702118,0.0008056591032072902
sin_low,100,4,2550,0.00023340401821769774,0.0008127829642035067
sin_low,100,4,2600,0.00021991896210238338,0.0008373555610887706
sin_low,100,4,2650,0.00021093706891406327,0.0008417883072979748
sin_low,100,4,2700,0.0002043107815552503,0.0008488244493491948
sin_low,100,4,2750,0.00019917807367164642,0.0008557531982660294
sin_low,100,4,2800,0.0001952137827174738,0.0008628543000668287
sin_low,100,4,2850,0.00019227858865633607,0.0008770094718784094
sin_low,100,4,2900,0.00018965678464155644,0.0008782256045378745
sin_low,100,4,2950,0.00018780294340103865,0.0008827685378491879
sin_low,100,4,3000,0.00018582239863462746,0.0008902117260731757
sin_low,100,4,3050,0.00018396358063910156,0.000901938823517412
sin_low,100,4,3100,0.00019226378935854882,0.0009645376121625304
sin_low,100,4,3150,0.0001814892457332462,0.0009188054245896637
sin_low,100,4,3200,0.00018058327259495854,0.0009244384127669036
sin_low,100,4,3250,0.0001797602599253878,0.0009322669357061386
sin_low,100,4,3300,0.00017929216846823692,0.000948008440900594
sin_low,100,4,3350,0.00017423635290469974,0.0009621476638130844
sin_low,100,4,3400,0.0001717849081614986,0.0009614716982468963
sin_low,100,4,3450,0.000172025291249156,0.0009832506766542792
sin_low,100,4,3500,0.0001693722588242963,0.0009638095507398248
sin_low,100,4,3550,0.000168569284141995,0.0009651898872107267
sin_low,100,4,3600,0.00016818888252601027,0.0009636093163862824
sin_low,100,4,3650,0.0001672211947152391,0.0009756360668689013
sin_low,100,4,3700,0.00016676831000950187,0.0009857979603111744
sin_low,100,4,3750,0.00016616698121652007,0.0009886018233373761
sin_low,100,4,3800,0.00016554698231630027,0.0009880656143650413
sin_low,100,4,3850,0.0001658006658544764,0.000979401171207428
sin_low,100,4,3900,0.00016461039194837213,0.0009984902571886778
sin_low,100,4,3950,0.00016416943981312215,0.0009969418169930577
sin_low,100,4,4000,0.0001641091366764158,0.0009940654272213578
sin_low,100,4,4050,0.00016325745673384517,0.0010089989518746734
sin_low,100,4,4100,0.00017450281302444637,0.0009714945335872471
sin_low,100,4,4150,0.00016239919932559133,0.001014271634630859
sin_low,100,4,4200,0.00016196146316360682,0.0010185431456193328
sin_low,100,4,4250,0.00016299437265843153,0.00100491673219949
sin_low,100,4,4300,0.0001610966573935002,0.001026448793709278
sin_low,100,4,4350,0.00016097819025162607,0.0010198922827839851
sin_low,100,4,4400,0.00016020546900108457,0.0010313659440726042
sin_low,100,4,4450,0.00015976076247170568,0.0010359976440668106
sin_low,100,4,4500,0.00016517992480657995,0.001080119633115828
sin_low,100,4,4550,0.00015893351519480348,0.0010447483509778976
sin_low,100,4,4600,0.00015836897364351898,0.0010438220342621207
sin_low,100,4,4650,0.00015788062592037022,0.0010470125125721097
sin_low,100,4,4700,0.0001581354736117646,0.0010621330002322793
sin_low,100,4,4750,0.00015694714966230094,0.0010537812486290932
sin_low,100,4,4800,0.0001611675543244928,0.0010917909676209092
sin_low,100,4,4850,0.00015610194532200694,0.0010626947041600943
sin_low,100,4,4900,0.00015547261864412576,0.0010582138784229755
sin_low,100,4,4950,0.0001550156157463789,0.0010593244805932045
sin_low,100,4,5000,0.00015550188254565,0.001080230576917529
sin_low,500,0,0,0.6961230039596558,0.6694803237915039
sin_low,500,0,50,0.33440887928009033,0.3773856461048126
sin_low,500,0,100,0.2553340792655945,0.28851988911628723
sin_low,500,0,150,0.17741675674915314,0.19819390773773193
sin_low,500,0,200,0.11198743432760239,0.1226826086640358
sin_low,500,0,250,0.06719445437192917,0.07258239388465881
sin_low,500,0,300,0.038663141429424286,0.04126719757914543
sin_low,500,0,350,0.022029148414731026,0.023246029391884804
sin_low,500,0,400,0.013029300607740879,0.013719561509788036
sin_low,500,0,450,0.008371158502995968,0.008926562033593655
sin_low,500,0,500,0.005771866999566555,0.006244131363928318
sin_low,500,0,550,0.004134558606892824,0.004575063474476337
sin_low,500,0,600,0.003078373381868005,0.003497474594041705
sin_low,500,0,650,0.0023461543023586273,0.002737620612606406
sin_low,500,0,700,0.001823175698518753,0.0021460894495248795
sin_low,500,0,750,0.0014084422728046775,0.001690462464466691
sin_low,500,0,800,0.0011207497445866466,0.0013553941389545798
sin_low,500,0,850,0.0008710249094292521,0.0010765651240944862
sin_low,500,0,900,0.0007070825668051839,0.000889809220097959
sin_low,500,0,950,0.0005883756675757468,0.000754866108763963
sin_low,500,0,1000,0.0004955636104568839,0.0006473904359154403
sin_low,500,0,1050,0.00042131662485189736,0.0005614502588286996
sin_low,500,0,1100,0.0003615418099798262,0.0004931886214762926
sin_low,500,0,1150,0.000318097387207672,0.00044376097503118217
sin_low,500,0,1200,0.000285391288343817,0.00040648074354976416
sin_low,500,0,1250,0.0002594995603431016,0.00037738794344477355
sin_low,500,0,1300,0.00023950178001541644,0.00035356468288227916
sin_low,500,0,1350,0.00021895610552746803,0.0003319757815916091
sin_low,500,0,1400,0.0002040996914729476,0.0003161223721690476
sin_low,500,0,1450,0.00019205010903533548,0.00030237354803830385
sin_low,500,0,1500,0.00018133148842025548,0.000290215655695647
sin_low,500,0,1550,0.0001722076121950522,0.000280429347185418
sin_low,500,0,1600,0.00016473188588861376,0.0002728319959715009
sin_low,500,0,1650,0.00015816866653040051,0.00026641198201105
sin_low,500,0,1700,0.00015238489140756428,0.0002609186922200024
sin_low,500,0,1750,0.00014726455265190452,0.0002563305606599897
sin_low,500,0,1800,0.0001426549715688452,0.00025243774871341884
sin_low,500,0,1850,0.0001385473442496732,0.0002488530008122325
sin_low,500,0,1900,0.00013483928341884166,0.0002456640650052577
sin_low,500,0,1950,0.00013148981088306755,0.00024278242199216038
sin_low,500,0,2000,0.000128426676383242,0.0002401710517005995
sin_low,500,0,2050,0.00012561668700072914,0.00023778629838488996
sin_low,500,0,2100,0.0001230201596627012,0.00023549298930447549
sin_low,500,0,2150,0.00012060135486535728,0.0002333134616492316
sin_low,500,0,2200,0.00011835068289656192,0.00023125071311369538
sin_low,500,0,2250,0.00011634869588306174,0.00022919628827366978
sin_low,500,0,2300,0.00011433199688326567,0.00022739502310287207
sin_low,500,0,2350,0.00011248508235439658,0.0002254774735774845
sin_low,500,0,2400,0.00013108860002830625,0.0002421891549602151
sin_low,500,0,2450,0.00010925236711045727,0.00022190477466210723
sin_low,500,0,2500,0.00010769728396553546,0.0002202594478148967
sin_low,500,0,2550,0.0001645706797717139,0.00027936280821450055
sin_low,500,0,2600,0.00010497802577447146,0.00021699587523471564
sin_low,500,0,2650,0.00010364194895373657,0.0002153109380742535
sin_low,500,0,2700,0.0003561756166163832,0.00047225423622876406
sin_low,500,0,2750,0.0001025261590257287,0.00021301968081388623
sin_low,500,0,2800,0.00010006591764977202,0.00021057970297988504
sin_low,500,0,2850,9.897278505377471e-05,0.00020920367387589067
sin_low,500,0,2900,0.00010194210335612297,0.0002109021006617695
sin_low,500,0,2950,9.699881775304675e-05,0.00020660100562963635
sin_low,500,0,3000,9.583625796949491e-05,0.0002049802424153313
sin_low,500,0,3050,0.00010480643686605617,0.00021227551042102277
sin_low,500,0,3100,0.00010078171180794016,0.0002081485145026818
sin_low,500,0,3150,9.302988473791629e-05,0.00020103213319089264
sin_low,500,0,3200,9.209217387251556e-05,0.00019960269855801016
sin_low,500,0,3250,9.268523717764765e-05,0.000199225774849765
sin_low,500,0,3300,9.190587297780439e-05,0.00019789855286944658
sin_low,500,0,3350,8.960944978753105e-05,0.00019587956194300205
sin_low,500,0,3400,8.872587204677984e-05,0.00019445436191745102
sin_low,500,0,3450,8.79173239809461e-05,0.00019319674174766988
sin_low,500,0,3500,0.00013661649427376688,0.00024413736537098885
sin_low,500,0,3550,8.655989222461358e-05,0.00019103595695924014
sin_low,500,0,3600,8.567314216634259e-05,0.00018952306709252298
sin_low,500,0,3650,8.494286885252222e-05,0.00018831435590982437
sin_low,500,0,3700,8.42163572087884e-05,0.00018711724260356277
sin_low,500,0,3750,0.00020485474669840187,0.00030089219217188656
sin_low,500,0,3800,8.313064608955756e-05,0.00018531359091866761
sin_low,500,0,3850,8.222224278142676e-05,0.00018362532136961818
sin_low,500,0,3900,8.15699968370609e-05,0.00018253592133987695
sin_low,500,0,3950,8.092511416180059e-05,0.00018144474597647786
sin_low,500,0,4000,8.182071178453043e-05,0.0001813318522181362
sin_low,500,0,4050,8.173794049071148e-05,0.00018081483722198755
sin_low,500,0,4100,7.913136505521834e-05,0.00017851639131549746
sin_low,500,0,4150,7.849978283047676e-05,0.000177469351910986
sin_low,500,0,4200,7.790958625264466e-05,0.00017645643674768507
sin_low,500,0,4250,0.000361061654984951,0.00046523145283572376
sin_low,500,0,4300,7.86264063208364e-05,0.00017551246855873615
sin_low,500,0,4350,7.627687591593713e-05,0.00017332221614196897
sin_low,500,0,4400,7.572792674181983e-05,0.00017230947560165077
sin_low,500,0,4450,7.518763595726341e-05,0.00017123429279308766
sin_low,500,0,4500,8.389096183236688e-05,0.00017763988580554724
sin_low,500,0,4550,8.431221795035526e-05,0.00018078688299283385
sin_low,500,0,4600,7.372516120085493e-05,0.00016794649127405137
sin_low,500,0,4650,7.317173731280491e-05,0.00016698840772733092
sin_low,500,0,4700,7.267518958542496e-05,0.00016590750601608306
sin_low,500,0,4750,7.217610982479528e-05,0.00016484319348819554
sin_low,500,0,4800,0.00014094969083089381,0.00022722623543813825
sin_low,500,0,4850,7.147444557631388e-05,0.00016322045121341944
sin_low,500,0,4900,7.077892951201648e-05,0.00016163875989150256
sin_low,500,0,4950,7.030924462014809e-05,0.00016063422663137317
sin_low,500,0,5000,6.983742059674114e-05,0.00015959635493345559
sin_low,500,1,0,0.4327333867549896,0.46350178122520447
sin_low,500,1,50,0.2827115058898926,0.2885163128376007
sin_low,500,1,100,0.14868783950805664,0.15465226769447327
sin_low,500,1,150,0.06528246402740479,0.07421315461397171
sin_low,500,1,200,0.028931358829140663,0.03653702512383461
sin_low,500,1,250,0.014340797439217567,0.019550718367099762
sin_low,500,1,300,0.007699449546635151,0.011160574853420258
sin_low,500,1,350,0.004624468274414539,0.0072968220338225365
sin_low,500,1,400,0.0030504190362989902,0.005083918105810881
sin_low,500,1,450,0.002158181509003043,0.0037837685085833073
sin_low,500,1,500,0.0016049877740442753,0.0030001907143741846
sin_low,500,1,550,0.0012792199850082397,0.002483051037415862
sin_low,500,1,600,0.0010654848301783204,0.0021328621078282595
sin_low,500,1,650,0.0009315278148278594,0.0019704080186784267
sin_low,500,1,700,0.0007804203778505325,0.001663508708588779
sin_low,500,1,750,0.0006423905142582953,0.00140334980096668
sin_low,500,1,800,0.0005622734897769988,0.001225140644237399
sin_low,500,1,850,0.0004952370072714984,0.0011034815106540918
sin_low,500,1,900,0.0004407489614095539,0.0009984747739508748
sin_low,500,1,950,0.0004006152448710054,0.0009140830370597541
sin_low,500,1,1000,0.0003592107677832246,0.0008187585044652224
sin_low,500,1,1050,0.00032542870030738413,0.0007430797559209168
sin_low,500,1,1100,0.000296823272947222,0.0006837485125288367
sin_low,500,1,1150,0.000276749866316095,0.0006451340159401298
sin_low,500,1,1200,0.0002506670425646007,0.0005928543396294117
sin_low,500,1,1250,0.00023152264475356787,0.0005562617443501949
sin_low,500,1,1300,0.0002142634184565395,0.0005269310786388814
sin_low,500,1,1350,0.00019891560077667236,0.0005023215198889375
sin_low,500,1,1400,0.0001858170289779082,0.00048239881289191544
sin_low,500,1,1450,0.00017365481471642852,0.00046701403334736824
sin_low,500,1,1500,0.0001628063910175115,0.00045378442155197263
sin_low,500,1,1550,0.00017814853345043957,0.0004567174182739109
sin_low,500,1,1600,0.0001516975462436676,0.0004338803410064429
sin_low,500,1,1650,0.00013706412573810667,0.0004282655718270689
sin_low,500,1,1700,0.00013012367708142847,0.0004219914262648672
sin_low,500,1,1750,0.00012387540482450277,0.0004158219962846488
sin_low,500,1,1800,0.00044147169683128595,0.0006835272652097046
sin_low,500,1,1850,0.00011786550021497533,0.0004151288012508303
sin_low,500,1,1900,0.00010856507287826389,0.0003960197791457176
sin_low,500,1,1950,0.00010423679486848414,0.0003895815752912313
sin_low,500,1,2000,0.00010022774949902669,0.0003830387140624225
sin_low,500,1,2050,0.00012231258733663708,0.00038553925696760416
sin_low,500,1,2100,9.657767077442259e-05,0.0003796608070842922
sin_low,500,1,2150,9.007543121697381e-05,0.00036396028008311987
sin_low,500,1,2200,8.70401636348106e-05,0.0003571293200366199
sin_low,500,1,2250,8.407855057157576e-05,0.00035096181090921164
sin_low,500,1,2300,9.965266508515924e-05,0.00034969564876519144
sin_low,500,1,2350,7.959553477121517e-05,0.00034272848279215395
sin_low,500,1,2400,7.618489325977862e-05,0.0003325381549075246
sin_low,500,1,2450,7.378806913038716e-05,0.00032712597749195993
sin_low,500,1,2500,7.104717224137858e-05,0.00032012470182962716
sin_low,500,1,2550,6.411413050955161e-05,0.0003025031473953277
sin_low,500,1,2600,6.761031545465812e-05,0.0003074700653087348
sin_low,500,1,2650,5.9011028497479856e-05,0.00028954591834917665
sin_low,500,1,2700,5.7259218010585755e-05,0.0002854561898857355
sin_low,500,1,2750,5.557433905778453e-05,0.00028127789846621454
sin_low,500,1,2800,5.3943105740472674e-05,0.0002770348219200969
sin_low,500,1,2850,5.3184645366854966e-05,0.00027650469564832747
sin_low,500,1,2900,5.087484169052914e-05,0.00026899564545601606
sin_low,500,1,2950,4.9381058488506824e-05,0.0002653882256709039
sin_low,500,1,3000,4.793559855897911e-05,0.0002612932585179806
sin_low,500,1,3050,4.652505595004186e-05,0.00025731930509209633
sin_low,500,1,3100,4.896466634818353e-05,0.00025314936647191644
sin_low,500,1,3150,4.4505395635496825e-05,0.0002524528536014259
sin_low,500,1,3200,4.1528575820848346e-05,0.00024331104941666126
sin_low,500,1,3250,3.806170934694819e-05,0.00023374786542262882
sin_low,500,1,3300,3.592170469346456e-05,0.0002299844054505229
sin_low,500,1,3350,0.00014352347352541983,0.0003215517499484122
sin_low,500,1,3400,3.452533928793855e-05,0.00022419908782467246
sin_low,500,1,3450,3.306327198515646e-05,0.0002225817588623613
sin_low,500,1,3500,3.216651748516597e-05,0.0002203490148531273
sin_low,500,1,3550,3.129572723992169e-05,0.00021796375222038478
sin_low,500,1,3600,3.047174686798826e-05,0.00021549251687247306
sin_low,500,1,3650,5.9277059335727245e-05,0.00025474149151705205
sin_low,500,1,3700,2.9162512873881496e-05,0.00021090329391881824
sin_low,500,1,3750,2.821094312821515e-05,0.00020951713668182492
sin_low,500,1,3800,2.7523114113137126e-05,0.0002076910895993933
sin_low,500,1,3850,2.6858790079131722e-05,0.00020590491476468742
sin_low,500,1,3900,0.0001412495330441743,0.00030595858697779477
sin_low,500,1,3950,2.7279895220999606e-05,0.00020649780344683677
sin_low,500,1,4000,2.507887256797403e-05,0.0002012441836996004
sin_low,500,1,4050,2.451293039484881e-05,0.00019932958821300417
sin_low,500,1,4100,2.398231481492985e-05,0.00019792684179265052
sin_low,500,1,4150,6.105266947997734e-05,0.00022536404139827937
sin_low,500,1,4200,3.186763569829054e-05,0.00019952021830249578
sin_low,500,1,4250,2.2617912691202946e-05,0.00019459806208033115
sin_low,500,1,4300,2.214048981841188e-05,0.00019302437431178987
sin_low,500,1,4350,2.173499160562642e-05,0.0001918838534038514
sin_low,500,1,4400,2.1353185729822144e-05,0.00019076879834756255
sin_low,500,1,4450,0.00016182701801881194,0.00031726801535114646
sin_low,500,1,4500,2.0747596863657236e-05,0.0001883236545836553
sin_low,500,1,4550,2.0299874449847266e-05,0.0001876166497822851
sin_low,500,1,4600,1.995085767703131e-05,0.00018697403720580041
sin_low,500,1,4650,1.963615432032384e-05,0.00018614395230542868
sin_low,500,1,4700,1.962237001862377e-05,0.0001847749372245744
sin_low,500,1,4750,2.0672865503001958e-05,0.00018859727424569428
sin_low,500,1,4800,1.897220136015676e-05,0.00018351897597312927
sin_low,500,1,4850,1.862208591774106e-05,0.00018342734256293625
sin_low,500,1,4900,1.8399721739115193e-05,0.00018280620861332864
sin_low,500,1,4950,1.8198810721514747e-05,0.0001820933393901214
sin_low,500,1,5000,7.096181070664898e-05,0.00022488513786811382
sin_low,500,2,0,0.4506615698337555,0.5024842619895935
sin_low,500,2,50,0.301059752702713,0.32199135422706604
sin_low,500,2,100,0.18228471279144287,0.20235438644886017
sin_low,500,2,150,0.09756223112344742,0.12051410228013992
sin_low,500,2,200,0.05744132027029991,0.08022227883338928
sin_low,500,2,250,0.03856034204363823,0.05781226605176926
sin_low,500,2,300,0.02818530984222889,0.043779850006103516
sin_low,500,2,350,0.021227071061730385,0.03374654799699783
sin_low,500,2,400,0.016151202842593193,0.026358716189861298
sin_low,500,2,450,0.012221426703035831,0.020556671544909477
sin_low,500,2,500,0.009233294054865837,0.016046132892370224
sin_low,500,2,550,0.00695399334654212,0.01255750097334385
sin_low,500,2,600,0.0052858991548419,0.009842134080827236
sin_low,500,2,650,0.004051024094223976,0.0076667191460728645
sin_low,500,2,700,0.003133698832243681,0.006043076980859041
sin_low,500,2,750,0.0024554261472076178,0.004832512233406305
sin_low,500,2,800,0.0019930447451770306,0.003978054039180279
sin_low,500,2,850,0.0016628276789560914,0.003316576825454831
sin_low,500,2,900,0.0013981523225083947,0.002751750173047185
sin_low,500,2,950,0.0011671667452901602,0.0022640367969870567
sin_low,500,2,1000,0.0009958152659237385,0.0019005626672878861
sin_low,500,2,1050,0.0008028267184272408,0.0015287495916709304
sin_low,500,2,1100,0.0006619386840611696,0.0012533764820545912
sin_low,500,2,1150,0.0005475794314406812,0.0010370732052251697
sin_low,500,2,1200,0.00044755672570317984,0.0008585334289819002
sin_low,500,2,1250,0.0003764164284802973,0.0007248386391438544
sin_low,500,2,1300,0.0003035305126104504,0.0006063753389753401
sin_low,500,2,1350,0.00035600527189671993,0.00061137875309214
sin_low,500,2,1400,0.0002111587964463979,0.00044520446681417525
sin_low,500,2,1450,0.0001774049742380157,0.00038467824924737215
sin_low,500,2,1500,0.00022360104776453227,0.0004274612292647362
sin_low,500,2,1550,0.00013171928003430367,0.000300488289212808
sin_low,500,2,1600,0.00011404119140934199,0.0002695632865652442
sin_low,500,2,1650,0.00010223314893664792,0.0002483839634805918
sin_low,500,2,1700,8.848487777868286e-05,0.00022224965505301952
sin_low,500,2,1750,7.678999099880457e-05,0.00019915265147574246
sin_low,500,2,1800,6.786810990888625e-05,0.00018210346752312034
sin_low,500,2,1850,9.428990597371012e-05,0.0002120487333741039
sin_low,500,2,1900,5.52082565263845e-05,0.00015560419706162065
sin_low,500,2,1950,5.07806871610228e-05,0.00014546580496244133
sin_low,500,2,2000,4.706380786956288e-05,0.00013738262350670993
sin_low,500,2,2050,0.00024719577049836516,0.00036930193891748786
sin_low,500,2,2100,3.518221274134703e-05,0.00011547748727025464
sin_low,500,2,2150,3.1292569474317133e-05,0.00010582407412584871
sin_low,500,2,2200,2.8426262360881083e-05,9.922364552039653e-05
sin_low,500,2,2250,2.594287616375368e-05,9.349011088488623e-05
sin_low,500,2,2300,2.4555418349336833e-05,8.732888818485662e-05
sin_low,500,2,2350,3.0381101169041358e-05,8.674473065184429e-05
sin_low,500,2,2400,2.0485058485064656e-05,8.075930236373097e-05
sin_low,500,2,2450,1.8987933799508028e-05,7.641435513505712e-05
sin_low,500,2,2500,1.7769720216165297e-05,7.320567965507507e-05
sin_low,500,2,2550,1.7791448044590652e-05,6.938070146134123e-05
sin_low,500,2,2600,3.127240051981062e-05,7.626586011610925e-05
sin_low,500,2,2650,1.5156997505982872e-05,6.506006320705637e-05
sin_low,500,2,2700,1.4403877685253974e-05,6.342865526676178e-05
sin_low,500,2,2750,1.3804859918309376e-05,6.157672760309651e-05
sin_low,500,2,2800,0.0005351095460355282,0.0005603192839771509
sin_low,500,2,2850,1.638832145545166e-05,5.858164877281524e-05
sin_low,500,2,2900,1.2357570994936395e-05,5.711261837859638e-05
sin_low,500,2,2950,1.1926980732823722e-05,5.598429197561927e-05
sin_low,500,2,3000,1.1531436939549167e-05,5.481735206558369e-05
sin_low,500,2,3050,5.901016993448138e-05,0.00011736108717741445
sin_low,500,2,3100,1.156778944277903e-05,5.1668528612935916e-05
sin_low,500,2,3150,1.0554339496593457e-05,5.168154166312888e-05
sin_low,500,2,3200,1.0266385288559832e-05,5.0753918912960216e-05
sin_low,500,2,3250,1.0001788723457139e-05,4.9819245759863406e-05
sin_low,500,2,3300,9.596045856596902e-05,0.0001580622629262507
sin_low,500,2,3350,9.591921298124362e-06,4.803667980013415e-05
sin_low,500,2,3400,9.350936124974396e-06,4.773535329150036e-05
sin_low,500,2,3450,9.154750841844361e-06,4.699286000686698e-05
sin_low,500,2,3500,8.98056987352902e-06,4.653577707358636e-05
sin_low,500,2,3550,2.3277536456589587e-05,6.881976150907576e-05
sin_low,500,2,3600,8.81016421772074e-06,4.6047181967878714e-05
sin_low,500,2,3650,8.54917016113177e-06,4.4637941755354404e-05
sin_low,500,2,3700,8.42437020764919e-06,4.4199550757184625e-05
sin_low,500,2,3750,8.310894372698385e-06,4.365646600490436e-05
sin_low,500,2,3800,1.014921235764632e-05,4.837671076529659e-05
sin_low,500,2,3850,8.121968676277902e-06,4.273738159099594e-05
sin_low,500,2,3900,8.029129276110325e-06,4.237694520270452e-05
sin_low,500,2,3950,7.942484444356523e-06,4.214828004478477e-05
sin_low,500,2,4000,7.86617056292016e-06,4.181832991889678e-05
sin_low,500,2,4050,7.97657048678957e-06,4.0788181649986655e-05
sin_low,500,2,4100,1.6242778656305745e-05,4.420980258146301e-05
sin_low,500,2,4150,7.829975402273703e-06,4.176108632236719e-05
sin_low,500,2,4200,7.63187199481763e-06,4.059045386384241e-05
sin_low,500,2,4250,7.5805114647664595e-06,4.0358983824262396e-05
sin_low,500,2,4300,7.532065865234472e-06,4.0131882997229695e-05
sin_low,500,2,4350,7.48595721233869e-06,3.992028359789401e-05
sin_low,500,2,4400,7.4417353062017355e-06,3.9713508158456534e-05
sin_low,500,2,4450,5.932784915785305e-05,0.00010951465083053336
sin_low,500,2,4500,8.12020334706176e-06,4.191410698695108e-05
sin_low,500,2,4550,7.347260634560371e-06,3.9356036722892895e-05
sin_low,500,2,4600,7.291296697076177e-06,3.8920559745747596e-05
sin_low,500,2,4650,7.255633136082906e-06,3.8787366065662354e-05
sin_low,500,2,4700,7.394372005364858e-06,3.7958856410114095e-05
sin_low,500,2,4750,1.4449503396463115e-05,5.201737803872675e-05
sin_low,500,2,4800,7.320693384826882e-06,3.7699795939261094e-05
sin_low,500,2,4850,7.130011454137275e-06,3.832488800981082e-05
sin_low,500,2,4900,7.097476100170752e-06,3.815278614638373e-05
sin_low,500,2,4950,7.066608759487281e-06,3.808231122093275e-05
sin_low,500,2,5000,4.4427462853491306e-05,9.036876872414723e-05
sin_low,500,3,0,0.5312396287918091,0.508353054523468
sin_low,500,3,50,0.3177639842033386,0.34824138879776
sin_low,500,3,100,0.22236673533916473,0.24443934857845306
sin_low,500,3,150,0.1355651617050171,0.15008600056171417
sin_low,500,3,200,0.07624619454145432,0.08630593121051788
sin_low,500,3,250,0.04220324382185936,0.049680497497320175
sin_low,500,3,300,0.02424255572259426,0.02964385598897934
sin_low,500,3,350,0.015027579851448536,0.018773507326841354
sin_low,500,3,400,0.009949984028935432,0.012553772889077663
sin_low,500,3,450,0.006839430890977383,0.008633207529783249
sin_low,500,3,500,0.004820072557777166,0.006097189150750637
sin_low,500,3,550,0.00344280106946826,0.00438188761472702
sin_low,500,3,600,0.0025072109419852495,0.0032311570830643177
sin_low,500,3,650,0.0018372945487499237,0.0024195408914238214
sin_low,500,3,700,0.001362515613436699,0.0018296748166903853
sin_low,500,3,750,0.0010149141307920218,0.0013931326102465391
sin_low,500,3,800,0.0007674527005292475,0.0010716937249526381
sin_low,500,3,850,0.0005922392010688782,0.0008343068766407669
sin_low,500,3,900,0.0004651646304409951,0.0006581082125194371
sin_low,500,3,950,0.00037244564737193286,0.0005293019348755479
sin_low,500,3,1000,0.00030358126969076693,0.00043197564082220197
sin_low,500,3,1050,0.00025146978441625834,0.00035848194966092706
sin_low,500,3,1100,0.0002108246844727546,0.0002995857212226838
sin_low,500,3,1150,0.00017966656014323235,0.0002551885845605284
sin_low,500,3,1200,0.00015519595763180405,0.00021912873489782214
sin_low,500,3,1250,0.0001353298284811899,0.0001891551655717194
sin_low,500,3,1300,0.00011826883564935997,0.00016380329907406121
sin_low,500,3,1350,0.00010291049693478271,0.0001412213168805465
sin_low,500,3,1400,8.961041021393612e-05,0.000122477940749377
sin_low,500,3,1450,7.748149801045656e-05,0.00010630609904183075
sin_low,500,3,1500,6.674748874502257e-05,9.244861576007679e-05
sin_low,500,3,1550,5.862987018190324e-05,8.100661216303706e-05
sin_low,500,3,1600,5.5106829677242786e-05,7.840430043870583e-05
sin_low,500,3,1650,4.756362977786921e-05,6.54538453090936e-05
sin_low,500,3,1700,5.062708441982977e-05,7.124182593543082e-05
sin_low,500,3,1750,3.962303526350297e-05,5.359375063562766e-05
sin_low,500,3,1800,5.110639176564291e-05,6.98395524523221e-05
sin_low,500,3,1850,3.55410338670481e-05,4.597189763444476e-05
sin_low,500,3,1900,3.068164369324222e-05,4.2515162931522354e-05
sin_low,500,3,1950,6.361398118315265e-05,8.008085569599643e-05
sin_low,500,3,2000,2.7802734621218406e-05,3.751953045139089e-05
sin_low,500,3,2050,2.5110393835348077e-05,3.553541318979114e-05
sin_low,500,3,2100,0.00024514656979590654,0.0002582159359008074
sin_low,500,3,2150,2.3855327526689507e-05,3.3015247026924044e-05
sin_low,500,3,2200,2.18273198697716e-05,3.172455035382882e-05
sin_low,500,3,2250,2.0994630176573992e-05,3.058394941035658e-05
sin_low,500,3,2300,0.00031252397457137704,0.00031807960476726294
sin_low,500,3,2350,2.2301826902548783e-05,3.209081114619039e-05
sin_low,500,3,2400,1.9214576241211034e-05,2.8150752768851817e-05
sin_low,500,3,2450,1.8717566490522586e-05,2.7535046683624387e-05
sin_low,500,3,2500,1.828694985306356e-05,2.6951120162266307e-05
sin_low,500,3,2550,4.17385708715301e-05,5.0133192416979e-05
sin_low,500,3,2600,1.7792161088436842e-05,2.609987132018432e-05
sin_low,500,3,2650,1.728944516798947e-05,2.5548384655849077e-05
sin_low,500,3,2700,1.7001095329760574e-05,2.5132923838100396e-05
sin_low,500,3,2750,1.672485814196989e-05,2.471942934789695e-05
sin_low,500,3,2800,9.526762733003125e-05,0.00010028506949311122
sin_low,500,3,2850,1.606359910510946e-05,2.3422428057529032e-05
sin_low,500,3,2900,1.578119190526195e-05,2.300651067344006e-05
sin_low,500,3,2950,1.551422792545054e-05,2.2617135982727632e-05
sin_low,500,3,3000,1.526036430732347e-05,2.2245831132750027e-05
sin_low,500,3,3050,2.954473347926978e-05,3.5825432860292494e-05
sin_low,500,3,3100,1.4823642231931444e-05,2.1643614672939293e-05
sin_low,500,3,3150,1.4539465155394282e-05,2.1275385734043084e-05
sin_low,500,3,3200,1.432895351172192e-05,2.0986659365007654e-05
sin_low,500,3,3250,1.4130854651739355e-05,2.071090966637712e-05
sin_low,500,3,3300,1.3940170902060345e-05,2.0448842406040058e-05
sin_low,500,3,3350,8.374465687666088e-05,8.632752724224702e-05
sin_low,500,3,3400,1.454267021472333e-05,2.0833840608247556e-05
sin_low,500,3,3450,1.3459454748954158e-05,1.9802344468189403e-05
sin_low,500,3,3500,1.329954648099374e-05,1.958708162419498e-05
sin_low,500,3,3550,1.3152193787391298e-05,1.9392773538129404e-05
sin_low,500,3,3600,1.3007233064854518e-05,1.9199324015062302e-05
sin_low,500,3,3650,2.6705965865403414e-05,3.2611216738587245e-05
sin_low,500,3,3700,1.3690580999536905e-05,1.9980121578555554e-05
sin_low,500,3,3750,1.2449063433450647e-05,1.8668350094230846e-05
sin_low,500,3,3800,1.2287343452044297e-05,1.8467431800672784e-05
sin_low,500,3,3850,1.2143116691731848e-05,1.8296173948328942e-05
sin_low,500,3,3900,1.202050316351233e-05,1.812636219256092e-05
sin_low,500,3,3950,1.3375089110923e-05,1.9581118976930156e-05
sin_low,500,3,4000,1.1758288565033581e-05,1.781329592631664e-05
sin_low,500,3,4050,1.1623949831118807e-05,1.7670061424723826e-05
sin_low,500,3,4100,1.1499114407342859e-05,1.7527223462820984e-05
sin_low,500,3,4150,1.1376638212823309e-05,1.7386793842888437e-05
sin_low,500,3,4200,1.1247670045122504e-05,1.722970773698762e-05
sin_low,500,3,4250,0.00017656187992542982,0.00017768831457942724
sin_low,500,3,4300,1.1031542271666694e-05,1.6948350094025955e-05
sin_low,500,3,4350,1.0915247912635095e-05,1.6839117961353622e-05
sin_low,500,3,4400,1.0806993486767169e-05,1.67152702488238e-05
sin_low,500,3,4450,1.0700628081394825e-05,1.659166082390584e-05
sin_low,500,3,4500,1.6819440133986063e-05,2.169147592212539e-05
sin_low,500,3,4550,2.1092319002491422e-05,2.734748341026716e-05
sin_low,500,3,4600,1.0414437383587938e-05,1.6288615370285697e-05
sin_low,500,3,4650,1.0316381121810991e-05,1.6163656255230308e-05
sin_low,500,3,4700,1.0222335731668863e-05,1.6059790141298436e-05
sin_low,500,3,4750,1.0130748705705628e-05,1.5941839592414908e-05
sin_low,500,3,4800,1.7939735698746517e-05,2.416059942333959e-05
sin_low,500,3,4850,9.9610369943548e-06,1.5764393538120203e-05
sin_low,500,3,4900,9.878184755507391e-06,1.5665895261918195e-05
sin_low,500,3,4950,9.793310709937941e-06,1.559105839987751e-05
sin_low,500,3,5000,9.711511665955186e-06,1.5501538655371405e-05
sin_low,500,4,0,0.36623939871788025,0.4486336410045624
sin_low,500,4,50,0.2373557984828949,0.3606377840042114
sin_low,500,4,100,0.15745052695274353,0.25387507677078247
sin_low,500,4,150,0.09811416268348694,0.1654340624809265
sin_low,500,4,200,0.060487158596515656,0.10370779037475586
sin_low,500,4,250,0.03629853576421738,0.06097452715039253
sin_low,500,4,300,0.021564746275544167,0.03626447170972824
sin_low,500,4,350,0.013069793581962585,0.02176818810403347
sin_low,500,4,400,0.008449479937553406,0.013161697424948215
sin_low,500,4,450,0.005704237148165703,0.00819943193346262
sin_low,500,4,500,0.0038194553926587105,0.005283900070935488
sin_low,500,4,550,0.00256555643863976,0.0035854403395205736
sin_low,500,4,600,0.0017628708155825734,0.0026233000680804253
sin_low,500,4,650,0.0012526374775916338,0.0021286774426698685
sin_low,500,4,700,0.0009370598127134144,0.0018873802619054914
sin_low,500,4,750,0.0007284991443157196,0.00174467742908746
sin_low,500,4,800,0.0005858988733962178,0.001664391835220158
sin_low,500,4,850,0.0004864867660216987,0.001630815677344799
sin_low,500,4,900,0.00041477655759081244,0.0016307096229866147
sin_low,500,4,950,0.0003644174139481038,0.0016689309850335121
sin_low,500,4,1000,0.0003292845794931054,0.0017270520329475403
sin_low,500,4,1050,0.0003031279193237424,0.001757545513100922
sin_low,500,4,1100,0.0002778887574095279,0.00179056148044765
sin_low,500,4,1150,0.0002710336120799184,0.0017905095592141151
sin_low,500,4,1200,0.0002468300226610154,0.0018678196938708425
sin_low,500,4,1250,0.0003331897605676204,0.0018353658961132169
sin_low,500,4,1300,0.00023142840655054897,0.0019538025371730328
sin_low,500,4,1350,0.00022248527966439724,0.0019529126584529877
sin_low,500,4,1400,0.00021710392320528626,0.0019655670039355755
sin_low,500,4,1450,0.00022897332382854074,0.0020780107006430626
sin_low,500,4,1500,0.00020809269335586578,0.002013356890529394
sin_low,500,4,1550,0.00020433786266949028,0.0020229406654834747
sin_low,500,4,1600,0.0002019031235249713,0.002052925992757082
sin_low,500,4,1650,0.00019807011994998902,0.002041526371613145
sin_low,500,4,1700,0.00019528887060005218,0.002045541303232312
sin_low,500,4,1750,0.00019255552615504712,0.002052374416962266
sin_low,500,4,1800,0.00018988239753525704,0.0020527781452983618
sin_low,500,4,1850,0.000215990497963503,0.0021755951456725597
sin_low,500,4,1900,0.00018668366828933358,0.0020316101144999266
sin_low,500,4,1950,0.00018236991309095174,0.0020517369266599417
sin_low,500,4,2000,0.00018024172459263355,0.0020601192954927683
sin_low,500,4,2050,0.00017766172823030502,0.002048515947535634
sin_low,500,4,2100,0.00017539395776111633,0.0020448295399546623
sin_low,500,4,2150,0.00017304446373600513,0.002033452969044447
sin_low,500,4,2200,0.00017089616449084133,0.0020360962953418493
sin_low,500,4,2250,0.00017677988216746598,0.001974397571757436
sin_low,500,4,2300,0.00016661010158713907,0.002019363222643733
sin_low,500,4,2350,0.00016431241238024086,0.0020030613522976637
sin_low,500,4,2400,0.00016218158998526633,0.0019954119343310595
sin_low,500,4,2450,0.0002113829687004909,0.002158526564016938
sin_low,500,4,2500,0.00015809219621587545,0.001978605752810836
sin_low,500,4,2550,0.00015603238716721535,0.001962397713214159
sin_low,500,4,2600,0.00015398170216940343,0.0019548486452549696
sin_low,500,4,2650,0.000343356397934258,0.0023636510595679283
sin_low,500,4,2700,0.0001512274902779609,0.0019149059662595391
sin_low,500,4,2750,0.00014808947162237018,0.0019196392968297005
sin_low,500,4,2800,0.00014609424397349358,0.001912773004733026
sin_low,500,4,2850,0.0003416108957026154,0.0018459371058270335
sin_low,500,4,2900,0.0001436142629245296,0.0019097431795671582
sin_low,500,4,2950,0.00014040287351235747,0.0018783569103106856
sin_low,500,4,3000,0.00013851383118890226,0.0018668678821995854
sin_low,500,4,3050,0.00024140595633070916,0.0021219425834715366
sin_low,500,4,3100,0.00013490713899955153,0.0018470812356099486
sin_low,500,4,3150,0.00013307643530424684,0.0018310266314074397
sin_low,500,4,3200,0.00013126265548635274,0.001819669152610004
sin_low,500,4,3250,0.00022981960501056165,0.0017394083552062511
sin_low,500,4,3300,0.00012989970855414867,0.0018205278320237994
sin_low,500,4,3350,0.00012598145985975862,0.0017841507215052843
sin_low,500,4,3400,0.0001242437429027632,0.001772300573065877
sin_low,500,4,3450,0.00012594484724104404,0.001793067785911262
sin_low,500,4,3500,0.0001233395596500486,0.0017756238812580705
sin_low,500,4,3550,0.00011928799358429387,0.0017334027215838432
sin_low,500,4,3600,0.00011752998398151249,0.0017269848613068461
sin_low,500,4,3650,0.00011590170470299199,0.0017136532114818692
sin_low,500,4,3700,0.00013509859854821116,0.0017939141253009439
sin_low,500,4,3750,0.00011291426926618442,0.0017028028378263116
sin_low,500,4,3800,0.00011109977640444413,0.0016842253971844912
sin_low,500,4,3850,0.00010953319724649191,0.001673256978392601
sin_low,500,4,3900,0.00010797785216709599,0.001661445014178753
sin_low,500,4,3950,0.00010673345968825743,0.0016473389696329832
sin_low,500,4,4000,0.00010493442096048966,0.001646599848754704
sin_low,500,4,4050,0.00010341333108954132,0.0016370413359254599
sin_low,500,4,4100,0.00014778634067624807,0.0015651105204597116
sin_low,500,4,4150,0.00010110971197718754,0.0016060033813118935
sin_low,500,4,4200,9.90529078990221e-05,0.0016079311026260257
sin_low,500,4,4250,9.760927787283435e-05,0.0015994318528100848
sin_low,500,4,4300,0.00010827438381966203,0.0016529670683667064
sin_low,500,4,4350,9.939618030330166e-05,0.0016153028700500727
sin_low,500,4,4400,9.346943988930434e-05,0.0015763710252940655
sin_low,500,4,4450,9.202105138683692e-05,0.0015635949093848467
sin_low,500,4,4500,9.063552715815604e-05,0.0015549770323559642
sin_low,500,4,4550,9.018868149723858e-05,0.0015609186375513673
sin_low,500,4,4600,0.00011665485362755135,0.0016367712523788214
sin_low,500,4,4650,8.687153604114428e-05,0.0015226638643071055
sin_low,500,4,4700,8.541732677258551e-05,0.0015205987729132175
sin_low,500,4,4750,8.414098556386307e-05,0.0015131521504372358
sin_low,500,4,4800,8.286226511700079e-05,0.001505344989709556
sin_low,500,4,4850,8.158162381732836e-05,0.001497396850027144
sin_low,500,4,4900,8.030110620893538e-05,0.001490378170274198
sin_low,500,4,4950,0.00012154033174738288,0.0016071244608610868
sin_low,500,4,5000,7.812054536771029e-05,0.0014659224543720484
sin_low,1000,0,0,0.6197841763496399,0.5835642218589783
sin_low,1000,0,50,0.2608616054058075,0.2937476933002472
sin_low,1000,0,100,0.14089523255825043,0.15752694010734558
sin_low,1000,0,150,0.05925004184246063,0.06539430469274521
sin_low,1000,0,200,0.02099626511335373,0.022826092317700386
sin_low,1000,0,250,0.008180689997971058,0.008811336942017078
sin_low,1000,0,300,0.004433613736182451,0.00488006928935647
sin_low,1000,0,350,0.0030181705951690674,0.0034009891096502542
sin_low,1000,0,400,0.0021920206490904093,0.0024798971135169268
sin_low,1000,0,450,0.0016298075206577778,0.0018674557795748115
sin_low,1000,0,500,0.0012570854742079973,0.0014576625544577837
sin_low,1000,0,550,0.0009951024549081922,0.0011577445548027754
sin_low,1000,0,600,0.0007829393143765628,0.0009238886996172369
sin_low,1000,0,650,0.0006659053033217788,0.0007820538012310863
sin_low,1000,0,700,0.0005857531796209514,0.0006851544603705406
sin_low,1000,0,750,0.0005261324695311487,0.0006147099775262177
sin_low,1000,0,800,0.00048041853005997837,0.0005609425134025514
sin_low,1000,0,850,0.0004441513738129288,0.0005184742622077465
sin_low,1000,0,900,0.0004142511170357466,0.0004842441121581942
sin_low,1000,0,950,0.0003889128565788269,0.00045580515870824456
sin_low,1000,0,1000,0.00036720032221637666,0.0004316946433391422
sin_low,1000,0,1050,0.00034840538864955306,0.0004112249589525163
sin_low,1000,0,1100,0.0003315821522846818,0.00039340509101748466
sin_low,1000,0,1150,0.0003161160566378385,0.0003774582874029875
sin_low,1000,0,1200,0.00030172980041243136,0.00036313143209554255
sin_low,1000,0,1250,0.0002882777771446854,0.0003502649487927556
sin_low,1000,0,1300,0.00027561766910366714,0.0003386660246178508
sin_low,1000,0,1350,0.0002637237193994224,0.0003276722563896328
sin_low,1000,0,1400,0.00025259461835958064,0.000317038269713521
sin_low,1000,0,1450,0.0002419308148091659,0.0003069780650548637
sin_low,1000,0,1500,0.00023176454124040902,0.0002976346586365253
sin_low,1000,0,1550,0.00022202976106200367,0.00028848607325926423
sin_low,1000,0,1600,0.0002129430213244632,0.0002800157235469669
sin_low,1000,0,1650,0.000204238502192311,0.00027204773505218327
sin_low,1000,0,1700,0.00019574860925786197,0.0002640053862705827
sin_low,1000,0,1750,0.0001876872411230579,0.00025689712492749095
sin_low,1000,0,1800,0.00021073869720567018,0.00027425368898548186
sin_low,1000,0,1850,0.00017414808098692447,0.0002455114445183426
sin_low,1000,0,1900,0.00018302527314517647,0.00025806433404795825
sin_low,1000,0,1950,0.0001682665606494993,0.00024216777819674462
sin_low,1000,0,2000,0.0001642873539822176,0.00023100800171960145
sin_low,1000,0,2050,0.00017120844859164208,0.00023564544972032309
sin_low,1000,0,2100,0.00014578057744074613,0.00021591861150227487
sin_low,1000,0,2150,0.0001422224595444277,0.00021112871763762087
sin_low,1000,0,2200,0.00013996832421980798,0.00020764545479323715
sin_low,1000,0,2250,0.0001312511449214071,0.00020241510355845094
sin_low,1000,0,2300,0.00014709543029312044,0.00021082015882711858
sin_low,1000,0,2350,0.0001388994714943692,0.0002161645534215495
sin_low,1000,0,2400,0.00011964697478106245,0.00019175626221112907
sin_low,1000,0,2450,0.00011600818834267557,0.00018808800086844712
sin_low,1000,0,2500,0.00013265502639114857,0.0001970641314983368
sin_low,1000,0,2550,0.00011050637840526178,0.00018466991605237126
sin_low,1000,0,2600,0.00010645775182638317,0.00017941193073056638
sin_low,1000,0,2650,0.00010361768363509327,0.00017691744142211974
sin_low,1000,0,2700,0.00017747009405866265,0.0002345027751289308
sin_low,1000,0,2750,9.892644447972998e-05,0.000171363222762011
sin_low,1000,0,2800,9.619924094295129e-05,0.00016984647663775831
sin_low,1000,0,2850,9.392754873260856e-05,0.00016803668404463679
sin_low,1000,0,2900,0.002185072051361203,0.0023281900212168694
sin_low,1000,0,2950,9.025516919791698e-05,0.00016345185576938093
sin_low,1000,0,3000,8.805964171187952e-05,0.0001631352206459269
sin_low,1000,0,3050,8.622659515822306e-05,0.00016108791169244796
sin_low,1000,0,3100,8.452944166492671e-05,0.00015949590306263417
sin_low,1000,0,3150,0.0010752631351351738,0.0010781977325677872
sin_low,1000,0,3200,8.64158573676832e-05,0.0001568493462400511
sin_low,1000,0,3250,8.018440712476149e-05,0.00015533051919192076
sin_low,1000,0,3300,7.88600736996159e-05,0.00015409970364999026
sin_low,1000,0,3350,7.756747072562575e-05,0.0001527446584077552
sin_low,1000,0,3400,7.630410982528701e-05,0.0001513758033979684
sin_low,1000,0,3450,0.0026921320240944624,0.0028524533845484257
sin_low,1000,0,3500,7.448330143233761e-05,0.00014774719602428377
sin_low,1000,0,3550,7.297901902347803e-05,0.00014812589506618679
sin_low,1000,0,3600,7.186338916653767e-05,0.00014639079745393246
sin_low,1000,0,3650,7.08356310497038e-05,0.00014526111772283912
sin_low,1000,0,3700,6.984121137065813e-05,0.00014397721679415554
sin_low,1000,0,3750,6.895194383105263e-05,0.00014262126933317631
sin_low,1000,0,3800,6.803178985137492e-05,0.00014197624113876373
sin_low,1000,0,3850,6.715954805258662e-05,0.0001408872049069032
sin_low,1000,0,3900,6.628811388509348e-05,0.0001400490727974102
sin_low,1000,0,3950,6.544151983689517e-05,0.00013902410864830017
sin_low,1000,0,4000,8.086049638222903e-05,0.00014552962966263294
sin_low,1000,0,4050,7.151071622502059e-05,0.00015008599439170212
sin_low,1000,0,4100,6.314977508736774e-05,0.00013561511877924204
sin_low,1000,0,4150,6.237001798581332e-05,0.00013501560897566378
sin_low,1000,0,4200,6.163030775496736e-05,0.00013399134331848472
sin_low,1000,0,4250,6.089296948630363e-05,0.00013299573038239032
sin_low,1000,0,4300,0.003157753497362137,0.0033125407062470913
sin_low,1000,0,4350,8.271888509625569e-05,0.00014471141912508756
sin_low,1000,0,4400,5.891465116292238e-05,0.00013066467363387346
sin_low,1000,0,4450,5.81722088099923e-05,0.00012917585263494402
sin_low,1000,0,4500,5.751747085014358e-05,0.0001281928562093526
sin_low,1000,0,4550,5.68648029002361e-05,0.0001272613590117544
sin_low,1000,0,4600,5.621218588203192e-05,0.0001263237209059298
sin_low,1000,0,4650,5.556879114010371e-05,0.00012521035387180746
sin_low,1000,0,4700,0.0002884352579712868,0.00038447906263172626
sin_low,1000,0,4750,5.528005203814246e-05,0.00012265756959095597
sin_low,1000,0,4800,5.3775271226186305e-05,0.00012286451237741858
sin_low,1000,0,4850,5.316905662766658e-05,0.00012178853648947552
sin_low,1000,0,4900,5.258465535007417e-05,0.00012093094119336456
sin_low,1000,0,4950,0.0007092660525813699,0.0008189143845811486
sin_low,1000,0,5000,5.1857390644727275e-05,0.00012054647959303111
sin_low,1000,1,0,0.6112922430038452,0.700061023235321
sin_low,1000,1,50,0.27071449160575867,0.27398762106895447
sin_low,1000,1,100,0.131606787443161,0.1354542374610901
sin_low,1000,1,150,0.0468917042016983,0.05274469405412674
sin_low,1000,1,200,0.015234014950692654,0.019499901682138443
sin_low,1000,1,250,0.006225406192243099,0.009069127961993217
sin_low,1000,1,300,0.0035642962902784348,0.005611590575426817
sin_low,1000,1,350,0.0023347085807472467,0.003944883588701487
sin_low,1000,1,400,0.0016882637282833457,0.0030567245557904243
sin_low,1000,1,450,0.0012875295942649245,0.0025050451513379812
sin_low,1000,1,500,0.0010103513486683369,0.0020959549583494663
sin_low,1000,1,550,0.0008251955732703209,0.0017980546690523624
sin_low,1000,1,600,0.0006936778081580997,0.0015597727615386248
sin_low,1000,1,650,0.0005909346509724855,0.001348959980532527
sin_low,1000,1,700,0.0005117594846524298,0.0011715091532096267
sin_low,1000,1,750,0.0004508549754973501,0.0010386309586465359
sin_low,1000,1,800,0.0004010744160041213,0.0009339963435195386
sin_low,1000,1,850,0.0003595896705519408,0.0008534856024198234
sin_low,1000,1,900,0.0003242294187657535,0.0007885182276368141
sin_low,1000,1,950,0.00029378876206465065,0.0007368765654973686
sin_low,1000,1,1000,0.0002677275624591857,0.0006948408554308116
sin_low,1000,1,1050,0.00024564735940657556,0.0006613906007260084
sin_low,1000,1,1100,0.00022692742641083896,0.0006322782137431204
sin_low,1000,1,1150,0.0002060971164610237,0.000592250726185739
sin_low,1000,1,1200,0.00019217822409700602,0.0005725015653297305
sin_low,1000,1,1250,0.00018017647380474955,0.0005538646364584565
sin_low,1000,1,1300,0.00016965161194093525,0.000537443847861141
sin_low,1000,1,1350,0.00016034413420129567,0.0005229572998359799
sin_low,1000,1,1400,0.0001520549412816763,0.0005096574313938618
sin_low,1000,1,1450,0.0001445603120373562,0.0004974069888703525
sin_low,1000,1,1500,0.00013769377255812287,0.000486052711494267
sin_low,1000,1,1550,0.00013138707436155528,0.00047543359687551856
sin_low,1000,1,1600,0.0001255257084267214,0.00046527679660357535
sin_low,1000,1,1650,0.0001200568294734694,0.0004556777130346745
sin_low,1000,1,1700,0.00017272483091801405,0.0005308834370225668
sin_low,1000,1,1750,0.00011423161049606279,0.0004369619127828628
sin_low,1000,1,1800,0.00010685098823159933,0.00043083663331344724
sin_low,1000,1,1850,0.00010305796604370698,0.00042342490633018315
sin_low,1000,1,1900,9.955818677553907e-05,0.00041569230961613357
sin_low,1000,1,1950,0.00012981017061974853,0.0004312759847380221
sin_low,1000,1,2000,9.330979082733393e-05,0.00040567401447333395
sin_low,1000,1,2050,9.000238787848502e-05,0.00039825416752137244
sin_low,1000,1,2100,8.709680696483701e-05,0.00039291431312449276
sin_low,1000,1,2150,8.428272849414498e-05,0.0003875488764606416
sin_low,1000,1,2200,0.0002939680125564337,0.0005708729149773717
sin_low,1000,1,2250,7.979023939697072e-05,0.0003772632626350969
sin_low,1000,1,2300,7.688174810027704e-05,0.00037408119533210993
sin_low,1000,1,2350,7.458187610609457e-05,0.0003702617541421205
sin_low,1000,1,2400,7.235930388560519e-05,0.0003663805837277323
sin_low,1000,1,2450,0.00013062152720522135,0.00040738529060035944
sin_low,1000,1,2500,9.5866467745509e-05,0.00037517223972827196
sin_low,1000,1,2550,6.655670586042106e-05,0.00035746837966144085
sin_low,1000,1,2600,6.461561861215159e-05,0.00035359367029741406
sin_low,1000,1,2650,6.286900315899402e-05,0.00035076041240245104
sin_low,1000,1,2700,6.117860903032124e-05,0.0003481568128336221
sin_low,1000,1,2750,0.000489027879666537,0.0007431457052007318
sin_low,1000,1,2800,6.342170672724023e-05,0.00034303939901292324
sin_low,1000,1,2850,5.673073246725835e-05,0.00034190050791949034
sin_low,1000,1,2900,5.536349999601953e-05,0.0003398488333914429
sin_low,1000,1,2950,5.4044554417487234e-05,0.0003380780399311334
sin_low,1000,1,3000,5.2792001952184364e-05,0.0003360470582265407
sin_low,1000,1,3050,6.195557944010943e-05,0.000354256946593523
sin_low,1000,1,3100,5.134880120749585e-05,0.0003318206872791052
sin_low,1000,1,3150,4.939544669468887e-05,0.00033216108568012714
sin_low,1000,1,3200,4.831680053030141e-05,0.0003311038308311254
sin_low,1000,1,3250,4.7276254917960614e-05,0.00032995195942930877
sin_low,1000,1,3300,8.604676986578852e-05,0.0003888528444804251
sin_low,1000,1,3350,4.58347967651207e-05,0.0003260392986703664
sin_low,1000,1,3400,4.4624706788454205e-05,0.0003271487366873771
sin_low,1000,1,3450,4.3810519855469465e-05,0.00032614325755275786
sin_low,1000,1,3500,4.3032177927671e-05,0.00032531144097447395
sin_low,1000,1,3550,4.227654790156521e-05,0.00032453841413371265
sin_low,1000,1,3600,5.29757235199213e-05,0.0003458817081991583
sin_low,1000,1,3650,4.462885408429429e-05,0.00033292867010459304
sin_low,1000,1,3700,4.0319482650374994e-05,0.0003222119703423232
sin_low,1000,1,3750,3.968974488088861e-05,0.0003220164799131453
sin_low,1000,1,3800,3.9087532059056684e-05,0.00032138670212589204
sin_low,1000,1,3850,3.85054518119432e-05,0.0003204926906619221
sin_low,1000,1,3900,0.00018506265769246966,0.000435078953159973
sin_low,1000,1,3950,3.837790427496657e-05,0.00032359297620132565
sin_low,1000,1,4000,3.69760200555902e-05,0.0003193079028278589
sin_low,1000,1,4050,3.649171412689611e-05,0.000318611302645877
sin_low,1000,1,4100,3.602269498514943e-05,0.00031813676469027996
sin_low,1000,1,4150,3.556357842171565e-05,0.0003177765756845474
sin_low,1000,1,4200,0.00013978438801132143,0.0003922500181943178
sin_low,1000,1,4250,3.573850335669704e-05,0.0003212418232578784
sin_low,1000,1,4300,3.4367705666227266e-05,0.0003164066874887794
sin_low,1000,1,4350,3.398007538635284e-05,0.00031645307899452746
sin_low,1000,1,4400,3.3602442272240296e-05,0.00031621515518054366
sin_low,1000,1,4450,3.322937845950946e-05,0.0003159708285238594
sin_low,1000,1,4500,3.286055289208889e-05,0.0003157518513035029
sin_low,1000,1,4550,3.24962820741348e-05,0.00031560653587803245
sin_low,1000,1,4600,0.00021292651945259422,0.00045633400441147387
sin_low,1000,1,4650,3.199336424586363e-05,0.00031379552092403173
sin_low,1000,1,4700,3.161280255881138e-05,0.0003147500683553517
sin_low,1000,1,4750,3.1327384931501e-05,0.0003148695395793766
sin_low,1000,1,4800,3.104809729848057e-05,0.00031482402118854225
sin_low,1000,1,4850,3.077127257711254e-05,0.00031468027736991644
sin_low,1000,1,4900,3.0496286854031496e-05,0.00031450612004846334
sin_low,1000,1,4950,3.0223591238609515e-05,0.0003143336798530072
sin_low,1000,1,5000,0.0006231850711628795,0.0010314271785318851
sin_low,1000,2,0,0.5316243767738342,0.6608672738075256
sin_low,1000,2,50,0.25080111622810364,0.2698749899864197
sin_low,1000,2,100,0.11764158308506012,0.13645817339420319
sin_low,1000,2,150,0.047804124653339386,0.06459102034568787
sin_low,1000,2,200,0.02148348279297352,0.032305944710969925
sin_low,1000,2,250,0.01199488714337349,0.018177175894379616
sin_low,1000,2,300,0.007342528086155653,0.010890180245041847
sin_low,1000,2,350,0.004694073460996151,0.006937583442777395
sin_low,1000,2,400,0.0032461429946124554,0.004782483447343111
sin_low,1000,2,450,0.0023256144486367702,0.0033889717888087034
sin_low,1000,2,500,0.0016749949427321553,0.00243573565967381
sin_low,1000,2,550,0.0012126581277698278,0.0017914765048772097
sin_low,1000,2,600,0.0008819366339594126,0.0013767333002761006
sin_low,1000,2,650,0.000661637110169977,0.0010878036264330149
sin_low,1000,2,700,0.0005272183334454894,0.0009062102762982249
sin_low,1000,2,750,0.00043166763498447835,0.0007896690513007343
sin_low,1000,2,800,0.00036289935815148056,0.0007070497376844287
sin_low,1000,2,850,0.0003133329446427524,0.0006484750774689019
sin_low,1000,2,900,0.0002779178030323237,0.0006059419247321784
sin_low,1000,2,950,0.00025182272656820714,0.0005720826447941363
sin_low,1000,2,1000,0.00023134174989536405,0.0005446820287033916
sin_low,1000,2,1050,0.00021571836259681731,0.0005225620698183775
sin_low,1000,2,1100,0.00020270206732675433,0.0005048035527579486
sin_low,1000,2,1150,0.00019255447841715068,0.00048415246419608593
sin_low,1000,2,1200,0.00019500609778333455,0.0005120853311382234
sin_low,1000,2,1250,0.0001706112816464156,0.0004590095777530223
sin_low,1000,2,1300,0.00021392133203335106,0.00045396105269901454
sin_low,1000,2,1350,0.0001690169592620805,0.0004281004366930574
sin_low,1000,2,1400,0.00015162014460656792,0.00042802514508366585
sin_low,1000,2,1450,0.00015553759294562042,0.00044780041207559407
sin_low,1000,2,1500,0.00014487536100205034,0.0004249229677952826
sin_low,1000,2,1550,0.000137547220219858,0.00040552817517891526
sin_low,1000,2,1600,0.0001332766842097044,0.0003956125001423061
sin_low,1000,2,1650,0.0008503989665769041,0.0009798442479223013
sin_low,1000,2,1700,0.00013329129433259368,0.00037327493191696703
sin_low,1000,2,1750,0.00012252983287908137,0.0003771809278987348
sin_low,1000,2,1800,0.0001192473282571882,0.00036955694667994976
sin_low,1000,2,1850,0.00011612762318691239,0.0003637663903646171
sin_low,1000,2,1900,0.0007027774699963629,0.00111977884080261
sin_low,1000,2,1950,0.00012449170753825456,0.00038957674405537546
sin_low,1000,2,2000,0.00010783512698253617,0.00034930382389575243
sin_low,1000,2,2050,0.00010520331125007942,0.0003428571508266032
sin_low,1000,2,2100,0.00010271366772940382,0.000337937381118536
sin_low,1000,2,2150,0.00018098886357620358,0.0004706823092419654
sin_low,1000,2,2200,9.809428593143821e-05,0.00032923032995313406
sin_low,1000,2,2250,9.577713353792205e-05,0.0003259693621657789
sin_low,1000,2,2300,9.352234337711707e-05,0.0003215532924514264
sin_low,1000,2,2350,9.140623296843842e-05,0.00031708486494608223
sin_low,1000,2,2400,9.516348654869944e-05,0.0003343335120007396
sin_low,1000,2,2450,8.807166886981577e-05,0.00030814376077614725
sin_low,1000,2,2500,8.581809379393235e-05,0.00030825764406472445
sin_low,1000,2,2550,8.407421410083771e-05,0.0003048050857614726
sin_low,1000,2,2600,8.242262993007898e-05,0.00030148238874971867
sin_low,1000,2,2650,0.0004903195658698678,0.0008427780121564865
sin_low,1000,2,2700,8.209981024265289e-05,0.00028958090115338564
sin_low,1000,2,2750,7.807054498698562e-05,0.0002926973975263536
sin_low,1000,2,2800,7.672329229535535e-05,0.0002909853355959058
sin_low,1000,2,2850,7.542742969235405e-05,0.0002892131742555648
sin_low,1000,2,2900,0.0003722935216501355,0.0005059611867181957
sin_low,1000,2,2950,7.345729682128876e-05,0.00028238704544492066
sin_low,1000,2,3000,7.202332926681265e-05,0.0002826173440553248
sin_low,1000,2,3050,7.091748557286337e-05,0.0002818006614688784
sin_low,1000,2,3100,0.0001237517426488921,0.0003769777831621468
sin_low,1000,2,3150,7.84613803261891e-05,0.00027230088016949594
sin_low,1000,2,3200,6.807340832892805e-05,0.0002794924075715244
sin_low,1000,2,3250,6.700578524032608e-05,0.00027612491976469755
sin_low,1000,2,3300,6.607824616366997e-05,0.0002749999694060534
sin_low,1000,2,3350,6.544879579450935e-05,0.0002767940750345588
sin_low,1000,2,3400,0.0001404584909323603,0.0003056869318243116
sin_low,1000,2,3450,6.376460805768147e-05,0.0002740363124758005
sin_low,1000,2,3500,6.26725668553263e-05,0.0002696473093237728
sin_low,1000,2,3550,6.186868995428085e-05,0.000268887379206717
sin_low,1000,2,3600,6.145050429040566e-05,0.00026503120898269117
sin_low,1000,2,3650,6.124727224232629e-05,0.0002726605162024498
sin_low,1000,2,3700,5.973987208562903e-05,0.0002640862949192524
sin_low,1000,2,3750,5.8888217608910054e-05,0.0002647430228535086
sin_low,1000,2,3800,5.8172361605102196e-05,0.00026409965357743204
sin_low,1000,2,3850,0.002160145901143551,0.0022480282932519913
sin_low,1000,2,3900,5.980639616609551e-05,0.0002744579396676272
sin_low,1000,2,3950,5.620570300379768e-05,0.00026154282386414707
sin_low,1000,2,4000,5.557518670684658e-05,0.0002607928472571075
sin_low,1000,2,4050,5.4952608479652554e-05,0.00025989438290707767
sin_low,1000,2,4100,5.4591309890383855e-05,0.00026262429310008883
sin_low,1000,2,4150,5.640097879222594e-05,0.0002694721333682537
sin_low,1000,2,4200,5.313752990332432e-05,0.00025695725344121456
sin_low,1000,2,4250,5.2523781050695106e-05,0.00025645652203820646
sin_low,1000,2,4300,5.2061473979847506e-05,0.0002572603989392519
sin_low,1000,2,4350,0.00013148185098543763,0.00038470252184197307
sin_low,1000,2,4400,5.104333467897959e-05,0.0002551480138208717
sin_low,1000,2,4450,5.050637628301047e-05,0.0002528116456232965
sin_low,1000,2,4500,4.999120574211702e-05,0.00025206388090737164
sin_low,1000,2,4550,5.548390981857665e-05,0.00026972562773153186
sin_low,1000,2,4600,9.160708577837795e-05,0.000327495887177065
sin_low,1000,2,4650,4.877375249634497e-05,0.00025149108842015266
sin_low,1000,2,4700,4.8134435928659514e-05,0.0002483081188984215
sin_low,1000,2,4750,4.770409213961102e-05,0.0002477036905474961
sin_low,1000,2,4800,5.212100950302556e-05,0.00026289912057109177
sin_low,1000,2,4850,5.2844912715954706e-05,0.0002643366460688412
sin_low,1000,2,4900,4.650585105991922e-05,0.00024284629034809768
sin_low,1000,2,4950,4.5648230297956616e-05,0.00024434071383439004
sin_low,1000,2,5000,4.505711331148632e-05,0.00024318919167853892
sin_low,1000,3,0,0.5526448488235474,0.5487388968467712
sin_low,1000,3,50,0.2627990245819092,0.2854381203651428
sin_low,1000,3,100,0.13370928168296814,0.1460757702589035
sin_low,1000,3,150,0.05281762033700943,0.05873988941311836
sin_low,1000,3,200,0.01944589801132679,0.022269025444984436
sin_low,1000,3,250,0.008859687484800816,0.010047673247754574
sin_low,1000,3,300,0.005243241786956787,0.005786441732198
sin_low,1000,3,350,0.00330333411693573,0.003635696368291974
sin_low,1000,3,400,0.002095211064442992,0.0023536602966487408
sin_low,1000,3,450,0.0013572674943134189,0.0015598469180986285
sin_low,1000,3,500,0.000943747058045119,0.001169673865661025
sin_low,1000,3,550,0.0006445555482059717,0.0008114216616377234
sin_low,1000,3,600,0.0004744812031276524,0.0006393881049007177
sin_low,1000,3,650,0.00036659772740677,0.0005141120054759085
sin_low,1000,3,700,0.00030772111495025456,0.00042798908543772995
sin_low,1000,3,750,0.0002410210290690884,0.0003666552947834134
sin_low,1000,3,800,0.0002010941825574264,0.00031704767025075853
sin_low,1000,3,850,0.0001632457715459168,0.0002680219477042556
sin_low,1000,3,900,0.0008489338215440512,0.0008521368145011365
sin_low,1000,3,950,0.00012015292304567993,0.00020637402485590428
sin_low,1000,3,1000,0.00010516901966184378,0.00018775749776978046
sin_low,1000,3,1050,0.00023038026120048016,0.00029104348504915833
sin_low,1000,3,1100,8.721664926270023e-05,0.00015978205192368478
sin_low,1000,3,1150,7.868346438044682e-05,0.00014827285485807806
sin_low,1000,3,1200,8.089248149190098e-05,0.00014687038492411375
sin_low,1000,3,1250,6.818688416387886e-05,0.0001315523259108886
sin_low,1000,3,1300,6.405294698197395e-05,0.00012442623847164214
sin_low,1000,3,1350,6.028955976944417e-05,0.00011840898514492437
sin_low,1000,3,1400,0.00013384176418185234,0.00018078791617881507
sin_low,1000,3,1450,5.504923319676891e-05,0.0001096087580663152
sin_low,1000,3,1500,5.2884828619426116e-05,0.00010641363769536838
sin_low,1000,3,1550,5.097723624203354e-05,0.00010357933933846653
sin_low,1000,3,1600,4.9392878281651065e-05,0.0001009166007861495
sin_low,1000,3,1650,0.00012736860662698746,0.00018425787857268006
sin_low,1000,3,1700,4.7062912926776335e-05,9.601889905752614e-05
sin_low,1000,3,1750,4.5425731514114887e-05,9.471939847571775e-05
sin_low,1000,3,1800,4.4318523578112945e-05,9.297484939452261e-05
sin_low,1000,3,1850,4.7214485675795004e-05,9.244879038305953e-05
sin_low,1000,3,1900,5.782329390058294e-05,0.00011029078450519592
sin_low,1000,3,1950,4.168714804109186e-05,8.846126729622483e-05
sin_low,1000,3,2000,4.083270687260665e-05,8.763075311435387e-05
sin_low,1000,3,2050,4.006968083558604e-05,8.645955676911399e-05
sin_low,1000,3,2100,3.943430056096986e-05,8.504421566613019e-05
sin_low,1000,3,2150,4.246715980116278e-05,9.122624760493636e-05
sin_low,1000,3,2200,3.877337076119147e-05,8.550655911676586e-05
sin_low,1000,3,2250,3.755702346097678e-05,8.292446727864444e-05
sin_low,1000,3,2300,3.7022229662397876e-05,8.202274329960346e-05
sin_low,1000,3,2350,3.650353028206155e-05,8.126675675157458e-05
sin_low,1000,3,2400,0.0025716328527778387,0.0024426693562418222
sin_low,1000,3,2450,3.572112473193556e-05,7.92788778198883e-05
sin_low,1000,3,2500,3.518463927321136e-05,7.947943231556565e-05
sin_low,1000,3,2550,3.471818854450248e-05,7.856026786612347e-05
sin_low,1000,3,2600,3.428857962717302e-05,7.804363121977076e-05
sin_low,1000,3,2650,3.386675598449074e-05,7.749664655420929e-05
sin_low,1000,3,2700,0.0005072852945886552,0.0004985852865502238
sin_low,1000,3,2750,3.422687223064713e-05,7.551145972684026e-05
sin_low,1000,3,2800,3.2762953196652234e-05,7.585812272736803e-05
sin_low,1000,3,2850,3.2402367651229724e-05,7.563731196569279e-05
sin_low,1000,3,2900,3.207688860129565e-05,7.520473445765674e-05
sin_low,1000,3,2950,3.17558842652943e-05,7.484403613489121e-05
sin_low,1000,3,3000,0.00036723341327160597,0.0003676745982374996
sin_low,1000,3,3050,3.1594358006259426e-05,7.534033647971228e-05
sin_low,1000,3,3100,3.0405744837480597e-05,7.228347385535017e-05
sin_low,1000,3,3150,2.986975960084237e-05,7.13407716830261e-05
sin_low,1000,3,3200,2.934171243396122e-05,7.028912659734488e-05
sin_low,1000,3,3250,2.8821070372941904e-05,6.924723129486665e-05
sin_low,1000,3,3300,2.8724449293804355e-05,6.751296314178035e-05
sin_low,1000,3,3350,6.316608778433874e-05,9.1393398179207e-05
sin_low,1000,3,3400,2.8059199394192547e-05,6.83847683831118e-05
sin_low,1000,3,3450,2.722702811297495e-05,6.60970326862298e-05
sin_low,1000,3,3500,2.697842319321353e-05,6.568375829374418e-05
sin_low,1000,3,3550,2.673392191354651e-05,6.535698048537597e-05
sin_low,1000,3,3600,0.0026346915401518345,0.002504177624359727
sin_low,1000,3,3650,3.8698890421073884e-05,8.302423520945013e-05
sin_low,1000,3,3700,2.610693081805948e-05,6.472708628280088e-05
sin_low,1000,3,3750,2.587384733487852e-05,6.416261749109253e-05
sin_low,1000,3,3800,2.5659384846221656e-05,6.394238880602643e-05
sin_low,1000,3,3850,2.71638018602971e-05,6.298973312368616e-05
sin_low,1000,3,3900,6.738153751939535e-05,9.277736535295844e-05
sin_low,1000,3,3950,2.5136945623671636e-05,6.280699744820595e-05
sin_low,1000,3,4000,2.4884067897801287e-05,6.299301458057016e-05
sin_low,1000,3,4050,2.468995444360189e-05,6.26919063506648e-05
sin_low,1000,3,4100,2.451378350087907e-05,6.270999438129365e-05
sin_low,1000,3,4150,0.0001818886521505192,0.00023801292991265655
sin_low,1000,3,4200,2.5104800442932174e-05,6.104084604885429e-05
sin_low,1000,3,4250,2.39823402807815e-05,6.174683221615851e-05
sin_low,1000,3,4300,2.3805536329746246e-05,6.147265230538324e-05
sin_low,1000,3,4350,2.3631133444723673e-05,6.124432547949255e-05
sin_low,1000,3,4400,2.8450493118725717e-05,7.000811456236988e-05
sin_low,1000,3,4450,3.0063329177210107e-05,7.211478077806532e-05
sin_low,1000,3,4500,2.318245060450863e-05,6.0975344240432605e-05
sin_low,1000,3,4550,2.2995842300588265e-05,6.0421309171942994e-05
sin_low,1000,3,4600,2.2834890842204913e-05,6.0246195062063634e-05
sin_low,1000,3,4650,2.268585012643598e-05,5.9846417570952326e-05
sin_low,1000,3,4700,0.00020248565124347806,0.00020982987189199775
sin_low,1000,3,4750,2.274018152093049e-05,5.8780336985364556e-05
sin_low,1000,3,4800,2.225703065050766e-05,5.9212688938714564e-05
sin_low,1000,3,4850,2.210446291428525e-05,5.9142897953279316e-05
sin_low,1000,3,4900,2.1959500372759067e-05,5.895632421015762e-05
sin_low,1000,3,4950,2.78267907560803e-05,5.99866034463048e-05
sin_low,1000,3,5000,5.1458438974805176e-05,7.735030521871522e-05
sin_low,1000,4,0,0.41771620512008667,0.47597333788871765
sin_low,1000,4,50,0.2045777440071106,0.30996814370155334
sin_low,1000,4,100,0.10618584603071213,0.18409812450408936
sin_low,1000,4,150,0.04940075799822807,0.09387446939945221
sin_low,1000,4,200,0.021413598209619522,0.04287131875753403
sin_low,1000,4,250,0.010061848908662796,0.020395878702402115
sin_low,1000,4,300,0.006296928972005844,0.012013701722025871
sin_low,1000,4,350,0.0035570680629462004,0.006678380537778139
sin_low,1000,4,400,0.0023753594141453505,0.004354309290647507
sin_low,1000,4,450,0.0016866254154592752,0.003021956654265523
sin_low,1000,4,500,0.0012501211604103446,0.0021935782860964537
sin_low,1000,4,550,0.000992588815279305,0.0016836116556078196
sin_low,1000,4,600,0.0007178238010965288,0.0013102944940328598
sin_low,1000,4,650,0.0009508064249530435,0.001529709086753428
sin_low,1000,4,700,0.0004565803974401206,0.0009337671217508614
sin_low,1000,4,750,0.00036997173447161913,0.0008258466841652989
sin_low,1000,4,800,0.0016300759743899107,0.0022357862908393145
sin_low,1000,4,850,0.00027897939435206354,0.0007788871880620718
sin_low,1000,4,900,0.00024239887716248631,0.0007424136274494231
sin_low,1000,4,950,0.00021899772400502115,0.0007382863550446928
sin_low,1000,4,1000,0.0001989323936868459,0.0007357348804362118
sin_low,1000,4,1050,0.0003100786707364023,0.0007677097455598414
sin_low,1000,4,1100,0.00018142617773264647,0.0007893822621554136
sin_low,1000,4,1150,0.00014965416630730033,0.0007392749539576471
sin_low,1000,4,1200,0.0001405992661602795,0.0007485885289497674
sin_low,1000,4,1250,0.00013291282812133431,0.0007578165386803448
sin_low,1000,4,1300,0.000191755811101757,0.0007589142769575119
sin_low,1000,4,1350,0.00011958812683587894,0.0007698234403505921
sin_low,1000,4,1400,0.00011405922123230994,0.0007753904210403562
sin_low,1000,4,1450,0.00010939744970528409,0.0007849076064303517
sin_low,1000,4,1500,0.00010525124525884166,0.0007916862959973514
sin_low,1000,4,1550,0.00035055060288868845,0.0011711812112480402
sin_low,1000,4,1600,9.835013770498335e-05,0.000804881623480469
sin_low,1000,4,1650,9.527393558528274e-05,0.0008067279122769833
sin_low,1000,4,1700,9.239621431333944e-05,0.0008123205625452101
sin_low,1000,4,1750,8.945216541178524e-05,0.00081589724868536
sin_low,1000,4,1800,0.0007569499430246651,0.0016827336512506008
sin_low,1000,4,1850,7.852346607251093e-05,0.0008223301847465336
sin_low,1000,4,1900,7.347705832216889e-05,0.0008158027194440365
sin_low,1000,4,1950,7.074285531416535e-05,0.0008146627224050462
sin_low,1000,4,2000,6.850138015579432e-05,0.0008151676156558096
sin_low,1000,4,2050,6.641905929427594e-05,0.0008156007388606668
sin_low,1000,4,2100,6.462846067734063e-05,0.0008137465920299292
sin_low,1000,4,2150,0.0001450622221454978,0.0009794037323445082
sin_low,1000,4,2200,6.22334482613951e-05,0.000807535252533853
sin_low,1000,4,2250,5.982131551718339e-05,0.0008158420096151531
sin_low,1000,4,2300,5.842546306666918e-05,0.0008161835721693933
sin_low,1000,4,2350,5.713858990930021e-05,0.0008159337448887527
sin_low,1000,4,2400,0.0006074474658817053,0.0015602605417370796
sin_low,1000,4,2450,5.7136265240842476e-05,0.0008304673829115927
sin_low,1000,4,2500,5.379624417400919e-05,0.0008143854793161154
sin_low,1000,4,2550,5.270288966130465e-05,0.0008122663712128997
sin_low,1000,4,2600,5.1395156333455816e-05,0.0008110359194688499
sin_low,1000,4,2650,0.00027956266421824694,0.0011765446979552507
sin_low,1000,4,2700,5.694946230505593e-05,0.0008429795270785689
sin_low,1000,4,2750,4.8023266572272405e-05,0.0008101424900814891
sin_low,1000,4,2800,4.6894841943867505e-05,0.00080456817522645
sin_low,1000,4,2850,4.595673090079799e-05,0.0008033116464503109
sin_low,1000,4,2900,6.537217268487439e-05,0.0008668530499562621
sin_low,1000,4,2950,8.720307232579216e-05,0.0007718513370491564
sin_low,1000,4,3000,4.363452535471879e-05,0.0008019423112273216
sin_low,1000,4,3050,4.27679879067e-05,0.0007965370896272361
sin_low,1000,4,3100,4.206135781714693e-05,0.0007957875495776534
sin_low,1000,4,3150,4.138617077842355e-05,0.0007949073915369809
sin_low,1000,4,3200,0.00047574006021022797,0.000982236466370523
sin_low,1000,4,3250,4.2873456550296396e-05,0.000777440145611763
sin_low,1000,4,3300,3.969862882513553e-05,0.0007916970644146204
sin_low,1000,4,3350,3.916116475011222e-05,0.0007900710334070027
sin_low,1000,4,3400,3.864474638248794e-05,0.000789309327956289
sin_low,1000,4,3450,3.814324736595154e-05,0.0007887818501330912
sin_low,1000,4,3500,0.00019598461221903563,0.000803833594545722
sin_low,1000,4,3550,3.945508069591597e-05,0.0007717238622717559
sin_low,1000,4,3600,3.674832623801194e-05,0.0007838964811526239
sin_low,1000,4,3650,3.629580533015542e-05,0.0007832709816284478
sin_low,1000,4,3700,3.585101512726396e-05,0.0007820967584848404
sin_low,1000,4,3750,3.541486512403935e-05,0.0007810679962858558
sin_low,1000,4,3800,9.532630065223202e-05,0.0007542736129835248
sin_low,1000,4,3850,3.915247361874208e-05,0.0008029220043681562
sin_low,1000,4,3900,3.436245606280863e-05,0.000777984329033643
sin_low,1000,4,3950,3.399846173124388e-05,0.0007755403639748693
sin_low,1000,4,4000,3.365668817423284e-05,0.0007745204493403435
sin_low,1000,4,4050,3.332079722895287e-05,0.0007732947706244886
sin_low,1000,4,4100,3.298903175164014e-05,0.0007721054716967046
sin_low,1000,4,4150,0.0029607133474200964,0.004034293349832296
sin_low,1000,4,4200,4.090878428542055e-05,0.0008051176555454731
sin_low,1000,4,4250,3.213705349480733e-05,0.0007655120571143925
sin_low,1000,4,4300,3.1822910386836156e-05,0.000766448094509542
sin_low,1000,4,4350,3.154167643515393e-05,0.0007655787630937994
sin_low,1000,4,4400,3.124488648609258e-05,0.0007645618752576411
sin_low,1000,4,4450,3.085290882154368e-05,0.0007633263012394309
sin_low,1000,4,4500,0.0003569686959963292,0.0008800598443485796
sin_low,1000,4,4550,3.0344663173309527e-05,0.0007559448131360114
sin_low,1000,4,4600,2.9994129363331012e-05,0.0007582505350001156
sin_low,1000,4,4650,2.9763499696855433e-05,0.0007574844639748335
sin_low,1000,4,4700,2.9535744033637457e-05,0.0007567903376184404
sin_low,1000,4,4750,2.9309341698535718e-05,0.0007558896904811263
sin_low,1000,4,4800,2.9084183552186005e-05,0.0007549910224042833
sin_low,1000,4,4850,2.889119969040621e-05,0.0007557621574960649
sin_low,1000,4,4900,3.318934977869503e-05,0.0007757575949653983
sin_low,1000,4,4950,2.9183802325860597e-05,0.0007599148084409535
sin_low,1000,4,5000,2.8263790227356367e-05,0.0007504925597459078
sin_high,10,0,0,0.5038304924964905,0.5283944010734558
sin_high,10,0,50,0.4532443881034851,0.497024804353714
sin_high,10,0,100,0.44123369455337524,0.49729055166244507
sin_high,10,0,150,0.4392726719379425,0.4998718798160553
sin_high,10,0,200,0.4383164942264557,0.5006745457649231
sin_high,10,0,250,0.4377129375934601,0.5014423727989197
sin_high,10,0,300,0.437112420797348,0.5017521977424622
sin_high,10,0,350,0.4364984333515167,0.5018286108970642
sin_high,10,0,400,0.43599966168403625,0.501895010471344
sin_high,10,0,450,0.43551552295684814,0.5020036697387695
sin_high,10,0,500,0.43505600094795227,0.5020854473114014
sin_high,10,0,550,0.4346238672733307,0.5022097826004028
sin_high,10,0,600,0.43421903252601624,0.502321183681488
sin_high,10,0,650,0.4338395595550537,0.5025185942649841
sin_high,10,0,700,0.4334821105003357,0.5025138854980469
sin_high,10,0,750,0.43315091729164124,0.5025712251663208
sin_high,10,0,800,0.4328500032424927,0.5026437044143677
sin_high,10,0,850,0.43256840109825134,0.5026066303253174
sin_high,10,0,900,0.43231329321861267,0.5025476217269897
sin_high,10,0,950,0.432076096534729,0.5024873614311218
sin_high,10,0,1000,0.4318562150001526,0.5023941993713379
sin_high,10,0,1050,0.4316491484642029,0.5022615194320679
sin_high,10,0,1100,0.4314538240432739,0.5020136833190918
sin_high,10,0,1150,0.431273877620697,0.5018353462219238
sin_high,10,0,1200,0.4311051070690155,0.501640260219574
sin_high,10,0,1250,0.43094900250434875,0.5014379620552063
sin_high,10,0,1300,0.4308045208454132,0.5012588500976562
sin_high,10,0,1350,0.4306700825691223,0.500924825668335
sin_high,10,0,1400,0.4305373430252075,0.5003464818000793
sin_high,10,0,1450,0.4304010272026062,0.4997975826263428
sin_high,10,0,1500,0.43026039004325867,0.4992668032646179
sin_high,10,0,1550,0.4301144778728485,0.49877050518989563
sin_high,10,0,1600,0.4299643635749817,0.49828916788101196
sin_high,10,0,1650,0.4298100173473358,0.49785640835762024
sin_high,10,0,1700,0.4296514689922333,0.4974577724933624
sin_high,10,0,1750,0.4294869899749756,0.4970836639404297
sin_high,10,0,1800,0.4293185770511627,0.4967312812805176
sin_high,10,0,1850,0.4291467070579529,0.49642476439476013
sin_high,10,0,1900,0.42898353934288025,0.4961947798728943
sin_high,10,0,1950,0.42883360385894775,0.49591872096061707
sin_high,10,0,2000,0.4287014603614807,0.49566978216171265
sin_high,10,0,2050,0.428578644990921,0.4953352212905884
sin_high,10,0,2100,0.4284811317920685,0.49509260058403015
sin_high,10,0,2150,0.4283793568611145,0.49481001496315
sin_high,10,0,2200,0.4282907247543335,0.4945879876613617
sin_high,10,0,2250,0.42821386456489563,0.4943903386592865
sin_high,10,0,2300,0.42815375328063965,0.49422261118888855
sin_high,10,0,2350,0.4280867576599121,0.4939345419406891
sin_high,10,0,2400,0.4280094802379608,0.49379420280456543
sin_high,10,0,2450,0.4279640018939972,0.49367550015449524
sin_high,10,0,2500,0.42789173126220703,0.49344515800476074
sin_high,10,0,2550,0.42783123254776,0.49327200651168823
sin_high,10,0,2600,0.4277746379375458,0.49310365319252014
sin_high,10,0,2650,0.4277210533618927,0.49298909306526184
sin_high,10,0,2700,0.4276711046695709,0.49282342195510864
sin_high,10,0,2750,0.42761024832725525,0.49269333481788635
sin_high,10,0,2800,0.4275597035884857,0.4925369322299957
sin_high,10,0,2850,0.42751386761665344,0.4924970865249634
sin_high,10,0,2900,0.4274424612522125,0.4923269748687744
sin_high,10,0,2950,0.4274024963378906,0.4921513795852661
sin_high,10,0,3000,0.42732805013656616,0.49210140109062195
sin_high,10,0,3050,0.42727431654930115,0.4919492304325104
sin_high,10,0,3100,0.4272056519985199,0.49184006452560425
sin_high,10,0,3150,0.42713722586631775,0.49175015091896057
sin_high,10,0,3200,0.42707332968711853,0.49158427119255066
sin_high,10,0,3250,0.42700180411338806,0.4915555417537689
sin_high,10,0,3300,0.42691943049430847,0.4913843870162964
sin_high,10,0,3350,0.42684096097946167,0.4912433624267578
sin_high,10,0,3400,0.4267594814300537,0.4911563992500305
sin_high,10,0,3450,0.42666715383529663,0.49103203415870667
sin_high,10,0,3500,0.42658233642578125,0.49090802669525146
sin_high,10,0,3550,0.42648541927337646,0.4907081127166748
sin_high,10,0,3600,0.42638278007507324,0.49056559801101685
sin_high,10,0,3650,0.42628005146980286,0.49041953682899475
sin_high,10,0,3700,0.4261764883995056,0.49022534489631653
sin_high,10,0,3750,0.42604315280914307,0.4901060163974762
sin_high,10,0,3800,0.42592307925224304,0.4900037944316864
sin_high,10,0,3850,0.4257850646972656,0.48978641629219055
sin_high,10,0,3900,0.4256497621536255,0.48963552713394165
sin_high,10,0,3950,0.42551517486572266,0.48945969343185425
sin_high,10,0,4000,0.425363689661026,0.4892750382423401
sin_high,10,0,4050,0.42523959279060364,0.4895477592945099
sin_high,10,0,4100,0.4251363277435303,0.48954546451568604
sin_high,10,0,4150,0.42501100897789,0.48933711647987366
sin_high,10,0,4200,0.4248892068862915,0.48912131786346436
sin_high,10,0,4250,0.424763560295105,0.4889908730983734
sin_high,10,0,4300,0.42464548349380493,0.4888485372066498
sin_high,10,0,4350,0.424513578414917,0.4885677099227905
sin_high,10,0,4400,0.4243772327899933,0.4884569048881531
sin_high,10,0,4450,0.4242362082004547,0.4883230924606323
sin_high,10,0,4500,0.4240976572036743,0.4881945550441742
sin_high,10,0,4550,0.4239353835582733,0.4878498911857605
sin_high,10,0,4600,0.4237877428531647,0.48777493834495544
sin_high,10,0,4650,0.4236207902431488,0.487501859664917
sin_high,10,0,4700,0.4234747290611267,0.48729822039604187
sin_high,10,0,4750,0.4232945442199707,0.4870733320713043
sin_high,10,0,4800,0.42312392592430115,0.48688429594039917
sin_high,10,0,4850,0.4229528605937958,0.4865730106830597
sin_high,10,0,4900,0.42276349663734436,0.4863285422325134
sin_high,10,0,4950,0.4225771129131317,0.4861650764942169
sin_high,10,0,5000,0.42239850759506226,0.4860333800315857
sin_high,10,1,0,0.6081022620201111,0.5289769768714905
sin_high,10,1,50,0.48049411177635193,0.4980838894844055
sin_high,10,1,100,0.44560083746910095,0.5215564966201782
sin_high,10,1,150,0.43903806805610657,0.5379717350006104
sin_high,10,1,200,0.43699485063552856,0.5429443717002869
sin_high,10,1,250,0.4354825019836426,0.543887734413147
sin_high,10,1,300,0.4340659976005554,0.5433335304260254
sin_high,10,1,350,0.43276670575141907,0.542975127696991
sin_high,10,1,400,0.4314294457435608,0.5425065159797668
sin_high,10,1,450,0.43006467819213867,0.542023241519928
sin_high,10,1,500,0.4286492168903351,0.5414239764213562
sin_high,10,1,550,0.42721202969551086,0.5408491492271423
sin_high,10,1,600,0.42578941583633423,0.5403065085411072
sin_high,10,1,650,0.4244130551815033,0.5397732257843018
sin_high,10,1,700,0.42309486865997314,0.5393812656402588
sin_high,10,1,750,0.4218713343143463,0.53892582654953
sin_high,10,1,800,0.4207421839237213,0.5385257601737976
sin_high,10,1,850,0.4197053015232086,0.5381499528884888
sin_high,10,1,900,0.41876357793807983,0.5379346013069153
sin_high,10,1,950,0.4179289937019348,0.5378907918930054
sin_high,10,1,1000,0.41721174120903015,0.5379228591918945
sin_high,10,1,1050,0.41660940647125244,0.5381457805633545
sin_high,10,1,1100,0.41611677408218384,0.5382136106491089
sin_high,10,1,1150,0.41572296619415283,0.5384880900382996
sin_high,10,1,1200,0.4154142737388611,0.5387843251228333
sin_high,10,1,1250,0.4151839017868042,0.5390381813049316
sin_high,10,1,1300,0.4150083363056183,0.5393279194831848
sin_high,10,1,1350,0.41487398743629456,0.5395459532737732
sin_high,10,1,1400,0.4147757589817047,0.5397679805755615
sin_high,10,1,1450,0.41470298171043396,0.5399792790412903
sin_high,10,1,1500,0.4146502614021301,0.5402078032493591
sin_high,10,1,1550,0.4146093726158142,0.5403674840927124
sin_high,10,1,1600,0.4145808815956116,0.5403879880905151
sin_high,10,1,1650,0.4145621061325073,0.5405547022819519
sin_high,10,1,1700,0.41455063223838806,0.5406501889228821
sin_high,10,1,1750,0.41453471779823303,0.5407080054283142
sin_high,10,1,1800,0.4145258963108063,0.5407997369766235
sin_high,10,1,1850,0.4145214855670929,0.5408629179000854
sin_high,10,1,1900,0.4145163595676422,0.540899932384491
sin_high,10,1,1950,0.4145125448703766,0.5409312844276428
sin_high,10,1,2000,0.4145062267780304,0.5409681797027588
sin_high,10,1,2050,0.41450193524360657,0.5409920811653137
sin_high,10,1,2100,0.4144951403141022,0.5409978628158569
sin_high,10,1,2150,0.41449329257011414,0.541056752204895
sin_high,10,1,2200,0.41448530554771423,0.540986180305481
sin_high,10,1,2250,0.41448187828063965,0.5410144329071045
sin_high,10,1,2300,0.41447556018829346,0.5410356521606445
sin_high,10,1,2350,0.41447004675865173,0.5410371422767639
sin_high,10,1,2400,0.4144653081893921,0.5410599708557129
sin_high,10,1,2450,0.4144592881202698,0.5409537553787231
sin_high,10,1,2500,0.4144440293312073,0.5410051941871643
sin_high,10,1,2550,0.4143756031990051,0.5409785509109497
sin_high,10,1,2600,0.41431257128715515,0.540940523147583
sin_high,10,1,2650,0.4142465889453888,0.5409405827522278
sin_high,10,1,2700,0.4141693115234375,0.5408340692520142
sin_high,10,1,2750,0.4140770733356476,0.5408000946044922
sin_high,10,1,2800,0.4139731526374817,0.5407167077064514
sin_high,10,1,2850,0.413849413394928,0.5406596660614014
sin_high,10,1,2900,0.4137125313282013,0.5406515002250671
sin_high,10,1,2950,0.41355079412460327,0.5405376553535461
sin_high,10,1,3000,0.41336703300476074,0.5404369235038757
sin_high,10,1,3050,0.4131655693054199,0.5403160452842712
sin_high,10,1,3100,0.4129486083984375,0.5401480793952942
sin_high,10,1,3150,0.41271650791168213,0.5401437878608704
sin_high,10,1,3200,0.41246896982192993,0.5399614572525024
sin_high,10,1,3250,0.4122091829776764,0.5400054454803467
sin_high,10,1,3300,0.41194140911102295,0.5397676229476929
sin_high,10,1,3350,0.41166549921035767,0.5396957993507385
sin_high,10,1,3400,0.4113825261592865,0.5394627451896667
sin_high,10,1,3450,0.4110996127128601,0.5395557284355164
sin_high,10,1,3500,0.41082075238227844,0.539387583732605
sin_high,10,1,3550,0.41055646538734436,0.5395092964172363
sin_high,10,1,3600,0.41030168533325195,0.5392462611198425
sin_high,10,1,3650,0.4100632071495056,0.5392491817474365
sin_high,10,1,3700,0.4098346531391144,0.5391393303871155
sin_high,10,1,3750,0.4096236824989319,0.5390540361404419
sin_high,10,1,3800,0.4094260632991791,0.539068341255188
sin_high,10,1,3850,0.40924009680747986,0.5390229821205139
sin_high,10,1,3900,0.40907320380210876,0.5389944314956665
sin_high,10,1,3950,0.408917099237442,0.5389491319656372
sin_high,10,1,4000,0.4087725877761841,0.5389755964279175
sin_high,10,1,4050,0.408649206161499,0.5388177633285522
sin_high,10,1,4100,0.4085233509540558,0.5389887094497681
sin_high,10,1,4150,0.4084126651287079,0.5392125248908997
sin_high,10,1,4200,0.40830889344215393,0.5390691161155701
sin_high,10,1,4250,0.4082179069519043,0.539175808429718
sin_high,10,1,4300,0.40813151001930237,0.5390048623085022
sin_high,10,1,4350,0.4080592393875122,0.5391350984573364
sin_high,10,1,4400,0.4079916179180145,0.5391750931739807
sin_high,10,1,4450,0.4079277813434601,0.5391315221786499
sin_high,10,1,4500,0.40787768363952637,0.5392513871192932
sin_high,10,1,4550,0.4078257381916046,0.5393204689025879
sin_high,10,1,4600,0.4077828824520111,0.5393194556236267
sin_high,10,1,4650,0.4077443480491638,0.539217472076416
sin_high,10,1,4700,0.4077162742614746,0.539162278175354
sin_high,10,1,4750,0.4076772630214691,0.5391004085540771
sin_high,10,1,4800,0.4075634181499481,0.5391452312469482
sin_high,10,1,4850,0.4075237810611725,0.5391858220100403
sin_high,10,1,4900,0.40715986490249634,0.5389345288276672
sin_high,10,1,4950,0.4055028557777405,0.5372434258460999
sin_high,10,1,5000,0.4044238328933716,0.5362693071365356
sin_high,10,2,0,0.6244915723800659,0.5869395136833191
sin_high,10,2,50,0.5589962005615234,0.5102615356445312
sin_high,10,2,100,0.5427247285842896,0.4990212619304657
sin_high,10,2,150,0.5372693538665771,0.5006538033485413
sin_high,10,2,200,0.5359603762626648,0.5028398633003235
sin_high,10,2,250,0.5352905988693237,0.5035592317581177
sin_high,10,2,300,0.534638524055481,0.5036042332649231
sin_high,10,2,350,0.5322965979576111,0.5029292106628418
sin_high,10,2,400,0.5305747389793396,0.5029445290565491
sin_high,10,2,450,0.5300521850585938,0.5038385987281799
sin_high,10,2,500,0.529595136642456,0.5037528276443481
sin_high,10,2,550,0.5291407704353333,0.5034999251365662
sin_high,10,2,600,0.5284862518310547,0.5027994513511658
sin_high,10,2,650,0.5276866555213928,0.502053439617157
sin_high,10,2,700,0.5267155170440674,0.5012326836585999
sin_high,10,2,750,0.5255979299545288,0.5004929900169373
sin_high,10,2,800,0.5243881344795227,0.4998335838317871
sin_high,10,2,850,0.5231438279151917,0.4992775321006775
sin_high,10,2,900,0.5219108462333679,0.49876639246940613
sin_high,10,2,950,0.5207182765007019,0.4984007477760315
sin_high,10,2,1000,0.5196164846420288,0.49820148944854736
sin_high,10,2,1050,0.5186197757720947,0.4980331063270569
sin_high,10,2,1100,0.5177412033081055,0.4979516267776489
sin_high,10,2,1150,0.5169786214828491,0.4979154169559479
sin_high,10,2,1200,0.516327440738678,0.49793320894241333
sin_high,10,2,1250,0.51578289270401,0.49805501103401184
sin_high,10,2,1300,0.5153221487998962,0.4982259273529053
sin_high,10,2,1350,0.5149425864219666,0.49829474091529846
sin_high,10,2,1400,0.5146160125732422,0.4984409213066101
sin_high,10,2,1450,0.5143416523933411,0.4985625743865967
sin_high,10,2,1500,0.5141018033027649,0.4985679090023041
sin_high,10,2,1550,0.5138702988624573,0.49879059195518494
sin_high,10,2,1600,0.5136675238609314,0.49900341033935547
sin_high,10,2,1650,0.5134764313697815,0.49910998344421387
sin_high,10,2,1700,0.5132870078086853,0.49924513697624207
sin_high,10,2,1750,0.5131144523620605,0.4995260238647461
sin_high,10,2,1800,0.5129374861717224,0.49955523014068604
sin_high,10,2,1850,0.5127620100975037,0.4996946454048157
sin_high,10,2,1900,0.5125932693481445,0.49978670477867126
sin_high,10,2,1950,0.5124165415763855,0.4999481439590454
sin_high,10,2,2000,0.5122460722923279,0.4999735355377197
sin_high,10,2,2050,0.51207035779953,0.5000318288803101
sin_high,10,2,2100,0.5118851065635681,0.5000368356704712
sin_high,10,2,2150,0.5115557909011841,0.4996422827243805
sin_high,10,2,2200,0.5073432922363281,0.49365732073783875
sin_high,10,2,2250,0.5052956342697144,0.4928974211215973
sin_high,10,2,2300,0.503989040851593,0.49279341101646423
sin_high,10,2,2350,0.503083348274231,0.4931698143482208
sin_high,10,2,2400,0.5023654103279114,0.49346449971199036
sin_high,10,2,2450,0.5017648339271545,0.4933743476867676
sin_high,10,2,2500,0.5012239813804626,0.49348607659339905
sin_high,10,2,2550,0.5007578730583191,0.49367159605026245
sin_high,10,2,2600,0.5003452301025391,0.49383455514907837
sin_high,10,2,2650,0.4999767243862152,0.49409598112106323
sin_high,10,2,2700,0.499637633562088,0.4941783547401428
sin_high,10,2,2750,0.4993041753768921,0.4943390190601349
sin_high,10,2,2800,0.49897488951683044,0.494346022605896
sin_high,10,2,2850,0.49865996837615967,0.49446922540664673
sin_high,10,2,2900,0.49833670258522034,0.49441641569137573
sin_high,10,2,2950,0.4980064332485199,0.49438488483428955
sin_high,10,2,3000,0.49768659472465515,0.49424007534980774
sin_high,10,2,3050,0.49735695123672485,0.4942440092563629
sin_high,10,2,3100,0.4970296621322632,0.49438634514808655
sin_high,10,2,3150,0.4967088997364044,0.49408015608787537
sin_high,10,2,3200,0.49638912081718445,0.4941936135292053
sin_high,10,2,3250,0.49605876207351685,0.49384158849716187
sin_high,10,2,3300,0.49573734402656555,0.4938041567802429
sin_high,10,2,3350,0.4947405159473419,0.49260836839675903
sin_high,10,2,3400,0.49424123764038086,0.49210530519485474
sin_high,10,2,3450,0.49383267760276794,0.4921181797981262
sin_high,10,2,3500,0.4934535026550293,0.49195602536201477
sin_high,10,2,3550,0.4925915002822876,0.49107614159584045
sin_high,10,2,3600,0.49189475178718567,0.4902721643447876
sin_high,10,2,3650,0.4915314316749573,0.4902438521385193
sin_high,10,2,3700,0.4912137985229492,0.4900413751602173
sin_high,10,2,3750,0.49090808629989624,0.48992863297462463
sin_high,10,2,3800,0.49061328172683716,0.4899245798587799
sin_high,10,2,3850,0.49033743143081665,0.48962095379829407
sin_high,10,2,3900,0.4900582730770111,0.48938414454460144
sin_high,10,2,3950,0.48913154006004333,0.48848071694374084
sin_high,10,2,4000,0.48882007598876953,0.4876365661621094
sin_high,10,2,4050,0.48854178190231323,0.48723849654197693
sin_high,10,2,4100,0.48825621604919434,0.48694947361946106
sin_high,10,2,4150,0.4879817068576813,0.4865953028202057
sin_high,10,2,4200,0.4877070486545563,0.4862344563007355
sin_high,10,2,4250,0.48742422461509705,0.48594990372657776
sin_high,10,2,4300,0.4871431291103363,0.48551833629608154
sin_high,10,2,4350,0.4868658483028412,0.4853913187980652
sin_high,10,2,4400,0.48658430576324463,0.48527276515960693
sin_high,10,2,4450,0.4863186478614807,0.4850623309612274
sin_high,10,2,4500,0.4860488772392273,0.4849224090576172
sin_high,10,2,4550,0.48579055070877075,0.4848773777484894
sin_high,10,2,4600,0.4855338931083679,0.48476681113243103
sin_high,10,2,4650,0.4852903187274933,0.4847271740436554
sin_high,10,2,4700,0.4850473701953888,0.4847418963909149
sin_high,10,2,4750,0.48480600118637085,0.4845771789550781
sin_high,10,2,4800,0.4845753610134125,0.484469473361969
sin_high,10,2,4850,0.4843488931655884,0.4845902621746063
sin_high,10,2,4900,0.48413023352622986,0.4842824935913086
sin_high,10,2,4950,0.48391014337539673,0.4842846989631653
sin_high,10,2,5000,0.48370298743247986,0.48429301381111145
sin_high,10,3,0,1.0276249647140503,0.8897442817687988
sin_high,10,3,50,0.6710541248321533,0.6300118565559387
sin_high,10,3,100,0.5036095380783081,0.5256708860397339
sin_high,10,3,150,0.43679672479629517,0.4986279606819153
sin_high,10,3,200,0.4151090979576111,0.5002044439315796
sin_high,10,3,250,0.40957191586494446,0.506665825843811
sin_high,10,3,300,0.4081982672214508,0.5108363032341003
sin_high,10,3,350,0.4076947569847107,0.5125676989555359
sin_high,10,3,400,0.40732643008232117,0.5131480693817139
sin_high,10,3,450,0.40697014331817627,0.5133754014968872
sin_high,10,3,500,0.4066174328327179,0.5135229825973511
sin_high,10,3,550,0.40627333521842957,0.5136516690254211
sin_high,10,3,600,0.40599456429481506,0.5137634873390198
sin_high,10,3,650,0.4057370722293854,0.5139511823654175
sin_high,10,3,700,0.4055244028568268,0.5141270160675049
sin_high,10,3,750,0.40530359745025635,0.514401376247406
sin_high,10,3,800,0.40507766604423523,0.5147027969360352
sin_high,10,3,850,0.4048536717891693,0.5150020718574524
sin_high,10,3,900,0.40465158224105835,0.5151335597038269
sin_high,10,3,950,0.40444618463516235,0.5154169797897339
sin_high,10,3,1000,0.40423619747161865,0.5156998634338379
sin_high,10,3,1050,0.40402188897132874,0.5159838795661926
sin_high,10,3,1100,0.40380048751831055,0.5162594318389893
sin_high,10,3,1150,0.4035056233406067,0.5165939927101135
sin_high,10,3,1200,0.40319448709487915,0.5168869495391846
sin_high,10,3,1250,0.402812123298645,0.5171539187431335
sin_high,10,3,1300,0.4023500084877014,0.517325222492218
sin_high,10,3,1350,0.4019055962562561,0.5174442529678345
sin_high,10,3,1400,0.4015384316444397,0.5176300406455994
sin_high,10,3,1450,0.4012020528316498,0.5179184675216675
sin_high,10,3,1500,0.4009195566177368,0.5182165503501892
sin_high,10,3,1550,0.40066176652908325,0.5185736417770386
sin_high,10,3,1600,0.40043210983276367,0.5189248323440552
sin_high,10,3,1650,0.40020960569381714,0.5192831754684448
sin_high,10,3,1700,0.3999912142753601,0.5196380019187927
sin_high,10,3,1750,0.39977338910102844,0.5199940204620361
sin_high,10,3,1800,0.3995557725429535,0.5203539133071899
sin_high,10,3,1850,0.3993384838104248,0.5207222104072571
sin_high,10,3,1900,0.39912155270576477,0.5210857391357422
sin_high,10,3,1950,0.3989047110080719,0.5214507579803467
sin_high,10,3,2000,0.39868810772895813,0.5218154191970825
sin_high,10,3,2050,0.3984717130661011,0.5221789479255676
sin_high,10,3,2100,0.39825528860092163,0.5225260257720947
sin_high,10,3,2150,0.3980388641357422,0.5228670835494995
sin_high,10,3,2200,0.397821843624115,0.5232008695602417
sin_high,10,3,2250,0.3976048529148102,0.5235231518745422
sin_high,10,3,2300,0.39738765358924866,0.5238524675369263
sin_high,10,3,2350,0.3971702754497528,0.5241705179214478
sin_high,10,3,2400,0.3969535827636719,0.5244870781898499
sin_high,10,3,2450,0.3967374861240387,0.5248181223869324
sin_high,10,3,2500,0.396522581577301,0.5251421332359314
sin_high,10,3,2550,0.39630937576293945,0.5254867672920227
sin_high,10,3,2600,0.39609816670417786,0.5258259773254395
sin_high,10,3,2650,0.3958897590637207,0.526183009147644
sin_high,10,3,2700,0.3956848084926605,0.5265499353408813
sin_high,10,3,2750,0.39548459649086,0.5269767045974731
sin_high,10,3,2800,0.39528942108154297,0.5273842215538025
sin_high,10,3,2850,0.39509931206703186,0.5278023481369019
sin_high,10,3,2900,0.3949146866798401,0.5282080173492432
sin_high,10,3,2950,0.3947356343269348,0.5286216139793396
sin_high,10,3,3000,0.3945624828338623,0.5290288925170898
sin_high,10,3,3050,0.39439526200294495,0.5294435024261475
sin_high,10,3,3100,0.39423471689224243,0.5298537611961365
sin_high,10,3,3150,0.3940809667110443,0.5302563905715942
sin_high,10,3,3200,0.3939344584941864,0.5306680202484131
sin_high,10,3,3250,0.3937949538230896,0.5310435891151428
sin_high,10,3,3300,0.3936626613140106,0.5314813256263733
sin_high,10,3,3350,0.3935379683971405,0.531876266002655
sin_high,10,3,3400,0.39342063665390015,0.532278835773468
sin_high,10,3,3450,0.39331039786338806,0.5326257348060608
sin_high,10,3,3500,0.3932075500488281,0.5330333709716797
sin_high,10,3,3550,0.3931121826171875,0.533392608165741
sin_high,10,3,3600,0.3930234909057617,0.5338236093521118
sin_high,10,3,3650,0.39294081926345825,0.5341392755508423
sin_high,10,3,3700,0.3928656578063965,0.5345262885093689
sin_high,10,3,3750,0.3927954137325287,0.5348886847496033
sin_high,10,3,3800,0.392730712890625,0.5352197289466858
sin_high,10,3,3850,0.3926714360713959,0.5355674028396606
sin_high,10,3,3900,0.392616868019104,0.5358102321624756
sin_high,10,3,3950,0.39256709814071655,0.5361539721488953
sin_high,10,3,4000,0.39251962304115295,0.5364028811454773
sin_high,10,3,4050,0.3924757242202759,0.5367107391357422
sin_high,10,3,4100,0.392435222864151,0.536949098110199
sin_high,10,3,4150,0.39239680767059326,0.5371764302253723
sin_high,10,3,4200,0.3923606872558594,0.5373759269714355
sin_high,10,3,4250,0.39232558012008667,0.5375785827636719
sin_high,10,3,4300,0.3922915458679199,0.5377171635627747
sin_high,10,3,4350,0.39225855469703674,0.5378867387771606
sin_high,10,3,4400,0.3922254741191864,0.5379312038421631
sin_high,10,3,4450,0.3921925127506256,0.5380222797393799
sin_high,10,3,4500,0.39215925335884094,0.5381060838699341
sin_high,10,3,4550,0.3921262323856354,0.5381998419761658
sin_high,10,3,4600,0.39209333062171936,0.5382499098777771
sin_high,10,3,4650,0.39205947518348694,0.5382499098777771
sin_high,10,3,4700,0.39202529191970825,0.5382880568504333
sin_high,10,3,4750,0.3919905126094818,0.5383169651031494
sin_high,10,3,4800,0.3919549584388733,0.5383880734443665
sin_high,10,3,4850,0.39191874861717224,0.5383952260017395
sin_high,10,3,4900,0.3918820023536682,0.5384284853935242
sin_high,10,3,4950,0.3918445408344269,0.5384402275085449
sin_high,10,3,5000,0.3918055593967438,0.5383991599082947
sin_high,10,4,0,0.7459742426872253,0.7771804332733154
sin_high,10,4,50,0.6068673729896545,0.618642270565033
sin_high,10,4,100,0.5463725328445435,0.546576738357544
sin_high,10,4,150,0.5225440859794617,0.5176489949226379
sin_high,10,4,200,0.5065361857414246,0.5018101930618286
sin_high,10,4,250,0.501853883266449,0.4969210922718048
sin_high,10,4,300,0.5001076459884644,0.49524587392807007
sin_high,10,4,350,0.4990406632423401,0.49421441555023193
sin_high,10,4,400,0.4982014298439026,0.4935041666030884
sin_high,10,4,450,0.4975981116294861,0.49289488792419434
sin_high,10,4,500,0.49714338779449463,0.4925413727760315
sin_high,10,4,550,0.496755450963974,0.4922024607658386
sin_high,10,4,600,0.4963955283164978,0.49194636940956116
sin_high,10,4,650,0.4960392415523529,0.49170175194740295
sin_high,10,4,700,0.49567434191703796,0.49145644903182983
sin_high,10,4,750,0.49529340863227844,0.49122166633605957
sin_high,10,4,800,0.4948965013027191,0.4909783899784088
sin_high,10,4,850,0.494478702545166,0.4907240867614746
sin_high,10,4,900,0.4940491318702698,0.4904164671897888
sin_high,10,4,950,0.493600070476532,0.49010297656059265
sin_high,10,4,1000,0.4931294023990631,0.4897664189338684
sin_high,10,4,1050,0.49262475967407227,0.48940256237983704
sin_high,10,4,1100,0.4918641448020935,0.4888496398925781
sin_high,10,4,1150,0.4910770654678345,0.4884605407714844
sin_high,10,4,1200,0.49016502499580383,0.48788222670555115
sin_high,10,4,1250,0.48907583951950073,0.4869876205921173
sin_high,10,4,1300,0.4879002273082733,0.4862918257713318
sin_high,10,4,1350,0.48670148849487305,0.48549482226371765
sin_high,10,4,1400,0.48549750447273254,0.4847463071346283
sin_high,10,4,1450,0.48433271050453186,0.48408931493759155
sin_high,10,4,1500,0.48322904109954834,0.48354071378707886
sin_high,10,4,1550,0.4821953773498535,0.4831160008907318
sin_high,10,4,1600,0.4812421202659607,0.4827479422092438
sin_high,10,4,1650,0.4804016053676605,0.4824467599391937
sin_high,10,4,1700,0.479644775390625,0.48222267627716064
sin_high,10,4,1750,0.4789626896381378,0.48207154870033264
sin_high,10,4,1800,0.4783303737640381,0.4819449484348297
sin_high,10,4,1850,0.47773051261901855,0.4819157123565674
sin_high,10,4,1900,0.4771585464477539,0.48173987865448
sin_high,10,4,1950,0.47662585973739624,0.4815802574157715
sin_high,10,4,2000,0.47611716389656067,0.48146694898605347
sin_high,10,4,2050,0.47563233971595764,0.48130902647972107
sin_high,10,4,2100,0.47517019510269165,0.48116108775138855
sin_high,10,4,2150,0.4747321605682373,0.4810323119163513
sin_high,10,4,2200,0.47430047392845154,0.48084014654159546
sin_high,10,4,2250,0.4738863706588745,0.48065537214279175
sin_high,10,4,2300,0.47348296642303467,0.4805126488208771
sin_high,10,4,2350,0.47308608889579773,0.48030462861061096
sin_high,10,4,2400,0.4726911187171936,0.48010870814323425
sin_high,10,4,2450,0.47230345010757446,0.479912668466568
sin_high,10,4,2500,0.47193822264671326,0.47972431778907776
sin_high,10,4,2550,0.4715583026409149,0.4795037508010864
sin_high,10,4,2600,0.47119811177253723,0.47926539182662964
sin_high,10,4,2650,0.47083762288093567,0.47907620668411255
sin_high,10,4,2700,0.4704863727092743,0.47887423634529114
sin_high,10,4,2750,0.4701415002346039,0.47869083285331726
sin_high,10,4,2800,0.46980413794517517,0.47848957777023315
sin_high,10,4,2850,0.46947935223579407,0.47828182578086853
sin_high,10,4,2900,0.46915388107299805,0.4781178832054138
sin_high,10,4,2950,0.4688359200954437,0.47789883613586426
sin_high,10,4,3000,0.46852371096611023,0.4777635931968689
sin_high,10,4,3050,0.4682169258594513,0.47755637764930725
sin_high,10,4,3100,0.4679186940193176,0.477411150932312
sin_high,10,4,3150,0.46763166785240173,0.47725746035575867
sin_high,10,4,3200,0.4673381745815277,0.47707855701446533
sin_high,10,4,3250,0.4670638144016266,0.476937860250473
sin_high,10,4,3300,0.4667861759662628,0.4767524302005768
sin_high,10,4,3350,0.466520756483078,0.47663021087646484
sin_high,10,4,3400,0.4662598669528961,0.4764716923236847
sin_high,10,4,3450,0.4660034775733948,0.476359099149704
sin_high,10,4,3500,0.46575185656547546,0.47618749737739563
sin_high,10,4,3550,0.4655055105686188,0.4760774075984955
sin_high,10,4,3600,0.46526363492012024,0.4759518802165985
sin_high,10,4,3650,0.46502554416656494,0.4758177399635315
sin_high,10,4,3700,0.4647940695285797,0.47574689984321594
sin_high,10,4,3750,0.46455851197242737,0.47557878494262695
sin_high,10,4,3800,0.46432867646217346,0.47546303272247314
sin_high,10,4,3850,0.4641009271144867,0.475367933511734
sin_high,10,4,3900,0.4638718068599701,0.47525057196617126
sin_high,10,4,3950,0.46364280581474304,0.47514307498931885
sin_high,10,4,4000,0.4634132385253906,0.47503724694252014
sin_high,10,4,4050,0.46318191289901733,0.47493961453437805
sin_high,10,4,4100,0.46294859051704407,0.47484931349754333
sin_high,10,4,4150,0.4627138078212738,0.47476232051849365
sin_high,10,4,4200,0.46247580647468567,0.4746673107147217
sin_high,10,4,4250,0.4622364342212677,0.47458112239837646
sin_high,10,4,4300,0.4619903564453125,0.47447600960731506
sin_high,10,4,4350,0.4617413282394409,0.47439202666282654
sin_high,10,4,4400,0.461489200592041,0.47431087493896484
sin_high,10,4,4450,0.4612313210964203,0.474212646484375
sin_high,10,4,4500,0.46096792817115784,0.47410890460014343
sin_high,10,4,4550,0.46069949865341187,0.47401875257492065
sin_high,10,4,4600,0.46042633056640625,0.47392377257347107
sin_high,10,4,4650,0.4601477086544037,0.4738140106201172
sin_high,10,4,4700,0.45983073115348816,0.47376352548599243
sin_high,10,4,4750,0.4595285952091217,0.4736294150352478
sin_high,10,4,4800,0.459249347448349,0.4735417664051056
sin_high,10,4,4850,0.45896533131599426,0.47343093156814575
sin_high,10,4,4900,0.458676815032959,0.4733293652534485
sin_high,10,4,4950,0.4583868384361267,0.4732236862182617
sin_high,10,4,5000,0.4580928683280945,0.4731118381023407
sin_high,50,0,0,0.49917593598365784,0.538898229598999
sin_high,50,0,50,0.44090232253074646,0.5044962763786316
sin_high,50,0,100,0.4386128783226013,0.5023072361946106
sin_high,50,0,150,0.4370121955871582,0.5027113556861877
sin_high,50,0,200,0.43572649359703064,0.5032808780670166
sin_high,50,0,250,0.43461573123931885,0.5038779377937317
sin_high,50,0,300,0.4332568943500519,0.5041568875312805
sin_high,50,0,350,0.4319853186607361,0.504165530204773
sin_high,50,0,400,0.43060895800590515,0.5038700699806213
sin_high,50,0,450,0.4290724992752075,0.5031735301017761
sin_high,50,0,500,0.4273676872253418,0.502435028553009
sin_high,50,0,550,0.42547187209129333,0.5016639232635498
sin_high,50,0,600,0.4233954846858978,0.5007920861244202
sin_high,50,0,650,0.4211365282535553,0.500100314617157
sin_high,50,0,700,0.41862010955810547,0.4990667402744293
sin_high,50,0,750,0.41596487164497375,0.49814003705978394
sin_high,50,0,800,0.41323715448379517,0.4976121485233307
sin_high,50,0,850,0.41046538949012756,0.4968058466911316
sin_high,50,0,900,0.40772831439971924,0.4961605370044708
sin_high,50,0,950,0.4050694704055786,0.4955589771270752
sin_high,50,0,1000,0.402489572763443,0.495013952255249
sin_high,50,0,1050,0.40000930428504944,0.49446237087249756
sin_high,50,0,1100,0.3976767659187317,0.4939650297164917
sin_high,50,0,1150,0.3954753875732422,0.4935804009437561
sin_high,50,0,1200,0.3934329152107239,0.49307188391685486
sin_high,50,0,1250,0.39150336384773254,0.49232161045074463
sin_high,50,0,1300,0.38964080810546875,0.4911814033985138
sin_high,50,0,1350,0.3878280520439148,0.49017325043678284
sin_high,50,0,1400,0.3860509395599365,0.4891110956668854
sin_high,50,0,1450,0.3842674493789673,0.48767924308776855
sin_high,50,0,1500,0.38256576657295227,0.4870060086250305
sin_high,50,0,1550,0.3809508681297302,0.48658475279808044
sin_high,50,0,1600,0.3794778287410736,0.48663008213043213
sin_high,50,0,1650,0.3781372606754303,0.48673728108406067
sin_high,50,0,1700,0.37696361541748047,0.48690611124038696
sin_high,50,0,1750,0.3758988082408905,0.4875229597091675
sin_high,50,0,1800,0.3749496638774872,0.4875129163265228
sin_high,50,0,1850,0.3741106390953064,0.4876517057418823
sin_high,50,0,1900,0.3733530044555664,0.4876530170440674
sin_high,50,0,1950,0.3726542592048645,0.4880029261112213
sin_high,50,0,2000,0.37199866771698,0.4883873462677002
sin_high,50,0,2050,0.3713948428630829,0.4881722629070282
sin_high,50,0,2100,0.3708186745643616,0.4883435368537903
sin_high,50,0,2150,0.3702663779258728,0.4883999228477478
sin_high,50,0,2200,0.3697150647640228,0.4881224036216736
sin_high,50,0,2250,0.3691786229610443,0.4880385994911194
sin_high,50,0,2300,0.3686429560184479,0.4878169894218445
sin_high,50,0,2350,0.3681056797504425,0.4877859354019165
sin_high,50,0,2400,0.36757972836494446,0.4874885380268097
sin_high,50,0,2450,0.36706510186195374,0.4875202476978302
sin_high,50,0,2500,0.36655479669570923,0.4869976341724396
sin_high,50,0,2550,0.366046667098999,0.48657506704330444
sin_high,50,0,2600,0.3655454218387604,0.48621219396591187
sin_high,50,0,2650,0.3650450110435486,0.4853798449039459
sin_high,50,0,2700,0.36453497409820557,0.4845755100250244
sin_high,50,0,2750,0.3640144169330597,0.484210342168808
sin_high,50,0,2800,0.36349642276763916,0.4837225675582886
sin_high,50,0,2850,0.3629748523235321,0.48291438817977905
sin_high,50,0,2900,0.3624657094478607,0.4829493761062622
sin_high,50,0,2950,0.36196911334991455,0.48258456587791443
sin_high,50,0,3000,0.36145690083503723,0.4825456142425537
sin_high,50,0,3050,0.360970675945282,0.48203060030937195
sin_high,50,0,3100,0.36051154136657715,0.48178625106811523
sin_high,50,0,3150,0.3600713610649109,0.48119446635246277
sin_high,50,0,3200,0.35964110493659973,0.48107290267944336
sin_high,50,0,3250,0.3592359721660614,0.4808078110218048
sin_high,50,0,3300,0.35883474349975586,0.4807904362678528
sin_high,50,0,3350,0.3584458529949188,0.4804061949253082
sin_high,50,0,3400,0.35808929800987244,0.4803332984447479
sin_high,50,0,3450,0.35774120688438416,0.48023465275764465
sin_high,50,0,3500,0.35741370916366577,0.4796595275402069
sin_high,50,0,3550,0.35709047317504883,0.4794897735118866
sin_high,50,0,3600,0.3567841649055481,0.47935548424720764
sin_high,50,0,3650,0.3564850091934204,0.47929322719573975
sin_high,50,0,3700,0.3562004268169403,0.4794295132160187
sin_high,50,0,3750,0.35592880845069885,0.4788608253002167
sin_high,50,0,3800,0.35566210746765137,0.4784635603427887
sin_high,50,0,3850,0.3554151952266693,0.4780674874782562
sin_high,50,0,3900,0.3551299273967743,0.47762319445610046
sin_high,50,0,3950,0.35488930344581604,0.4775303900241852
sin_high,50,0,4000,0.3546091616153717,0.4774489998817444
sin_high,50,0,4050,0.3543698787689209,0.4766973555088043
sin_high,50,0,4100,0.3541049063205719,0.4764458239078522
sin_high,50,0,4150,0.35385504364967346,0.4761488735675812
sin_high,50,0,4200,0.3535844385623932,0.4758850932121277
sin_high,50,0,4250,0.3533407747745514,0.47565963864326477
sin_high,50,0,4300,0.3531005084514618,0.47514307498931885
sin_high,50,0,4350,0.3528461456298828,0.4751671254634857
sin_high,50,0,4400,0.3526046574115753,0.4742511808872223
sin_high,50,0,4450,0.35235926508903503,0.4744254946708679
sin_high,50,0,4500,0.3521208167076111,0.4739246070384979
sin_high,50,0,4550,0.3518960475921631,0.474203884601593
sin_high,50,0,4600,0.3516777753829956,0.4738013446331024
sin_high,50,0,4650,0.3514648973941803,0.4737895727157593
sin_high,50,0,4700,0.351255863904953,0.47318997979164124
sin_high,50,0,4750,0.351066917181015,0.47282686829566956
sin_high,50,0,4800,0.3508661985397339,0.4729490578174591
sin_high,50,0,4850,0.35067546367645264,0.47251325845718384
sin_high,50,0,4900,0.35050109028816223,0.4724673926830292
sin_high,50,0,4950,0.35034069418907166,0.4728330075740814
sin_high,50,0,5000,0.3501605987548828,0.4726145267486572
sin_high,50,1,0,0.49352118372917175,0.49827614426612854
sin_high,50,1,50,0.4393201470375061,0.5427701473236084
sin_high,50,1,100,0.4328177571296692,0.5444657206535339
sin_high,50,1,150,0.4256032109260559,0.5402036309242249
sin_high,50,1,200,0.41945356130599976,0.5388259291648865
sin_high,50,1,250,0.41577306389808655,0.537760317325592
sin_high,50,1,300,0.41321760416030884,0.5369664430618286
sin_high,50,1,350,0.41117531061172485,0.5365945100784302
sin_high,50,1,400,0.4096764326095581,0.5366101861000061
sin_high,50,1,450,0.40856635570526123,0.5367341637611389
sin_high,50,1,500,0.4076944589614868,0.5372854471206665
sin_high,50,1,550,0.4069134294986725,0.537339985370636
sin_high,50,1,600,0.40613260865211487,0.537287175655365
sin_high,50,1,650,0.4053103029727936,0.5371388792991638
sin_high,50,1,700,0.40441131591796875,0.5364729166030884
sin_high,50,1,750,0.40343761444091797,0.5359635353088379
sin_high,50,1,800,0.40238508582115173,0.5351756811141968
sin_high,50,1,850,0.40125077962875366,0.5343486666679382
sin_high,50,1,900,0.40005674958229065,0.533768355846405
sin_high,50,1,950,0.39880087971687317,0.5329124927520752
sin_high,50,1,1000,0.39750275015830994,0.5320220589637756
sin_high,50,1,1050,0.39615797996520996,0.5309852957725525
sin_high,50,1,1100,0.3947720229625702,0.5302108526229858
sin_high,50,1,1150,0.3933565318584442,0.529596209526062
sin_high,50,1,1200,0.391895055770874,0.5288225412368774
sin_high,50,1,1250,0.39040908217430115,0.527977466583252
sin_high,50,1,1300,0.38889604806900024,0.5273020267486572
sin_high,50,1,1350,0.38733047246932983,0.5263896584510803
sin_high,50,1,1400,0.3857286870479584,0.5251916646957397
sin_high,50,1,1450,0.38407421112060547,0.5246924161911011
sin_high,50,1,1500,0.3824034035205841,0.5238162875175476
sin_high,50,1,1550,0.38071295619010925,0.5229086875915527
sin_high,50,1,1600,0.3789999783039093,0.5220661759376526
sin_high,50,1,1650,0.3772571384906769,0.5211650729179382
sin_high,50,1,1700,0.37549352645874023,0.5199182629585266
sin_high,50,1,1750,0.37368863821029663,0.5192570090293884
sin_high,50,1,1800,0.37185248732566833,0.5182330012321472
sin_high,50,1,1850,0.36996015906333923,0.5170565247535706
sin_high,50,1,1900,0.3680171072483063,0.51630699634552
sin_high,50,1,1950,0.3660127818584442,0.5147474408149719
sin_high,50,1,2000,0.3639391362667084,0.5138556957244873
sin_high,50,1,2050,0.36180365085601807,0.5128042101860046
sin_high,50,1,2100,0.35960808396339417,0.5109950304031372
sin_high,50,1,2150,0.3573504686355591,0.5095583200454712
sin_high,50,1,2200,0.3550257086753845,0.5082269310951233
sin_high,50,1,2250,0.3526032865047455,0.5058204531669617
sin_high,50,1,2300,0.3501189351081848,0.5040556788444519
sin_high,50,1,2350,0.3475608229637146,0.5019967555999756
sin_high,50,1,2400,0.34492599964141846,0.5000843405723572
sin_high,50,1,2450,0.34225279092788696,0.4975452125072479
sin_high,50,1,2500,0.33952581882476807,0.4954474866390228
sin_high,50,1,2550,0.33677366375923157,0.49422940611839294
sin_high,50,1,2600,0.33397215604782104,0.4918275773525238
sin_high,50,1,2650,0.33116522431373596,0.48943352699279785
sin_high,50,1,2700,0.32833200693130493,0.48714980483055115
sin_high,50,1,2750,0.32549697160720825,0.48516079783439636
sin_high,50,1,2800,0.32265380024909973,0.48268112540245056
sin_high,50,1,2850,0.3197832405567169,0.47995248436927795
sin_high,50,1,2900,0.31692588329315186,0.47790998220443726
sin_high,50,1,2950,0.3140595257282257,0.47548580169677734
sin_high,50,1,3000,0.3112023174762726,0.47338375449180603
sin_high,50,1,3050,0.3083270490169525,0.47078627347946167
sin_high,50,1,3100,0.30548161268234253,0.4688607454299927
sin_high,50,1,3150,0.3026149272918701,0.4663788676261902
sin_high,50,1,3200,0.29980310797691345,0.46480172872543335
sin_high,50,1,3250,0.2969779968261719,0.46153244376182556
sin_high,50,1,3300,0.2941746115684509,0.45968836545944214
sin_high,50,1,3350,0.291403204202652,0.45769959688186646
sin_high,50,1,3400,0.2886379361152649,0.4544459283351898
sin_high,50,1,3450,0.28589048981666565,0.45294296741485596
sin_high,50,1,3500,0.2831483781337738,0.4503479301929474
sin_high,50,1,3550,0.2804267108440399,0.44842562079429626
sin_high,50,1,3600,0.27771034836769104,0.44598814845085144
sin_high,50,1,3650,0.2750164866447449,0.44292476773262024
sin_high,50,1,3700,0.2723316252231598,0.4411086142063141
sin_high,50,1,3750,0.26966795325279236,0.43873921036720276
sin_high,50,1,3800,0.2670210897922516,0.4358592927455902
sin_high,50,1,3850,0.26440325379371643,0.43378323316574097
sin_high,50,1,3900,0.26180416345596313,0.4311385452747345
sin_high,50,1,3950,0.25921350717544556,0.4294740855693817
sin_high,50,1,4000,0.2566710114479065,0.42737412452697754
sin_high,50,1,4050,0.2541508376598358,0.42399898171424866
sin_high,50,1,4100,0.25166767835617065,0.42185068130493164
sin_high,50,1,4150,0.24923518300056458,0.4194239675998688
sin_high,50,1,4200,0.24682192504405975,0.4175052046775818
sin_high,50,1,4250,0.24446721374988556,0.41526487469673157
sin_high,50,1,4300,0.2421417534351349,0.4135652780532837
sin_high,50,1,4350,0.23985585570335388,0.4118882417678833
sin_high,50,1,4400,0.23763446509838104,0.40922975540161133
sin_high,50,1,4450,0.2354581356048584,0.4071517586708069
sin_high,50,1,4500,0.23333927989006042,0.40547752380371094
sin_high,50,1,4550,0.2312721610069275,0.4025834798812866
sin_high,50,1,4600,0.22927777469158173,0.4014831781387329
sin_high,50,1,4650,0.22731269896030426,0.39941930770874023
sin_high,50,1,4700,0.22543826699256897,0.3989700675010681
sin_high,50,1,4750,0.22359874844551086,0.3954150676727295
sin_high,50,1,4800,0.2218240648508072,0.394345223903656
sin_high,50,1,4850,0.22009634971618652,0.3930855989456177
sin_high,50,1,4900,0.21840912103652954,0.39139682054519653
sin_high,50,1,4950,0.21675994992256165,0.38962289690971375
sin_high,50,1,5000,0.21513715386390686,0.3883061707019806
sin_high,50,2,0,0.5845177173614502,0.5192458629608154
sin_high,50,2,50,0.5307673811912537,0.5048078298568726
sin_high,50,2,100,0.5260633826255798,0.5021592378616333
sin_high,50,2,150,0.521892249584198,0.500969409942627
sin_high,50,2,200,0.5196166634559631,0.5003085732460022
sin_high,50,2,250,0.5176964998245239,0.4993462562561035
sin_high,50,2,300,0.5157948136329651,0.49879685044288635
sin_high,50,2,350,0.5139779448509216,0.4978734254837036
sin_high,50,2,400,0.5121774077415466,0.49684303998947144
sin_high,50,2,450,0.5105305314064026,0.49643051624298096
sin_high,50,2,500,0.5090624690055847,0.49606919288635254
sin_high,50,2,550,0.5077812671661377,0.4957635998725891
sin_high,50,2,600,0.5066660046577454,0.4957323968410492
sin_high,50,2,650,0.5056223273277283,0.4958249628543854
sin_high,50,2,700,0.5045511722564697,0.4956517517566681
sin_high,50,2,750,0.5033420920372009,0.4953896105289459
sin_high,50,2,800,0.5019418001174927,0.4948500394821167
sin_high,50,2,850,0.5003246068954468,0.49426400661468506
sin_high,50,2,900,0.4984915852546692,0.4936656057834625
sin_high,50,2,950,0.4964521825313568,0.49295130372047424
sin_high,50,2,1000,0.49420949816703796,0.49203261733055115
sin_high,50,2,1050,0.491789847612381,0.49123451113700867
sin_high,50,2,1100,0.48919424414634705,0.49008461833000183
sin_high,50,2,1150,0.4864305257797241,0.48887038230895996
sin_high,50,2,1200,0.483508825302124,0.4875198006629944
sin_high,50,2,1250,0.48044589161872864,0.48639804124832153
sin_high,50,2,1300,0.4772692620754242,0.48541614413261414
sin_high,50,2,1350,0.47395265102386475,0.4837537407875061
sin_high,50,2,1400,0.47052210569381714,0.4824080467224121
sin_high,50,2,1450,0.467014342546463,0.4809246063232422
sin_high,50,2,1500,0.46310096979141235,0.4789790213108063
sin_high,50,2,1550,0.45940008759498596,0.47726109623908997
sin_high,50,2,1600,0.4555577039718628,0.47533121705055237
sin_high,50,2,1650,0.4516928791999817,0.4731597602367401
sin_high,50,2,1700,0.4477716386318207,0.4710342288017273
sin_high,50,2,1750,0.44381558895111084,0.4691704511642456
sin_high,50,2,1800,0.4398660957813263,0.4669012129306793
sin_high,50,2,1850,0.43589338660240173,0.4647161364555359
sin_high,50,2,1900,0.4319210350513458,0.46302786469459534
sin_high,50,2,1950,0.4279762804508209,0.4608227610588074
sin_high,50,2,2000,0.4240782856941223,0.4588767886161804
sin_high,50,2,2050,0.42015165090560913,0.4567534923553467
sin_high,50,2,2100,0.41633087396621704,0.4549838602542877
sin_high,50,2,2150,0.4126410484313965,0.45346784591674805
sin_high,50,2,2200,0.40904471278190613,0.4516456425189972
sin_high,50,2,2250,0.405568391084671,0.45012032985687256
sin_high,50,2,2300,0.4021654427051544,0.44878312945365906
sin_high,50,2,2350,0.39890480041503906,0.4476867914199829
sin_high,50,2,2400,0.39575767517089844,0.44698312878608704
sin_high,50,2,2450,0.39271149039268494,0.4455474019050598
sin_high,50,2,2500,0.38982880115509033,0.44465816020965576
sin_high,50,2,2550,0.3870815336704254,0.44401371479034424
sin_high,50,2,2600,0.384459525346756,0.4433772563934326
sin_high,50,2,2650,0.38195425271987915,0.44220390915870667
sin_high,50,2,2700,0.37958160042762756,0.44171133637428284
sin_high,50,2,2750,0.3772779703140259,0.44060981273651123
sin_high,50,2,2800,0.3750944435596466,0.44030556082725525
sin_high,50,2,2850,0.373024582862854,0.4396439492702484
sin_high,50,2,2900,0.3710714280605316,0.43888789415359497
sin_high,50,2,2950,0.3692079782485962,0.4375471770763397
sin_high,50,2,3000,0.3673814833164215,0.4358556568622589
sin_high,50,2,3050,0.36562252044677734,0.4348750710487366
sin_high,50,2,3100,0.36387407779693604,0.43335217237472534
sin_high,50,2,3150,0.3622124493122101,0.4325094223022461
sin_high,50,2,3200,0.3605707585811615,0.4317414462566376
sin_high,50,2,3250,0.35899028182029724,0.4302712380886078
sin_high,50,2,3300,0.35743871331214905,0.4294452667236328
sin_high,50,2,3350,0.35593146085739136,0.42850032448768616
sin_high,50,2,3400,0.3544851839542389,0.4275425970554352
sin_high,50,2,3450,0.3530663549900055,0.4267849326133728
sin_high,50,2,3500,0.35168585181236267,0.4264332950115204
sin_high,50,2,3550,0.35038211941719055,0.42606043815612793
sin_high,50,2,3600,0.34910663962364197,0.4256758391857147
sin_high,50,2,3650,0.34787100553512573,0.42545434832572937
sin_high,50,2,3700,0.34671178460121155,0.42580345273017883
sin_high,50,2,3750,0.34559521079063416,0.4254152178764343
sin_high,50,2,3800,0.34454676508903503,0.4257313907146454
sin_high,50,2,3850,0.34355980157852173,0.42573249340057373
sin_high,50,2,3900,0.34262487292289734,0.4255162477493286
sin_high,50,2,3950,0.3417343199253082,0.4255180060863495
sin_high,50,2,4000,0.3408970832824707,0.4252806305885315
sin_high,50,2,4050,0.3401014506816864,0.42543813586235046
sin_high,50,2,4100,0.33934980630874634,0.42502516508102417
sin_high,50,2,4150,0.3386291563510895,0.42458027601242065
sin_high,50,2,4200,0.3379376232624054,0.4241423010826111
sin_high,50,2,4250,0.33725273609161377,0.4234730303287506
sin_high,50,2,4300,0.33660781383514404,0.42304447293281555
sin_high,50,2,4350,0.33595383167266846,0.42254796624183655
sin_high,50,2,4400,0.3353556990623474,0.42181384563446045
sin_high,50,2,4450,0.3347388505935669,0.4213660955429077
sin_high,50,2,4500,0.33415836095809937,0.42127686738967896
sin_high,50,2,4550,0.33361297845840454,0.42043447494506836
sin_high,50,2,4600,0.33304205536842346,0.4201686680316925
sin_high,50,2,4650,0.3325260877609253,0.4199163317680359
sin_high,50,2,4700,0.33201688528060913,0.41955482959747314
sin_high,50,2,4750,0.33153241872787476,0.4192829430103302
sin_high,50,2,4800,0.3310723900794983,0.4191504120826721
sin_high,50,2,4850,0.3306277394294739,0.41875746846199036
sin_high,50,2,4900,0.33020731806755066,0.4183659553527832
sin_high,50,2,4950,0.3298063278198242,0.4184880554676056
sin_high,50,2,5000,0.32942527532577515,0.4184045195579529
sin_high,50,3,0,0.8315681219100952,0.7205075025558472
sin_high,50,3,50,0.4209097921848297,0.517486035823822
sin_high,50,3,100,0.41180655360221863,0.5063089728355408
sin_high,50,3,150,0.4100813865661621,0.5056334137916565
sin_high,50,3,200,0.40883535146713257,0.5054640173912048
sin_high,50,3,250,0.40778976678848267,0.5054036378860474
sin_high,50,3,300,0.40677398443222046,0.5052577257156372
sin_high,50,3,350,0.4058907628059387,0.5053544640541077
sin_high,50,3,400,0.4049990475177765,0.5054225921630859
sin_high,50,3,450,0.4039771556854248,0.5055297613143921
sin_high,50,3,500,0.40280166268348694,0.5055665969848633
sin_high,50,3,550,0.40155506134033203,0.5056168437004089
sin_high,50,3,600,0.40016236901283264,0.505617082118988
sin_high,50,3,650,0.3986387550830841,0.505601704120636
sin_high,50,3,700,0.39713048934936523,0.5055651068687439
sin_high,50,3,750,0.39549916982650757,0.5053036212921143
sin_high,50,3,800,0.39373621344566345,0.5050978064537048
sin_high,50,3,850,0.3918358385562897,0.5044833421707153
sin_high,50,3,900,0.3897435665130615,0.5036607980728149
sin_high,50,3,950,0.38770049810409546,0.5032303929328918
sin_high,50,3,1000,0.38562995195388794,0.503088116645813
sin_high,50,3,1050,0.38356781005859375,0.503274142742157
sin_high,50,3,1100,0.381528377532959,0.503352701663971
sin_high,50,3,1150,0.3795835077762604,0.5034931898117065
sin_high,50,3,1200,0.37769004702568054,0.5035614371299744
sin_high,50,3,1250,0.3758864104747772,0.5036180019378662
sin_high,50,3,1300,0.3741767704486847,0.5039187669754028
sin_high,50,3,1350,0.3726326525211334,0.5042358636856079
sin_high,50,3,1400,0.37120404839515686,0.5047168731689453
sin_high,50,3,1450,0.3699139356613159,0.5051138401031494
sin_high,50,3,1500,0.36875513195991516,0.5053835511207581
sin_high,50,3,1550,0.3677070438861847,0.5056043863296509
sin_high,50,3,1600,0.36676764488220215,0.5059128403663635
sin_high,50,3,1650,0.36591359972953796,0.5061938762664795
sin_high,50,3,1700,0.36515071988105774,0.5062539577484131
sin_high,50,3,1750,0.36443445086479187,0.5063691139221191
sin_high,50,3,1800,0.36378759145736694,0.5062211155891418
sin_high,50,3,1850,0.36317184567451477,0.5064654350280762
sin_high,50,3,1900,0.3626016676425934,0.5061975717544556
sin_high,50,3,1950,0.36205434799194336,0.5063250064849854
sin_high,50,3,2000,0.36154094338417053,0.5063700675964355
sin_high,50,3,2050,0.3610408306121826,0.5058838725090027
sin_high,50,3,2100,0.36055877804756165,0.5057485103607178
sin_high,50,3,2150,0.360115647315979,0.5054407119750977
sin_high,50,3,2200,0.3596513271331787,0.5052219033241272
sin_high,50,3,2250,0.35922300815582275,0.5051500201225281
sin_high,50,3,2300,0.3587709069252014,0.5048530697822571
sin_high,50,3,2350,0.3583377003669739,0.5047706961631775
sin_high,50,3,2400,0.35791221261024475,0.5044184923171997
sin_high,50,3,2450,0.3574655055999756,0.504120409488678
sin_high,50,3,2500,0.3570336401462555,0.5041152238845825
sin_high,50,3,2550,0.3566090166568756,0.5036248564720154
sin_high,50,3,2600,0.3561657667160034,0.503851056098938
sin_high,50,3,2650,0.3557162880897522,0.5033243894577026
sin_high,50,3,2700,0.3552546501159668,0.5031471848487854
sin_high,50,3,2750,0.35479891300201416,0.5028082132339478
sin_high,50,3,2800,0.35432544350624084,0.5024905800819397
sin_high,50,3,2850,0.35383814573287964,0.5020719766616821
sin_high,50,3,2900,0.35333213210105896,0.501683235168457
sin_high,50,3,2950,0.35283246636390686,0.5015548467636108
sin_high,50,3,3000,0.3522970974445343,0.501179039478302
sin_high,50,3,3050,0.35174426436424255,0.5008723139762878
sin_high,50,3,3100,0.35118162631988525,0.5004357695579529
sin_high,50,3,3150,0.35060518980026245,0.4995659291744232
sin_high,50,3,3200,0.349994421005249,0.4994255304336548
sin_high,50,3,3250,0.34938693046569824,0.49911215901374817
sin_high,50,3,3300,0.3487459123134613,0.49902161955833435
sin_high,50,3,3350,0.3480830192565918,0.49823904037475586
sin_high,50,3,3400,0.3473953306674957,0.49809467792510986
sin_high,50,3,3450,0.34667178988456726,0.4971633553504944
sin_high,50,3,3500,0.345941424369812,0.496388703584671
sin_high,50,3,3550,0.34518036246299744,0.4960358440876007
sin_high,50,3,3600,0.3443780541419983,0.49560442566871643
sin_high,50,3,3650,0.3435734808444977,0.49450618028640747
sin_high,50,3,3700,0.34270843863487244,0.4941607415676117
sin_high,50,3,3750,0.34184059500694275,0.49302977323532104
sin_high,50,3,3800,0.3409227430820465,0.4922928214073181
sin_high,50,3,3850,0.3399982750415802,0.4917198121547699
sin_high,50,3,3900,0.33903518319129944,0.4906819462776184
sin_high,50,3,3950,0.3380519151687622,0.4900391697883606
sin_high,50,3,4000,0.3370271921157837,0.489040732383728
sin_high,50,3,4050,0.3359840214252472,0.48818549513816833
sin_high,50,3,4100,0.33490732312202454,0.4873020648956299
sin_high,50,3,4150,0.33380821347236633,0.48590680956840515
sin_high,50,3,4200,0.33267828822135925,0.48482686281204224
sin_high,50,3,4250,0.3315088450908661,0.483596533536911
sin_high,50,3,4300,0.3303322494029999,0.48217490315437317
sin_high,50,3,4350,0.32909849286079407,0.4813961386680603
sin_high,50,3,4400,0.3278369903564453,0.47971755266189575
sin_high,50,3,4450,0.3265596032142639,0.47847887873649597
sin_high,50,3,4500,0.32524779438972473,0.4774633049964905
sin_high,50,3,4550,0.3238920569419861,0.4754549264907837
sin_high,50,3,4600,0.32254526019096375,0.4740678668022156
sin_high,50,3,4650,0.32114845514297485,0.4729333221912384
sin_high,50,3,4700,0.31974828243255615,0.4712328612804413
sin_high,50,3,4750,0.31830930709838867,0.469514936208725
sin_high,50,3,4800,0.31686946749687195,0.46816909313201904
sin_high,50,3,4850,0.3153873383998871,0.46613553166389465
sin_high,50,3,4900,0.3139009475708008,0.4643896520137787
sin_high,50,3,4950,0.312398225069046,0.46262800693511963
sin_high,50,3,5000,0.3108707666397095,0.4615868628025055
sin_high,50,4,0,0.5606955885887146,0.5825151801109314
sin_high,50,4,50,0.5088104605674744,0.49845319986343384
sin_high,50,4,100,0.5058510303497314,0.49827060103416443
sin_high,50,4,150,0.5029935836791992,0.4965499937534332
sin_high,50,4,200,0.4997827112674713,0.4945679306983948
sin_high,50,4,250,0.496416300535202,0.4925454258918762
sin_high,50,4,300,0.49217987060546875,0.48981183767318726
sin_high,50,4,350,0.4884355068206787,0.48773181438446045
sin_high,50,4,400,0.4846329391002655,0.48565754294395447
sin_high,50,4,450,0.4814564287662506,0.484220415353775
sin_high,50,4,500,0.4786410331726074,0.4831037223339081
sin_high,50,4,550,0.47622039914131165,0.4822918772697449
sin_high,50,4,600,0.4741203486919403,0.48167160153388977
sin_high,50,4,650,0.47222182154655457,0.48136410117149353
sin_high,50,4,700,0.4705284833908081,0.4812537729740143
sin_high,50,4,750,0.4689018130302429,0.4805586040019989
sin_high,50,4,800,0.46730703115463257,0.4793853461742401
sin_high,50,4,850,0.4657622277736664,0.478318452835083
sin_high,50,4,900,0.4642803966999054,0.4777117669582367
sin_high,50,4,950,0.4627649188041687,0.4771778881549835
sin_high,50,4,1000,0.4612242877483368,0.4764450192451477
sin_high,50,4,1050,0.4596535861492157,0.4756775200366974
sin_high,50,4,1100,0.4580415189266205,0.47479984164237976
sin_high,50,4,1150,0.45639699697494507,0.47389310598373413
sin_high,50,4,1200,0.45472124218940735,0.47292086482048035
sin_high,50,4,1250,0.45302116870880127,0.4719667434692383
sin_high,50,4,1300,0.4512885510921478,0.4709387421607971
sin_high,50,4,1350,0.4495321214199066,0.4698963165283203
sin_high,50,4,1400,0.4477607309818268,0.4688650369644165
sin_high,50,4,1450,0.44595015048980713,0.4678046405315399
sin_high,50,4,1500,0.44414034485816956,0.4668264091014862
sin_high,50,4,1550,0.4422929286956787,0.4656115472316742
sin_high,50,4,1600,0.4404253363609314,0.46447640657424927
sin_high,50,4,1650,0.43854469060897827,0.46338406205177307
sin_high,50,4,1700,0.4366239011287689,0.4622489809989929
sin_high,50,4,1750,0.4346781373023987,0.46100884675979614
sin_high,50,4,1800,0.43270620703697205,0.45998066663742065
sin_high,50,4,1850,0.43069398403167725,0.4586372971534729
sin_high,50,4,1900,0.42865970730781555,0.4574635624885559
sin_high,50,4,1950,0.4266020953655243,0.45620936155319214
sin_high,50,4,2000,0.42451712489128113,0.45500439405441284
sin_high,50,4,2050,0.4224094748497009,0.45371758937835693
sin_high,50,4,2100,0.42029374837875366,0.4524419903755188
sin_high,50,4,2150,0.41814905405044556,0.45112907886505127
sin_high,50,4,2200,0.4160008132457733,0.44981643557548523
sin_high,50,4,2250,0.41382917761802673,0.44848716259002686
sin_high,50,4,2300,0.4116535782814026,0.4473199248313904
sin_high,50,4,2350,0.40945982933044434,0.4460481107234955
sin_high,50,4,2400,0.4072505235671997,0.44493576884269714
sin_high,50,4,2450,0.4050452709197998,0.44387170672416687
sin_high,50,4,2500,0.40281203389167786,0.4427085518836975
sin_high,50,4,2550,0.4006005823612213,0.441771537065506
sin_high,50,4,2600,0.39837053418159485,0.4409146308898926
sin_high,50,4,2650,0.3961464464664459,0.44001075625419617
sin_high,50,4,2700,0.39389219880104065,0.4392370581626892
sin_high,50,4,2750,0.3916657269001007,0.4385185241699219
sin_high,50,4,2800,0.3894074559211731,0.438136488199234
sin_high,50,4,2850,0.38711586594581604,0.4380668103694916
sin_high,50,4,2900,0.3848080337047577,0.4383879005908966
sin_high,50,4,2950,0.3824548125267029,0.43892762064933777
sin_high,50,4,3000,0.38004589080810547,0.4399985373020172
sin_high,50,4,3050,0.37762871384620667,0.4412001073360443
sin_high,50,4,3100,0.3751848638057709,0.4427938163280487
sin_high,50,4,3150,0.37271979451179504,0.4446304142475128
sin_high,50,4,3200,0.3702135384082794,0.44672396779060364
sin_high,50,4,3250,0.3677055239677429,0.4489937722682953
sin_high,50,4,3300,0.36516356468200684,0.4514809846878052
sin_high,50,4,3350,0.3625796437263489,0.45423391461372375
sin_high,50,4,3400,0.3598950207233429,0.45659780502319336
sin_high,50,4,3450,0.3572315275669098,0.4594440460205078
sin_high,50,4,3500,0.35455965995788574,0.462373286485672
sin_high,50,4,3550,0.351889044046402,0.46533843874931335
sin_high,50,4,3600,0.34923598170280457,0.46785494685173035
sin_high,50,4,3650,0.34660467505455017,0.47031155228614807
sin_high,50,4,3700,0.3439921736717224,0.472688764333725
sin_high,50,4,3750,0.34138405323028564,0.4745044708251953
sin_high,50,4,3800,0.3388090133666992,0.4765745997428894
sin_high,50,4,3850,0.336243212223053,0.478960782289505
sin_high,50,4,3900,0.33367159962654114,0.4806453287601471
sin_high,50,4,3950,0.33113887906074524,0.4831033945083618
sin_high,50,4,4000,0.3286360204219818,0.4850855767726898
sin_high,50,4,4050,0.3261432647705078,0.4867333769798279
sin_high,50,4,4100,0.3237239718437195,0.48933345079421997
sin_high,50,4,4150,0.3213055431842804,0.4920789301395416
sin_high,50,4,4200,0.3189222514629364,0.4946626126766205
sin_high,50,4,4250,0.3165547549724579,0.4981064796447754
sin_high,50,4,4300,0.3142280578613281,0.5013340711593628
sin_high,50,4,4350,0.3119264245033264,0.504215657711029
sin_high,50,4,4400,0.30969247221946716,0.5076015591621399
sin_high,50,4,4450,0.30746158957481384,0.5107965469360352
sin_high,50,4,4500,0.30521664023399353,0.5133270621299744
sin_high,50,4,4550,0.30296340584754944,0.5166589021682739
sin_high,50,4,4600,0.30074480175971985,0.5193083882331848
sin_high,50,4,4650,0.29855653643608093,0.5219969153404236
sin_high,50,4,4700,0.2964044511318207,0.5253941416740417
sin_high,50,4,4750,0.29425859451293945,0.5278080701828003
sin_high,50,4,4800,0.29212522506713867,0.5311161279678345
sin_high,50,4,4850,0.2900729775428772,0.5335419774055481
sin_high,50,4,4900,0.288043737411499,0.5367453694343567
sin_high,50,4,4950,0.28601598739624023,0.5391116142272949
sin_high,50,4,5000,0.2840101718902588,0.5420619249343872
sin_high,100,0,0,0.5312759280204773,0.5454590320587158
sin_high,100,0,50,0.43892785906791687,0.502709150314331
sin_high,100,0,100,0.43471547961235046,0.5030968189239502
sin_high,100,0,150,0.4314883351325989,0.5025637149810791
sin_high,100,0,200,0.42825281620025635,0.5015172958374023
sin_high,100,0,250,0.4246150851249695,0.5003163814544678
sin_high,100,0,300,0.42085132002830505,0.4995803236961365
sin_high,100,0,350,0.4169060289859772,0.49898409843444824
sin_high,100,0,400,0.4129594564437866,0.49880626797676086
sin_high,100,0,450,0.40895846486091614,0.4983937740325928
sin_high,100,0,500,0.40488681197166443,0.49796774983406067
sin_high,100,0,550,0.40094953775405884,0.49784940481185913
sin_high,100,0,600,0.39730536937713623,0.4981847107410431
sin_high,100,0,650,0.3938870429992676,0.4979517459869385
sin_high,100,0,700,0.39068710803985596,0.49761173129081726
sin_high,100,0,750,0.3876432776451111,0.49699148535728455
sin_high,100,0,800,0.3848525285720825,0.49690768122673035
sin_high,100,0,850,0.3822347819805145,0.49654537439346313
sin_high,100,0,900,0.3797610402107239,0.4954356551170349
sin_high,100,0,950,0.3774648606777191,0.49433815479278564
sin_high,100,0,1000,0.37533751130104065,0.49366554617881775
sin_high,100,0,1050,0.37336546182632446,0.4932902455329895
sin_high,100,0,1100,0.37152060866355896,0.49250489473342896
sin_high,100,0,1150,0.36979416012763977,0.49168306589126587
sin_high,100,0,1200,0.36813536286354065,0.49108198285102844
sin_high,100,0,1250,0.36656519770622253,0.48982474207878113
sin_high,100,0,1300,0.3650151491165161,0.4889446198940277
sin_high,100,0,1350,0.36351075768470764,0.48719313740730286
sin_high,100,0,1400,0.36200767755508423,0.4857383668422699
sin_high,100,0,1450,0.36048850417137146,0.48417654633522034
sin_high,100,0,1500,0.358975350856781,0.48297879099845886
sin_high,100,0,1550,0.3574744462966919,0.48150599002838135
sin_high,100,0,1600,0.3559481203556061,0.4800568222999573
sin_high,100,0,1650,0.3544235825538635,0.4785396456718445
sin_high,100,0,1700,0.35290831327438354,0.4771629571914673
sin_high,100,0,1750,0.3513873219490051,0.4759437143802643
sin_high,100,0,1800,0.3498506546020508,0.4742220640182495
sin_high,100,0,1850,0.3483082950115204,0.4726528823375702
sin_high,100,0,1900,0.3467661142349243,0.47086021304130554
sin_high,100,0,1950,0.34518980979919434,0.46899983286857605
sin_high,100,0,2000,0.3435826003551483,0.46717092394828796
sin_high,100,0,2050,0.3419135510921478,0.4658535420894623
sin_high,100,0,2100,0.34021446108818054,0.46414729952812195
sin_high,100,0,2150,0.33847576379776,0.46189436316490173
sin_high,100,0,2200,0.33672571182250977,0.46045026183128357
sin_high,100,0,2250,0.33491790294647217,0.4586819112300873
sin_high,100,0,2300,0.333065927028656,0.4562002122402191
sin_high,100,0,2350,0.3311971127986908,0.45409005880355835
sin_high,100,0,2400,0.32926633954048157,0.45180490612983704
sin_high,100,0,2450,0.32729560136795044,0.44928616285324097
sin_high,100,0,2500,0.3252844214439392,0.44690656661987305
sin_high,100,0,2550,0.3232356905937195,0.44440335035324097
sin_high,100,0,2600,0.3211281895637512,0.4418274760246277
sin_high,100,0,2650,0.31900036334991455,0.4394557774066925
sin_high,100,0,2700,0.3168331980705261,0.43726682662963867
sin_high,100,0,2750,0.3146708905696869,0.4349876940250397
sin_high,100,0,2800,0.31245753169059753,0.43259766697883606
sin_high,100,0,2850,0.3102000057697296,0.43053585290908813
sin_high,100,0,2900,0.30792954564094543,0.42785170674324036
sin_high,100,0,2950,0.30565088987350464,0.4255843758583069
sin_high,100,0,3000,0.3033525347709656,0.42287135124206543
sin_high,100,0,3050,0.30103179812431335,0.41991421580314636
sin_high,100,0,3100,0.2987353503704071,0.417567640542984
sin_high,100,0,3150,0.2964017689228058,0.4149530231952667
sin_high,100,0,3200,0.29406338930130005,0.41280245780944824
sin_high,100,0,3250,0.2917190194129944,0.4103677272796631
sin_high,100,0,3300,0.2894231975078583,0.40708157420158386
sin_high,100,0,3350,0.287122905254364,0.40472787618637085
sin_high,100,0,3400,0.2848072350025177,0.4020405411720276
sin_high,100,0,3450,0.282512903213501,0.39957159757614136
sin_high,100,0,3500,0.2802509069442749,0.3969971239566803
sin_high,100,0,3550,0.27798500657081604,0.3949332535266876
sin_high,100,0,3600,0.2757386863231659,0.39193791151046753
sin_high,100,0,3650,0.27353668212890625,0.3894951343536377
sin_high,100,0,3700,0.27136528491973877,0.386538028717041
sin_high,100,0,3750,0.2692262530326843,0.3839966654777527
sin_high,100,0,3800,0.2671206295490265,0.38148993253707886
sin_high,100,0,3850,0.26506415009498596,0.37927380204200745
sin_high,100,0,3900,0.2630293667316437,0.37700337171554565
sin_high,100,0,3950,0.2610447108745575,0.37478843331336975
sin_high,100,0,4000,0.25913113355636597,0.3714788556098938
sin_high,100,0,4050,0.2572534680366516,0.3693177103996277
sin_high,100,0,4100,0.2554219365119934,0.36791589856147766
sin_high,100,0,4150,0.25353607535362244,0.365095853805542
sin_high,100,0,4200,0.2517419755458832,0.3631407916545868
sin_high,100,0,4250,0.24998739361763,0.36124536395072937
sin_high,100,0,4300,0.24823863804340363,0.358412504196167
sin_high,100,0,4350,0.24648605287075043,0.3562016785144806
sin_high,100,0,4400,0.24480588734149933,0.3540310859680176
sin_high,100,0,4450,0.24314256012439728,0.35241347551345825
sin_high,100,0,4500,0.241484135389328,0.349678635597229
sin_high,100,0,4550,0.239842489361763,0.34783661365509033
sin_high,100,0,4600,0.238247349858284,0.3458321988582611
sin_high,100,0,4650,0.23668251931667328,0.34297657012939453
sin_high,100,0,4700,0.23509550094604492,0.3420763313770294
sin_high,100,0,4750,0.23356734216213226,0.3396226465702057
sin_high,100,0,4800,0.23210304975509644,0.3383985459804535
sin_high,100,0,4850,0.23058196902275085,0.3359130322933197
sin_high,100,0,4900,0.22911156713962555,0.33394941687583923
sin_high,100,0,4950,0.22767353057861328,0.3317027986049652
sin_high,100,0,5000,0.22620441019535065,0.33024856448173523
sin_high,100,1,0,0.5338140726089478,0.5064290761947632
sin_high,100,1,50,0.43471282720565796,0.5527985095977783
sin_high,100,1,100,0.42568621039390564,0.5403817892074585
sin_high,100,1,150,0.41860702633857727,0.5370137095451355
sin_high,100,1,200,0.4135706126689911,0.535689115524292
sin_high,100,1,250,0.41091230511665344,0.5354724526405334
sin_high,100,1,300,0.4091959297657013,0.53603196144104
sin_high,100,1,350,0.4082295894622803,0.5361512899398804
sin_high,100,1,400,0.40744394063949585,0.536379337310791
sin_high,100,1,450,0.40670260787010193,0.5363461971282959
sin_high,100,1,500,0.4059472680091858,0.5360300540924072
sin_high,100,1,550,0.4051364064216614,0.5355598330497742
sin_high,100,1,600,0.4042593538761139,0.5350176095962524
sin_high,100,1,650,0.40330931544303894,0.534264087677002
sin_high,100,1,700,0.4022921323776245,0.533635139465332
sin_high,100,1,750,0.4011836051940918,0.5326597094535828
sin_high,100,1,800,0.3999660313129425,0.5317689180374146
sin_high,100,1,850,0.39856627583503723,0.5309409499168396
sin_high,100,1,900,0.39695802330970764,0.529527485370636
sin_high,100,1,950,0.3952411711215973,0.5281474590301514
sin_high,100,1,1000,0.3933912515640259,0.5270616412162781
sin_high,100,1,1050,0.391417533159256,0.5254332423210144
sin_high,100,1,1100,0.3893356919288635,0.5242838263511658
sin_high,100,1,1150,0.3871670961380005,0.5229020118713379
sin_high,100,1,1200,0.3848998248577118,0.5217183828353882
sin_high,100,1,1250,0.38253921270370483,0.5204569101333618
sin_high,100,1,1300,0.3801267147064209,0.5191217064857483
sin_high,100,1,1350,0.3776681423187256,0.5174762010574341
sin_high,100,1,1400,0.3752242922782898,0.5165498852729797
sin_high,100,1,1450,0.37282609939575195,0.5152637958526611
sin_high,100,1,1500,0.3704710304737091,0.5143177509307861
sin_high,100,1,1550,0.3681581914424896,0.5129222869873047
sin_high,100,1,1600,0.36587709188461304,0.5121337175369263
sin_high,100,1,1650,0.36358240246772766,0.5097314119338989
sin_high,100,1,1700,0.36123937368392944,0.5078803896903992
sin_high,100,1,1750,0.35883602499961853,0.5049451589584351
sin_high,100,1,1800,0.35638484358787537,0.5029404163360596
sin_high,100,1,1850,0.3538736402988434,0.5030778646469116
sin_high,100,1,1900,0.3513403534889221,0.5020443201065063
sin_high,100,1,1950,0.34876930713653564,0.5012475252151489
sin_high,100,1,2000,0.3461994528770447,0.49967801570892334
sin_high,100,1,2050,0.3436240553855896,0.49800992012023926
sin_high,100,1,2100,0.3409973084926605,0.495982825756073
sin_high,100,1,2150,0.33836328983306885,0.4932476282119751
sin_high,100,1,2200,0.33564189076423645,0.49259433150291443
sin_high,100,1,2250,0.33286747336387634,0.4898667335510254
sin_high,100,1,2300,0.33002012968063354,0.48761114478111267
sin_high,100,1,2350,0.32713061571121216,0.48530396819114685
sin_high,100,1,2400,0.324179083108902,0.4824202358722687
sin_high,100,1,2450,0.3211629092693329,0.47997647523880005
sin_high,100,1,2500,0.3181080222129822,0.4766264259815216
sin_high,100,1,2550,0.3150070607662201,0.4740857183933258
sin_high,100,1,2600,0.3118807077407837,0.4709993004798889
sin_high,100,1,2650,0.30872052907943726,0.46818098425865173
sin_high,100,1,2700,0.3055141866207123,0.4642811417579651
sin_high,100,1,2750,0.30230239033699036,0.4610259532928467
sin_high,100,1,2800,0.2990764379501343,0.45678532123565674
sin_high,100,1,2850,0.2958424389362335,0.4537625312805176
sin_high,100,1,2900,0.29260870814323425,0.45033296942710876
sin_high,100,1,2950,0.28939205408096313,0.44665583968162537
sin_high,100,1,3000,0.2861766517162323,0.4437234699726105
sin_high,100,1,3050,0.2829788625240326,0.4395017921924591
sin_high,100,1,3100,0.2797786593437195,0.43628451228141785
sin_high,100,1,3150,0.27660229802131653,0.4318850338459015
sin_high,100,1,3200,0.2734597325325012,0.4288870394229889
sin_high,100,1,3250,0.2703469395637512,0.4255053400993347
sin_high,100,1,3300,0.2672775089740753,0.4225517809391022
sin_high,100,1,3350,0.26424694061279297,0.4189353287220001
sin_high,100,1,3400,0.26126471161842346,0.41659072041511536
sin_high,100,1,3450,0.2583545744419098,0.4134403169155121
sin_high,100,1,3500,0.25550997257232666,0.40991511940956116
sin_high,100,1,3550,0.25274837017059326,0.40613675117492676
sin_high,100,1,3600,0.25007766485214233,0.40375441312789917
sin_high,100,1,3650,0.2474679946899414,0.4015158414840698
sin_high,100,1,3700,0.24494467675685883,0.39919155836105347
sin_high,100,1,3750,0.2424938678741455,0.395734578371048
sin_high,100,1,3800,0.24009761214256287,0.39303213357925415
sin_high,100,1,3850,0.23781214654445648,0.3915459215641022
sin_high,100,1,3900,0.23558945953845978,0.3883446753025055
sin_high,100,1,3950,0.23345895111560822,0.3858453929424286
sin_high,100,1,4000,0.23138706386089325,0.3846396803855896
sin_high,100,1,4050,0.22938530147075653,0.3822110891342163
sin_high,100,1,4100,0.2274613082408905,0.3794691860675812
sin_high,100,1,4150,0.22558702528476715,0.3780961334705353
sin_high,100,1,4200,0.2237616628408432,0.3759143054485321
sin_high,100,1,4250,0.22200430929660797,0.3741746246814728
sin_high,100,1,4300,0.2200322151184082,0.37241247296333313
sin_high,100,1,4350,0.21716296672821045,0.36702364683151245
sin_high,100,1,4400,0.21527644991874695,0.3649366497993469
sin_high,100,1,4450,0.21345087885856628,0.3627517819404602
sin_high,100,1,4500,0.2116738259792328,0.3621765971183777
sin_high,100,1,4550,0.2099272906780243,0.35806038975715637
sin_high,100,1,4600,0.2082223892211914,0.35733237862586975
sin_high,100,1,4650,0.20655833184719086,0.35633331537246704
sin_high,100,1,4700,0.20494453608989716,0.3541571795940399
sin_high,100,1,4750,0.20336119830608368,0.35159674286842346
sin_high,100,1,4800,0.2018168568611145,0.3501448631286621
sin_high,100,1,4850,0.2003103643655777,0.349501371383667
sin_high,100,1,4900,0.19883239269256592,0.3469359874725342
sin_high,100,1,4950,0.19739508628845215,0.34490448236465454
sin_high,100,1,5000,0.19598300755023956,0.3442506790161133
sin_high,100,2,0,0.5774503946304321,0.5296107530593872
sin_high,100,2,50,0.5257368087768555,0.5005891919136047
sin_high,100,2,100,0.519711434841156,0.49967649579048157
sin_high,100,2,150,0.5144903659820557,0.4978354871273041
sin_high,100,2,200,0.5104420185089111,0.49640658497810364
sin_high,100,2,250,0.5065508484840393,0.4953232705593109
sin_high,100,2,300,0.5026374459266663,0.4943031966686249
sin_high,100,2,350,0.49862760305404663,0.49360033869743347
sin_high,100,2,400,0.4945152997970581,0.4929876923561096
sin_high,100,2,450,0.4902186989784241,0.4920711815357208
sin_high,100,2,500,0.4856910705566406,0.49115583300590515
sin_high,100,2,550,0.48098066449165344,0.49017852544784546
sin_high,100,2,600,0.47610166668891907,0.48928478360176086
sin_high,100,2,650,0.47104543447494507,0.4881809651851654
sin_high,100,2,700,0.46588605642318726,0.4873647093772888
sin_high,100,2,750,0.4606364965438843,0.48586970567703247
sin_high,100,2,800,0.45521387457847595,0.48386067152023315
sin_high,100,2,850,0.4496830403804779,0.4822661280632019
sin_high,100,2,900,0.44410377740859985,0.4801306426525116
sin_high,100,2,950,0.4385242462158203,0.4785524606704712
sin_high,100,2,1000,0.43312254548072815,0.47752252221107483
sin_high,100,2,1050,0.42783811688423157,0.47598299384117126
sin_high,100,2,1100,0.42268821597099304,0.47472965717315674
sin_high,100,2,1150,0.4175274968147278,0.47295865416526794
sin_high,100,2,1200,0.4122254550457001,0.47126081585884094
sin_high,100,2,1250,0.4069792926311493,0.4695822298526764
sin_high,100,2,1300,0.4017988443374634,0.46740707755088806
sin_high,100,2,1350,0.39669907093048096,0.46554940938949585
sin_high,100,2,1400,0.39170804619789124,0.4636039733886719
sin_high,100,2,1450,0.38680800795555115,0.4616321623325348
sin_high,100,2,1500,0.381997287273407,0.4598179757595062
sin_high,100,2,1550,0.3772412836551666,0.4573240280151367
sin_high,100,2,1600,0.37251102924346924,0.45444801449775696
sin_high,100,2,1650,0.36788210272789,0.45099130272865295
sin_high,100,2,1700,0.36340025067329407,0.44796010851860046
sin_high,100,2,1750,0.3591117858886719,0.4453921616077423
sin_high,100,2,1800,0.35501521825790405,0.44300782680511475
sin_high,100,2,1850,0.3511449694633484,0.4407365918159485
sin_high,100,2,1900,0.3474830985069275,0.4387713074684143
sin_high,100,2,1950,0.34402984380722046,0.43674004077911377
sin_high,100,2,2000,0.34079214930534363,0.4353349506855011
sin_high,100,2,2050,0.33779075741767883,0.4337754547595978
sin_high,100,2,2100,0.33503326773643494,0.4325667917728424
sin_high,100,2,2150,0.33249518275260925,0.4313053488731384
sin_high,100,2,2200,0.3301360011100769,0.42908570170402527
sin_high,100,2,2250,0.32792091369628906,0.427205890417099
sin_high,100,2,2300,0.3258844017982483,0.4257758855819702
sin_high,100,2,2350,0.3240600824356079,0.42479029297828674
sin_high,100,2,2400,0.32242217659950256,0.42395681142807007
sin_high,100,2,2450,0.3209179639816284,0.4226592481136322
sin_high,100,2,2500,0.3195180296897888,0.42164334654808044
sin_high,100,2,2550,0.3182162642478943,0.42086824774742126
sin_high,100,2,2600,0.3170574903488159,0.4203692078590393
sin_high,100,2,2650,0.31589600443840027,0.41919824481010437
sin_high,100,2,2700,0.314895898103714,0.41860297322273254
sin_high,100,2,2750,0.31395530700683594,0.4180091619491577
sin_high,100,2,2800,0.3130558431148529,0.4173370599746704
sin_high,100,2,2850,0.31220969557762146,0.4166153073310852
sin_high,100,2,2900,0.3113742768764496,0.4161136746406555
sin_high,100,2,2950,0.31054767966270447,0.41532495617866516
sin_high,100,2,3000,0.3097535967826843,0.41466909646987915
sin_high,100,2,3050,0.30895015597343445,0.41405391693115234
sin_high,100,2,3100,0.30812662839889526,0.4128435254096985
sin_high,100,2,3150,0.30731868743896484,0.4119265675544739
sin_high,100,2,3200,0.3065047860145569,0.41053858399391174
sin_high,100,2,3250,0.30567988753318787,0.409335732460022
sin_high,100,2,3300,0.30486032366752625,0.40822431445121765
sin_high,100,2,3350,0.30404895544052124,0.4070337116718292
sin_high,100,2,3400,0.3032332956790924,0.40595710277557373
sin_high,100,2,3450,0.30241498351097107,0.40468108654022217
sin_high,100,2,3500,0.3016265332698822,0.40337058901786804
sin_high,100,2,3550,0.3008377254009247,0.40202200412750244
sin_high,100,2,3600,0.3000270128250122,0.4011545479297638
sin_high,100,2,3650,0.2992258071899414,0.3996678590774536
sin_high,100,2,3700,0.29842910170555115,0.39875349402427673
sin_high,100,2,3750,0.29765817523002625,0.3977107107639313
sin_high,100,2,3800,0.2969028651714325,0.39661872386932373
sin_high,100,2,3850,0.2961083650588989,0.3954245150089264
sin_high,100,2,3900,0.2953384220600128,0.3940877616405487
sin_high,100,2,3950,0.29458847641944885,0.393133282661438
sin_high,100,2,4000,0.29385310411453247,0.3921351134777069
sin_high,100,2,4050,0.2930818200111389,0.3912240266799927
sin_high,100,2,4100,0.29235026240348816,0.3899696171283722
sin_high,100,2,4150,0.2916201055049896,0.3890610635280609
sin_high,100,2,4200,0.2908756136894226,0.388047456741333
sin_high,100,2,4250,0.290155291557312,0.38689538836479187
sin_high,100,2,4300,0.28940534591674805,0.3859032988548279
sin_high,100,2,4350,0.2887085974216461,0.3848726153373718
sin_high,100,2,4400,0.2880042493343353,0.38390448689460754
sin_high,100,2,4450,0.2873084545135498,0.3831578493118286
sin_high,100,2,4500,0.2866015136241913,0.38234463334083557
sin_high,100,2,4550,0.28589680790901184,0.38121509552001953
sin_high,100,2,4600,0.28524917364120483,0.38022688031196594
sin_high,100,2,4650,0.28453949093818665,0.37972941994667053
sin_high,100,2,4700,0.2838747203350067,0.37884125113487244
sin_high,100,2,4750,0.28320014476776123,0.3779221773147583
sin_high,100,2,4800,0.28254321217536926,0.3769170939922333
sin_high,100,2,4850,0.28188616037368774,0.3760921061038971
sin_high,100,2,4900,0.2812348008155823,0.37540340423583984
sin_high,100,2,4950,0.2805995047092438,0.37438616156578064
sin_high,100,2,5000,0.27998653054237366,0.3733363151550293
sin_high,100,3,0,0.4329789876937866,0.5084596276283264
sin_high,100,3,50,0.40889254212379456,0.5121518969535828
sin_high,100,3,100,0.40253913402557373,0.5145503282546997
sin_high,100,3,150,0.3966108560562134,0.5158507823944092
sin_high,100,3,200,0.39183372259140015,0.5173895955085754
sin_high,100,3,250,0.3876628875732422,0.5185480117797852
sin_high,100,3,300,0.38375234603881836,0.5188883543014526
sin_high,100,3,350,0.3803952634334564,0.5189029574394226
sin_high,100,3,400,0.37742921710014343,0.5183135271072388
sin_high,100,3,450,0.37475478649139404,0.517248272895813
sin_high,100,3,500,0.3722456395626068,0.5158841609954834
sin_high,100,3,550,0.3698715269565582,0.5141568779945374
sin_high,100,3,600,0.3675677478313446,0.5123475790023804
sin_high,100,3,650,0.3652738034725189,0.510685920715332
sin_high,100,3,700,0.36292096972465515,0.5085999369621277
sin_high,100,3,750,0.3604683578014374,0.506405770778656
sin_high,100,3,800,0.3578822612762451,0.5039082765579224
sin_high,100,3,850,0.35511618852615356,0.5011935830116272
sin_high,100,3,900,0.35219305753707886,0.4982900023460388
sin_high,100,3,950,0.34914514422416687,0.49511027336120605
sin_high,100,3,1000,0.34597259759902954,0.4920564293861389
sin_high,100,3,1050,0.34266749024391174,0.48860305547714233
sin_high,100,3,1100,0.33926206827163696,0.48539263010025024
sin_high,100,3,1150,0.33576250076293945,0.48196670413017273
sin_high,100,3,1200,0.33224600553512573,0.4787288308143616
sin_high,100,3,1250,0.32867538928985596,0.47514230012893677
sin_high,100,3,1300,0.3251207172870636,0.47165805101394653
sin_high,100,3,1350,0.3215735852718353,0.4681342542171478
sin_high,100,3,1400,0.31805747747421265,0.4649341404438019
sin_high,100,3,1450,0.31457751989364624,0.46171703934669495
sin_high,100,3,1500,0.3112418055534363,0.4585779011249542
sin_high,100,3,1550,0.30803465843200684,0.45599618554115295
sin_high,100,3,1600,0.30495724081993103,0.4522208273410797
sin_high,100,3,1650,0.30198970437049866,0.4498720169067383
sin_high,100,3,1700,0.29908737540245056,0.44734513759613037
sin_high,100,3,1750,0.2962743043899536,0.44378215074539185
sin_high,100,3,1800,0.2934446334838867,0.4404807388782501
sin_high,100,3,1850,0.29072901606559753,0.43757423758506775
sin_high,100,3,1900,0.28801319003105164,0.43517109751701355
sin_high,100,3,1950,0.28531455993652344,0.43124544620513916
sin_high,100,3,2000,0.2826995849609375,0.4280209243297577
sin_high,100,3,2050,0.2800898849964142,0.42534565925598145
sin_high,100,3,2100,0.2775804102420807,0.4218617379665375
sin_high,100,3,2150,0.27517133951187134,0.42086926102638245
sin_high,100,3,2200,0.2727227807044983,0.4170583188533783
sin_high,100,3,2250,0.2703280448913574,0.4159706234931946
sin_high,100,3,2300,0.2679719030857086,0.4125080704689026
sin_high,100,3,2350,0.2657000422477722,0.4109008312225342
sin_high,100,3,2400,0.2635274827480316,0.40786242485046387
sin_high,100,3,2450,0.26135021448135376,0.40582552552223206
sin_high,100,3,2500,0.2592602074146271,0.4036365747451782
sin_high,100,3,2550,0.2572389841079712,0.4012187123298645
sin_high,100,3,2600,0.2552298903465271,0.3993423283100128
sin_high,100,3,2650,0.25325092673301697,0.3982929587364197
sin_high,100,3,2700,0.251352459192276,0.39606380462646484
sin_high,100,3,2750,0.24950164556503296,0.3944934904575348
sin_high,100,3,2800,0.24765372276306152,0.39204084873199463
sin_high,100,3,2850,0.2458750456571579,0.39097529649734497
sin_high,100,3,2900,0.2441408336162567,0.38833028078079224
sin_high,100,3,2950,0.24242430925369263,0.3865531086921692
sin_high,100,3,3000,0.2406778335571289,0.38647887110710144
sin_high,100,3,3050,0.23904013633728027,0.3834001421928406
sin_high,100,3,3100,0.2374172955751419,0.38320887088775635
sin_high,100,3,3150,0.23583297431468964,0.382417231798172
sin_high,100,3,3200,0.2342628687620163,0.37919992208480835
sin_high,100,3,3250,0.23271848261356354,0.3791690766811371
sin_high,100,3,3300,0.23121444880962372,0.3765012323856354
sin_high,100,3,3350,0.22974145412445068,0.3754434585571289
sin_high,100,3,3400,0.22834362089633942,0.37513741850852966
sin_high,100,3,3450,0.2269078642129898,0.37168073654174805
sin_high,100,3,3500,0.2254745215177536,0.37157484889030457
sin_high,100,3,3550,0.22407269477844238,0.3687838912010193
sin_high,100,3,3600,0.22272276878356934,0.36656758189201355
sin_high,100,3,3650,0.2213553935289383,0.36594387888908386
sin_high,100,3,3700,0.22001449763774872,0.36448976397514343
sin_high,100,3,3750,0.21868298947811127,0.3624778687953949
sin_high,100,3,3800,0.2173432856798172,0.3612479567527771
sin_high,100,3,3850,0.2160709947347641,0.36061209440231323
sin_high,100,3,3900,0.21481698751449585,0.35987240076065063
sin_high,100,3,3950,0.2134828120470047,0.3565405309200287
sin_high,100,3,4000,0.21221831440925598,0.3547239601612091
sin_high,100,3,4050,0.21093913912773132,0.35364967584609985
sin_high,100,3,4100,0.2097398340702057,0.3506399989128113
sin_high,100,3,4150,0.20847977697849274,0.35174107551574707
sin_high,100,3,4200,0.20725741982460022,0.3500443994998932
sin_high,100,3,4250,0.2060428261756897,0.3487446904182434
sin_high,100,3,4300,0.20484958589076996,0.3482901453971863
sin_high,100,3,4350,0.20364047586917877,0.34690040349960327
sin_high,100,3,4400,0.20245787501335144,0.34574055671691895
sin_high,100,3,4450,0.20129039883613586,0.34403282403945923
sin_high,100,3,4500,0.20011882483959198,0.3430072069168091
sin_high,100,3,4550,0.19899265468120575,0.3420873284339905
sin_high,100,3,4600,0.19784307479858398,0.34016329050064087
sin_high,100,3,4650,0.19673939049243927,0.33942821621894836
sin_high,100,3,4700,0.19563648104667664,0.33870434761047363
sin_high,100,3,4750,0.194562628865242,0.33836469054222107
sin_high,100,3,4800,0.19347919523715973,0.33665144443511963
sin_high,100,3,4850,0.19245989620685577,0.33400359749794006
sin_high,100,3,4900,0.1913827806711197,0.33441272377967834
sin_high,100,3,4950,0.1903834044933319,0.33416521549224854
sin_high,100,3,5000,0.18931910395622253,0.3320174813270569
sin_high,100,4,0,0.5733645558357239,0.5807331800460815
sin_high,100,4,50,0.4978708028793335,0.49218514561653137
sin_high,100,4,100,0.4899217188358307,0.488753080368042
sin_high,100,4,150,0.48402029275894165,0.4857989251613617
sin_high,100,4,200,0.4794808030128479,0.48376867175102234
sin_high,100,4,250,0.47642457485198975,0.4828924238681793
sin_high,100,4,300,0.4741056263446808,0.48249563574790955
sin_high,100,4,350,0.4719323515892029,0.48155543208122253
sin_high,100,4,400,0.46982520818710327,0.48012465238571167
sin_high,100,4,450,0.46778929233551025,0.4786970615386963
sin_high,100,4,500,0.4656387269496918,0.47702449560165405
sin_high,100,4,550,0.4634970724582672,0.4756919741630554
sin_high,100,4,600,0.4612051248550415,0.4739879369735718
sin_high,100,4,650,0.4587213695049286,0.472150593996048
sin_high,100,4,700,0.4560442864894867,0.47010689973831177
sin_high,100,4,750,0.4531707763671875,0.46802571415901184
sin_high,100,4,800,0.4501055181026459,0.4659144878387451
sin_high,100,4,850,0.4468477666378021,0.4637049436569214
sin_high,100,4,900,0.44342753291130066,0.46137431263923645
sin_high,100,4,950,0.43986716866493225,0.458966463804245
sin_high,100,4,1000,0.4362010955810547,0.4565853476524353
sin_high,100,4,1050,0.43244338035583496,0.4541119337081909
sin_high,100,4,1100,0.42861053347587585,0.45169538259506226
sin_high,100,4,1150,0.42472267150878906,0.44933179020881653
sin_high,100,4,1200,0.4207395315170288,0.446886271238327
sin_high,100,4,1250,0.416718065738678,0.444478303194046
sin_high,100,4,1300,0.41264092922210693,0.442320853471756
sin_high,100,4,1350,0.40857046842575073,0.44048017263412476
sin_high,100,4,1400,0.40452173352241516,0.438902884721756
sin_high,100,4,1450,0.40051257610321045,0.43760228157043457
sin_high,100,4,1500,0.396514356136322,0.4364452064037323
sin_high,100,4,1550,0.39260321855545044,0.4356299638748169
sin_high,100,4,1600,0.38874953985214233,0.43522289395332336
sin_high,100,4,1650,0.38498708605766296,0.4352738857269287
sin_high,100,4,1700,0.38128921389579773,0.4359850287437439
sin_high,100,4,1750,0.3776465654373169,0.4379192888736725
sin_high,100,4,1800,0.37404128909111023,0.4407356083393097
sin_high,100,4,1850,0.37047672271728516,0.4446066617965698
sin_high,100,4,1900,0.3669133186340332,0.44894057512283325
sin_high,100,4,1950,0.36333563923835754,0.4538642466068268
sin_high,100,4,2000,0.3597449064254761,0.45898517966270447
sin_high,100,4,2050,0.35612890124320984,0.46377336978912354
sin_high,100,4,2100,0.35248294472694397,0.4684014618396759
sin_high,100,4,2150,0.34879574179649353,0.4730725884437561
sin_high,100,4,2200,0.3451024889945984,0.4769569933414459
sin_high,100,4,2250,0.34137213230133057,0.48034238815307617
sin_high,100,4,2300,0.33763206005096436,0.48356184363365173
sin_high,100,4,2350,0.333871990442276,0.4875473976135254
sin_high,100,4,2400,0.33011722564697266,0.4924450218677521
sin_high,100,4,2450,0.3263642191886902,0.4962834119796753
sin_high,100,4,2500,0.32264670729637146,0.5013740062713623
sin_high,100,4,2550,0.31893017888069153,0.5066541433334351
sin_high,100,4,2600,0.3152504861354828,0.5106908679008484
sin_high,100,4,2650,0.3116251230239868,0.5152271389961243
sin_high,100,4,2700,0.3080488443374634,0.5216114521026611
sin_high,100,4,2750,0.3045603036880493,0.5253646373748779
sin_high,100,4,2800,0.30122655630111694,0.530622661113739
sin_high,100,4,2850,0.2979765236377716,0.5365116000175476
sin_high,100,4,2900,0.2948070764541626,0.5433602333068848
sin_high,100,4,2950,0.2917376756668091,0.5468665361404419
sin_high,100,4,3000,0.2887561619281769,0.5534554719924927
sin_high,100,4,3050,0.2858197093009949,0.5565763115882874
sin_high,100,4,3100,0.28300735354423523,0.5635157823562622
sin_high,100,4,3150,0.28030386567115784,0.5698342323303223
sin_high,100,4,3200,0.277713418006897,0.5742982625961304
sin_high,100,4,3250,0.27521732449531555,0.5792897343635559
sin_high,100,4,3300,0.2728120982646942,0.5847419500350952
sin_high,100,4,3350,0.27043306827545166,0.5902087092399597
sin_high,100,4,3400,0.26815563440322876,0.5959181189537048
sin_high,100,4,3450,0.26592180132865906,0.6006988286972046
sin_high,100,4,3500,0.2637839913368225,0.6045875549316406
sin_high,100,4,3550,0.2617194354534149,0.6089174747467041
sin_high,100,4,3600,0.25967323780059814,0.6138020157814026
sin_high,100,4,3650,0.2577129602432251,0.6183304786682129
sin_high,100,4,3700,0.2558082640171051,0.6223708987236023
sin_high,100,4,3750,0.25394195318222046,0.6246201395988464
sin_high,100,4,3800,0.2521377503871918,0.6259797811508179
sin_high,100,4,3850,0.25039997696876526,0.6269689202308655
sin_high,100,4,3900,0.24865157902240753,0.6270213723182678
sin_high,100,4,3950,0.24697177112102509,0.627833902835846
sin_high,100,4,4000,0.2453075349330902,0.6260038018226624
sin_high,100,4,4050,0.2436906397342682,0.6279899477958679
sin_high,100,4,4100,0.24213723838329315,0.6279402375221252
sin_high,100,4,4150,0.24060796201229095,0.6285808682441711
sin_high,100,4,4200,0.23908713459968567,0.6280543804168701
sin_high,100,4,4250,0.2376265674829483,0.6289842128753662
sin_high,100,4,4300,0.2362097054719925,0.6278516054153442
sin_high,100,4,4350,0.2348152995109558,0.628070592880249
sin_high,100,4,4400,0.23341616988182068,0.6277357935905457
sin_high,100,4,4450,0.23208202421665192,0.6280081868171692
sin_high,100,4,4500,0.2307470291852951,0.6280913352966309
sin_high,100,4,4550,0.22946293652057648,0.6270087957382202
sin_high,100,4,4600,0.22823412716388702,0.6256496906280518
sin_high,100,4,4650,0.2269592434167862,0.6264323592185974
sin_high,100,4,4700,0.22575736045837402,0.6263302564620972
sin_high,100,4,4750,0.22460399568080902,0.6269123554229736
sin_high,100,4,4800,0.22342999279499054,0.6260160207748413
sin_high,100,4,4850,0.22229285538196564,0.6264963746070862
sin_high,100,4,4900,0.22117598354816437,0.6245214939117432
sin_high,100,4,4950,0.22009529173374176,0.624382495880127
sin_high,100,4,5000,0.21901525557041168,0.6242241263389587
sin_high,500,0,0,0.6307360529899597,0.6078557372093201
sin_high,500,0,50,0.43274688720703125,0.49978744983673096
sin_high,500,0,100,0.42302238941192627,0.4948560893535614
sin_high,500,0,150,0.4144139885902405,0.4911641478538513
sin_high,500,0,200,0.40641269087791443,0.48801180720329285
sin_high,500,0,250,0.39908546209335327,0.4854240417480469
sin_high,500,0,300,0.39278677105903625,0.4836636185646057
sin_high,500,0,350,0.3874343931674957,0.4819317162036896
sin_high,500,0,400,0.3826409876346588,0.4793524444103241
sin_high,500,0,450,0.37815412878990173,0.4766196310520172
sin_high,500,0,500,0.3743036985397339,0.47523191571235657
sin_high,500,0,550,0.37099188566207886,0.4751749634742737
sin_high,500,0,600,0.3683158755302429,0.47548943758010864
sin_high,500,0,650,0.36602890491485596,0.47561830282211304
sin_high,500,0,700,0.36394166946411133,0.47535422444343567
sin_high,500,0,750,0.3619752824306488,0.47530293464660645
sin_high,500,0,800,0.3600612282752991,0.4745084345340729
sin_high,500,0,850,0.358096182346344,0.47342929244041443
sin_high,500,0,900,0.3560488820075989,0.47188568115234375
sin_high,500,0,950,0.3538808822631836,0.46959608793258667
sin_high,500,0,1000,0.3515797257423401,0.466659277677536
sin_high,500,0,1050,0.3491398096084595,0.46349987387657166
sin_high,500,0,1100,0.3465283215045929,0.46018466353416443
sin_high,500,0,1150,0.34378328919410706,0.45684951543807983
sin_high,500,0,1200,0.3408770263195038,0.45318853855133057
sin_high,500,0,1250,0.33781707286834717,0.44955918192863464
sin_high,500,0,1300,0.3345893919467926,0.44597122073173523
sin_high,500,0,1350,0.33123064041137695,0.44185715913772583
sin_high,500,0,1400,0.3276812732219696,0.4377615451812744
sin_high,500,0,1450,0.32396477460861206,0.4333004951477051
sin_high,500,0,1500,0.3200674057006836,0.42876023054122925
sin_high,500,0,1550,0.3159818649291992,0.4242939054965973
sin_high,500,0,1600,0.3116990327835083,0.41933634877204895
sin_high,500,0,1650,0.3072347939014435,0.41429999470710754
sin_high,500,0,1700,0.3025873601436615,0.4086931347846985
sin_high,500,0,1750,0.2977733314037323,0.40317463874816895
sin_high,500,0,1800,0.2928822338581085,0.39713215827941895
sin_high,500,0,1850,0.28802400827407837,0.3914853036403656
sin_high,500,0,1900,0.28333213925361633,0.38627681136131287
sin_high,500,0,1950,0.2787550389766693,0.3817543387413025
sin_high,500,0,2000,0.2741086483001709,0.37546131014823914
sin_high,500,0,2050,0.26964205503463745,0.3696005940437317
sin_high,500,0,2100,0.2653684616088867,0.36301034688949585
sin_high,500,0,2150,0.26105764508247375,0.35821834206581116
sin_high,500,0,2200,0.2568153738975525,0.3543786406517029
sin_high,500,0,2250,0.2528942823410034,0.34755098819732666
sin_high,500,0,2300,0.24875177443027496,0.3466215133666992
sin_high,500,0,2350,0.24484825134277344,0.3390710651874542
sin_high,500,0,2400,0.24091491103172302,0.3350849449634552
sin_high,500,0,2450,0.23711758852005005,0.33199071884155273
sin_high,500,0,2500,0.23346643149852753,0.32682931423187256
sin_high,500,0,2550,0.22980161011219025,0.32359546422958374
sin_high,500,0,2600,0.2262897491455078,0.32057154178619385
sin_high,500,0,2650,0.22283850610256195,0.31678760051727295
sin_high,500,0,2700,0.21943137049674988,0.30944910645484924
sin_high,500,0,2750,0.21601222455501556,0.3065769076347351
sin_high,500,0,2800,0.2128230184316635,0.30484330654144287
sin_high,500,0,2850,0.20952433347702026,0.29879337549209595
sin_high,500,0,2900,0.20645350217819214,0.2973523736000061
sin_high,500,0,2950,0.2032778263092041,0.29290515184402466
sin_high,500,0,3000,0.20029620826244354,0.2895549535751343
sin_high,500,0,3050,0.19751302897930145,0.2832041084766388
sin_high,500,0,3100,0.19448669254779816,0.2833040952682495
sin_high,500,0,3150,0.19172705709934235,0.28046873211860657
sin_high,500,0,3200,0.1887514889240265,0.2753036916255951
sin_high,500,0,3250,0.1860552579164505,0.2722783386707306
sin_high,500,0,3300,0.18348897993564606,0.26994237303733826
sin_high,500,0,3350,0.18072471022605896,0.2648234963417053
sin_high,500,0,3400,0.1781274825334549,0.2614070475101471
sin_high,500,0,3450,0.1756718009710312,0.25931861996650696
sin_high,500,0,3500,0.1732347458600998,0.25524938106536865
sin_high,500,0,3550,0.17106018960475922,0.2505452632904053
sin_high,500,0,3600,0.1684909462928772,0.24970866739749908
sin_high,500,0,3650,0.1662432849407196,0.24826298654079437
sin_high,500,0,3700,0.16393940150737762,0.24514786899089813
sin_high,500,0,3750,0.16164447367191315,0.2411530613899231
sin_high,500,0,3800,0.1595086008310318,0.23956696689128876
sin_high,500,0,3850,0.15731987357139587,0.23567020893096924
sin_high,500,0,3900,0.15524907410144806,0.23336277902126312
sin_high,500,0,3950,0.1532125473022461,0.23016083240509033
sin_high,500,0,4000,0.15229660272598267,0.2242857813835144
sin_high,500,0,4050,0.14925235509872437,0.2259955257177353
sin_high,500,0,4100,0.14736050367355347,0.22248341143131256
sin_high,500,0,4150,0.14558930695056915,0.21925850212574005
sin_high,500,0,4200,0.14361423254013062,0.2198018580675125
sin_high,500,0,4250,0.14189735054969788,0.21452854573726654
sin_high,500,0,4300,0.1399402618408203,0.2136237621307373
sin_high,500,0,4350,0.1386154294013977,0.209140807390213
sin_high,500,0,4400,0.13646167516708374,0.2102545201778412
sin_high,500,0,4450,0.13479161262512207,0.20837511122226715
sin_high,500,0,4500,0.13317865133285522,0.20685657858848572
sin_high,500,0,4550,0.1315193921327591,0.20425346493721008
sin_high,500,0,4600,0.1300232857465744,0.20015937089920044
sin_high,500,0,4650,0.12842245399951935,0.1984921544790268
sin_high,500,0,4700,0.127084881067276,0.20018769800662994
sin_high,500,0,4750,0.1253141313791275,0.19608387351036072
sin_high,500,0,4800,0.124480701982975,0.19112202525138855
sin_high,500,0,4850,0.1224261000752449,0.19259662926197052
sin_high,500,0,4900,0.12116151303052902,0.19231289625167847
sin_high,500,0,4950,0.11961104720830917,0.18878169357776642
sin_high,500,0,5000,0.11825153231620789,0.1866782009601593
sin_high,500,1,0,0.5069560408592224,0.4967348277568817
sin_high,500,1,50,0.4159857928752899,0.5374523401260376
sin_high,500,1,100,0.4072814881801605,0.5321976542472839
sin_high,500,1,150,0.4039444625377655,0.5311155915260315
sin_high,500,1,200,0.40103498101234436,0.5288115739822388
sin_high,500,1,250,0.39789581298828125,0.5262810587882996
sin_high,500,1,300,0.39446401596069336,0.5238102078437805
sin_high,500,1,350,0.3906992971897125,0.5208278894424438
sin_high,500,1,400,0.38658538460731506,0.5183554291725159
sin_high,500,1,450,0.38216838240623474,0.5155557990074158
sin_high,500,1,500,0.3774268925189972,0.5126752853393555
sin_high,500,1,550,0.3723866045475006,0.5096292495727539
sin_high,500,1,600,0.36717715859413147,0.5065133571624756
sin_high,500,1,650,0.3617952764034271,0.5024367570877075
sin_high,500,1,700,0.35613951086997986,0.49725866317749023
sin_high,500,1,750,0.35004356503486633,0.49209585785865784
sin_high,500,1,800,0.34341567754745483,0.48707327246665955
sin_high,500,1,850,0.33631816506385803,0.4820103347301483
sin_high,500,1,900,0.32877662777900696,0.4766561985015869
sin_high,500,1,950,0.3207734525203705,0.47079524397850037
sin_high,500,1,1000,0.3122607469558716,0.46337461471557617
sin_high,500,1,1050,0.3032030165195465,0.4549931585788727
sin_high,500,1,1100,0.29362067580223083,0.44487354159355164
sin_high,500,1,1150,0.28358981013298035,0.43498989939689636
sin_high,500,1,1200,0.27322742342948914,0.42454347014427185
sin_high,500,1,1250,0.2627103328704834,0.41422346234321594
sin_high,500,1,1300,0.2526330053806305,0.4069794714450836
sin_high,500,1,1350,0.24297142028808594,0.3962630331516266
sin_high,500,1,1400,0.23385487496852875,0.3855481743812561
sin_high,500,1,1450,0.225216343998909,0.3816283047199249
sin_high,500,1,1500,0.21715320646762848,0.37087294459342957
sin_high,500,1,1550,0.20945705473423004,0.35988426208496094
sin_high,500,1,1600,0.20207980275154114,0.3544129729270935
sin_high,500,1,1650,0.19518566131591797,0.34882792830467224
sin_high,500,1,1700,0.1887359619140625,0.3393233120441437
sin_high,500,1,1750,0.1828242391347885,0.3301984667778015
sin_high,500,1,1800,0.176644966006279,0.3283438980579376
sin_high,500,1,1850,0.17141008377075195,0.33072584867477417
sin_high,500,1,1900,0.16574832797050476,0.3181679844856262
sin_high,500,1,1950,0.16082710027694702,0.3102470338344574
sin_high,500,1,2000,0.15608300268650055,0.30795714259147644
sin_high,500,1,2050,0.151701420545578,0.3077715039253235
sin_high,500,1,2100,0.14711743593215942,0.29830610752105713
sin_high,500,1,2150,0.14301498234272003,0.2910136580467224
sin_high,500,1,2200,0.13902439177036285,0.28882142901420593
sin_high,500,1,2250,0.13571853935718536,0.29260140657424927
sin_high,500,1,2300,0.13157527148723602,0.27995845675468445
sin_high,500,1,2350,0.12810733914375305,0.2746999263763428
sin_high,500,1,2400,0.12474337220191956,0.27578920125961304
sin_high,500,1,2450,0.1217130795121193,0.274157851934433
sin_high,500,1,2500,0.11832191050052643,0.2645936906337738
sin_high,500,1,2550,0.11544019728899002,0.2589843273162842
sin_high,500,1,2600,0.11262646317481995,0.25693777203559875
sin_high,500,1,2650,0.10988780111074448,0.2525404095649719
sin_high,500,1,2700,0.10724128782749176,0.24950052797794342
sin_high,500,1,2750,0.1046997606754303,0.2465340793132782
sin_high,500,1,2800,0.10222353041172028,0.24207884073257446
sin_high,500,1,2850,0.09988925606012344,0.24047785997390747
sin_high,500,1,2900,0.09766187518835068,0.238254114985466
sin_high,500,1,2950,0.09567827731370926,0.23751747608184814
sin_high,500,1,3000,0.09320764988660812,0.22866517305374146
sin_high,500,1,3050,0.09115416556596756,0.22557581961154938
sin_high,500,1,3100,0.08917690813541412,0.22244040668010712
sin_high,500,1,3150,0.08719692379236221,0.22100484371185303
sin_high,500,1,3200,0.08543453365564346,0.22130563855171204
sin_high,500,1,3250,0.08352197706699371,0.21603062748908997
sin_high,500,1,3300,0.08182012289762497,0.21232804656028748
sin_high,500,1,3350,0.08015091717243195,0.21097932755947113
sin_high,500,1,3400,0.07856057584285736,0.21041612327098846
sin_high,500,1,3450,0.07693032175302505,0.20621196925640106
sin_high,500,1,3500,0.07574741542339325,0.20882079005241394
sin_high,500,1,3550,0.07390721887350082,0.20204901695251465
sin_high,500,1,3600,0.07254967838525772,0.19711941480636597
sin_high,500,1,3650,0.0710696429014206,0.19807477295398712
sin_high,500,1,3700,0.06968388706445694,0.1944912225008011
sin_high,500,1,3750,0.06840217113494873,0.19413068890571594
sin_high,500,1,3800,0.06708656996488571,0.18908032774925232
sin_high,500,1,3850,0.0658256933093071,0.18744254112243652
sin_high,500,1,3900,0.06460487842559814,0.18461371958255768
sin_high,500,1,3950,0.06339994817972183,0.1833474189043045
sin_high,500,1,4000,0.06225729361176491,0.1806165724992752
sin_high,500,1,4050,0.0611373707652092,0.17815962433815002
sin_high,500,1,4100,0.0599999837577343,0.17801499366760254
sin_high,500,1,4150,0.058927591890096664,0.17570613324642181
sin_high,500,1,4200,0.058085229247808456,0.1769489049911499
sin_high,500,1,4250,0.05693943053483963,0.17387007176876068
sin_high,500,1,4300,0.05583833530545235,0.16949330270290375
sin_high,500,1,4350,0.05493202060461044,0.16996964812278748
sin_high,500,1,4400,0.0539056733250618,0.16565223038196564
sin_high,500,1,4450,0.05297720432281494,0.16384030878543854
sin_high,500,1,4500,0.05206640064716339,0.1627432256937027
sin_high,500,1,4550,0.05150480195879936,0.16475559771060944
sin_high,500,1,4600,0.05030257627367973,0.1600111573934555
sin_high,500,1,4650,0.05042576789855957,0.16452790796756744
sin_high,500,1,4700,0.048613302409648895,0.15542194247245789
sin_high,500,1,4750,0.04779631644487381,0.15451689064502716
sin_high,500,1,4800,0.047043394297361374,0.15105105936527252
sin_high,500,1,4850,0.0461982898414135,0.15060579776763916
sin_high,500,1,4900,0.0456724688410759,0.14646391570568085
sin_high,500,1,4950,0.0447143130004406,0.14726705849170685
sin_high,500,1,5000,0.04403763636946678,0.1444605588912964
sin_high,500,2,0,0.5494281649589539,0.500563383102417
sin_high,500,2,50,0.5092617869377136,0.4943678081035614
sin_high,500,2,100,0.499679297208786,0.49011582136154175
sin_high,500,2,150,0.4916364252567291,0.4865664541721344
sin_high,500,2,200,0.48274996876716614,0.48196032643318176
sin_high,500,2,250,0.47262144088745117,0.47691646218299866
sin_high,500,2,300,0.46136096119880676,0.47111639380455017
sin_high,500,2,350,0.4491287171840668,0.4655226767063141
sin_high,500,2,400,0.43638521432876587,0.4602786898612976
sin_high,500,2,450,0.42338719964027405,0.4555814564228058
sin_high,500,2,500,0.4104982316493988,0.4498765170574188
sin_high,500,2,550,0.39793044328689575,0.4432463049888611
sin_high,500,2,600,0.3858778178691864,0.4378802180290222
sin_high,500,2,650,0.37468546628952026,0.43264302611351013
sin_high,500,2,700,0.3642233908176422,0.42706921696662903
sin_high,500,2,750,0.3541489839553833,0.4208604693412781
sin_high,500,2,800,0.34475669264793396,0.41629573702812195
sin_high,500,2,850,0.3356890082359314,0.41040515899658203
sin_high,500,2,900,0.3271068036556244,0.4052650034427643
sin_high,500,2,950,0.3188677728176117,0.39932525157928467
sin_high,500,2,1000,0.3108428716659546,0.39393147826194763
sin_high,500,2,1050,0.3030802607536316,0.38849300146102905
sin_high,500,2,1100,0.29546627402305603,0.38158100843429565
sin_high,500,2,1150,0.28802603483200073,0.37500131130218506
sin_high,500,2,1200,0.2808314561843872,0.36773309111595154
sin_high,500,2,1250,0.27373406291007996,0.3608578145503998
sin_high,500,2,1300,0.26677998900413513,0.35440266132354736
sin_high,500,2,1350,0.2598494291305542,0.34657326340675354
sin_high,500,2,1400,0.25314390659332275,0.33911359310150146
sin_high,500,2,1450,0.24648816883563995,0.3317149877548218
sin_high,500,2,1500,0.24006211757659912,0.32532912492752075
sin_high,500,2,1550,0.23349463939666748,0.3172508776187897
sin_high,500,2,1600,0.22727100551128387,0.31088507175445557
sin_high,500,2,1650,0.22127635776996613,0.3047735095024109
sin_high,500,2,1700,0.21521764993667603,0.297271728515625
sin_high,500,2,1750,0.20951665937900543,0.2909582555294037
sin_high,500,2,1800,0.20396308600902557,0.28442177176475525
sin_high,500,2,1850,0.1984075903892517,0.2786928713321686
sin_high,500,2,1900,0.19328200817108154,0.2721993029117584
sin_high,500,2,1950,0.18790718913078308,0.26671668887138367
sin_high,500,2,2000,0.18298441171646118,0.261073499917984
sin_high,500,2,2050,0.1781783103942871,0.25560349225997925
sin_high,500,2,2100,0.17343084514141083,0.25029417872428894
sin_high,500,2,2150,0.16891950368881226,0.24537603557109833
sin_high,500,2,2200,0.164443239569664,0.23968958854675293
sin_high,500,2,2250,0.16021773219108582,0.23473374545574188
sin_high,500,2,2300,0.15624554455280304,0.2297612726688385
sin_high,500,2,2350,0.15217439830303192,0.22523093223571777
sin_high,500,2,2400,0.14810064435005188,0.2210180163383484
sin_high,500,2,2450,0.14440849423408508,0.21712321043014526
sin_high,500,2,2500,0.1406605988740921,0.21230380237102509
sin_high,500,2,2550,0.13714201748371124,0.2082005739212036
sin_high,500,2,2600,0.1337132751941681,0.20424239337444305
sin_high,500,2,2650,0.13040514290332794,0.20002540946006775
sin_high,500,2,2700,0.12750831246376038,0.1976855993270874
sin_high,500,2,2750,0.12405093759298325,0.19285626709461212
sin_high,500,2,2800,0.12103419750928879,0.18929988145828247
sin_high,500,2,2850,0.11825010180473328,0.1863049864768982
sin_high,500,2,2900,0.11524072289466858,0.18217246234416962
sin_high,500,2,2950,0.1125984936952591,0.17847540974617004
sin_high,500,2,3000,0.10983182489871979,0.17559519410133362
sin_high,500,2,3050,0.10745226591825485,0.1735842078924179
sin_high,500,2,3100,0.10479791462421417,0.169717937707901
sin_high,500,2,3150,0.10236403346061707,0.1667170524597168
sin_high,500,2,3200,0.1000530794262886,0.16412408649921417
sin_high,500,2,3250,0.09775949269533157,0.1610986590385437
sin_high,500,2,3300,0.09568723291158676,0.1578752100467682
sin_high,500,2,3350,0.09341871738433838,0.15574172139167786
sin_high,500,2,3400,0.0913238674402237,0.15320727229118347
sin_high,500,2,3450,0.089301697909832,0.150650292634964
sin_high,500,2,3500,0.08736035972833633,0.14810709655284882
sin_high,500,2,3550,0.08564002811908722,0.14545416831970215
sin_high,500,2,3600,0.08354825526475906,0.14362379908561707
sin_high,500,2,3650,0.08176130056381226,0.14174574613571167
sin_high,500,2,3700,0.08012036234140396,0.1388060599565506
sin_high,500,2,3750,0.07828709483146667,0.1375797539949417
sin_high,500,2,3800,0.07669046521186829,0.13480053842067719
sin_high,500,2,3850,0.07499604672193527,0.13291266560554504
sin_high,500,2,3900,0.07421255111694336,0.1304130107164383
sin_high,500,2,3950,0.07188239693641663,0.12943503260612488
sin_high,500,2,4000,0.07043368369340897,0.12732301652431488
sin_high,500,2,4050,0.06936479359865189,0.1276421993970871
sin_high,500,2,4100,0.06753220409154892,0.12413612008094788
sin_high,500,2,4150,0.06629017740488052,0.12337981164455414
sin_high,500,2,4200,0.06484702974557877,0.12122555822134018
sin_high,500,2,4250,0.06358449906110764,0.11874367296695709
sin_high,500,2,4300,0.06234598532319069,0.11708761751651764
sin_high,500,2,4350,0.06100377440452576,0.1158643513917923
sin_high,500,2,4400,0.05981019511818886,0.1143583282828331
sin_high,500,2,4450,0.058918800204992294,0.11231506615877151
sin_high,500,2,4500,0.057467687875032425,0.1116848960518837
sin_high,500,2,4550,0.056569479405879974,0.11158609390258789
sin_high,500,2,4600,0.05527687072753906,0.10913015902042389
sin_high,500,2,4650,0.054254740476608276,0.10828403383493423
sin_high,500,2,4700,0.053217653185129166,0.10669250786304474
sin_high,500,2,4750,0.05222330987453461,0.10507885366678238
sin_high,500,2,4800,0.051245562732219696,0.10383335500955582
sin_high,500,2,4850,0.05031755939126015,0.10319297760725021
sin_high,500,2,4900,0.049395158886909485,0.10215935111045837
sin_high,500,2,4950,0.04845933988690376,0.10084916651248932
sin_high,500,2,5000,0.04760375991463661,0.10000567883253098
sin_high,500,3,0,0.4748997390270233,0.5082801580429077
sin_high,500,3,50,0.4001500606536865,0.5094044208526611
sin_high,500,3,100,0.38750940561294556,0.5111724138259888
sin_high,500,3,150,0.3773316740989685,0.5074410438537598
sin_high,500,3,200,0.368732213973999,0.505165696144104
sin_high,500,3,250,0.3619811534881592,0.5027249455451965
sin_high,500,3,300,0.35623693466186523,0.500181257724762
sin_high,500,3,350,0.35137811303138733,0.4978257417678833
sin_high,500,3,400,0.34696462750434875,0.494689404964447
sin_high,500,3,450,0.3427334129810333,0.4916093945503235
sin_high,500,3,500,0.3386145830154419,0.4877103567123413
sin_high,500,3,550,0.3345036208629608,0.4841071665287018
sin_high,500,3,600,0.3303379714488983,0.4805060029029846
sin_high,500,3,650,0.3260565400123596,0.4760950207710266
sin_high,500,3,700,0.3216574788093567,0.4714871942996979
sin_high,500,3,750,0.31714722514152527,0.46680372953414917
sin_high,500,3,800,0.3125142455101013,0.46202656626701355
sin_high,500,3,850,0.3077293038368225,0.4566367566585541
sin_high,500,3,900,0.3028685748577118,0.45153793692588806
sin_high,500,3,950,0.29788142442703247,0.44639351963996887
sin_high,500,3,1000,0.2927446961402893,0.44099998474121094
sin_high,500,3,1050,0.2874789237976074,0.43513309955596924
sin_high,500,3,1100,0.28210121393203735,0.42937612533569336
sin_high,500,3,1150,0.2766150236129761,0.42318233847618103
sin_high,500,3,1200,0.2710797190666199,0.4172082841396332
sin_high,500,3,1250,0.26549968123435974,0.4115370810031891
sin_high,500,3,1300,0.25987645983695984,0.40587571263313293
sin_high,500,3,1350,0.25431349873542786,0.39929190278053284
sin_high,500,3,1400,0.2489490956068039,0.3936362862586975
sin_high,500,3,1450,0.24384623765945435,0.3874012529850006
sin_high,500,3,1500,0.23890209197998047,0.3823714852333069
sin_high,500,3,1550,0.23413532972335815,0.37801796197891235
sin_high,500,3,1600,0.22963480651378632,0.3736845850944519
sin_high,500,3,1650,0.2253163456916809,0.36922866106033325
sin_high,500,3,1700,0.2209417074918747,0.36314910650253296
sin_high,500,3,1750,0.21691009402275085,0.35774195194244385
sin_high,500,3,1800,0.21298058331012726,0.3524748682975769
sin_high,500,3,1850,0.20915618538856506,0.3498120903968811
sin_high,500,3,1900,0.20531827211380005,0.3445894420146942
sin_high,500,3,1950,0.20161186158657074,0.3391643166542053
sin_high,500,3,2000,0.1980714052915573,0.3341946303844452
sin_high,500,3,2050,0.19470012187957764,0.3288532793521881
sin_high,500,3,2100,0.1915600299835205,0.32365328073501587
sin_high,500,3,2150,0.1880428045988083,0.32198819518089294
sin_high,500,3,2200,0.1849105954170227,0.3187001347541809
sin_high,500,3,2250,0.18187659978866577,0.3129466772079468
sin_high,500,3,2300,0.1789461076259613,0.3096559941768646
sin_high,500,3,2350,0.17640678584575653,0.30912068486213684
sin_high,500,3,2400,0.17324018478393555,0.30155494809150696
sin_high,500,3,2450,0.17049802839756012,0.29803043603897095
sin_high,500,3,2500,0.16783298552036285,0.29459670186042786
sin_high,500,3,2550,0.16522490978240967,0.2902773320674896
sin_high,500,3,2600,0.16262497007846832,0.2873118817806244
sin_high,500,3,2650,0.16025114059448242,0.28535521030426025
sin_high,500,3,2700,0.15772126615047455,0.2800133228302002
sin_high,500,3,2750,0.1553371250629425,0.2766725420951843
sin_high,500,3,2800,0.15299654006958008,0.2733075022697449
sin_high,500,3,2850,0.15077708661556244,0.27125832438468933
sin_high,500,3,2900,0.14865639805793762,0.2649160623550415
sin_high,500,3,2950,0.1462937742471695,0.26286131143569946
sin_high,500,3,3000,0.14415603876113892,0.2596496045589447
sin_high,500,3,3050,0.1424430012702942,0.25476038455963135
sin_high,500,3,3100,0.14000962674617767,0.2541045546531677
sin_high,500,3,3150,0.1384822428226471,0.25417107343673706
sin_high,500,3,3200,0.13602519035339355,0.24730797111988068
sin_high,500,3,3250,0.1340625286102295,0.24461308121681213
sin_high,500,3,3300,0.13217025995254517,0.24234968423843384
sin_high,500,3,3350,0.13032010197639465,0.2380923181772232
sin_high,500,3,3400,0.12854325771331787,0.23555459082126617
sin_high,500,3,3450,0.1267615407705307,0.2325717955827713
sin_high,500,3,3500,0.12496038526296616,0.2305128276348114
sin_high,500,3,3550,0.12322226911783218,0.22939656674861908
sin_high,500,3,3600,0.12242137640714645,0.22309206426143646
sin_high,500,3,3650,0.11990612745285034,0.22366425395011902
sin_high,500,3,3700,0.11829235404729843,0.2213582545518875
sin_high,500,3,3750,0.11674156039953232,0.2183695137500763
sin_high,500,3,3800,0.11512870341539383,0.21627479791641235
sin_high,500,3,3850,0.1135992705821991,0.21378767490386963
sin_high,500,3,3900,0.11211837828159332,0.21322667598724365
sin_high,500,3,3950,0.11060623079538345,0.20989076793193817
sin_high,500,3,4000,0.10925792157649994,0.2066217064857483
sin_high,500,3,4050,0.10779615491628647,0.20599572360515594
sin_high,500,3,4100,0.10644335299730301,0.20448224246501923
sin_high,500,3,4150,0.10508498549461365,0.20213031768798828
sin_high,500,3,4200,0.10373172163963318,0.1995411217212677
sin_high,500,3,4250,0.10243214666843414,0.19700947403907776
sin_high,500,3,4300,0.10111820697784424,0.19595186412334442
sin_high,500,3,4350,0.09997859597206116,0.19550645351409912
sin_high,500,3,4400,0.09872995316982269,0.19074149429798126
sin_high,500,3,4450,0.09753350168466568,0.1889246106147766
sin_high,500,3,4500,0.09622665494680405,0.18822242319583893
sin_high,500,3,4550,0.095100536942482,0.1860235631465912
sin_high,500,3,4600,0.09392503648996353,0.18498103320598602
sin_high,500,3,4650,0.09280255436897278,0.18339745700359344
sin_high,500,3,4700,0.09173911064863205,0.180761456489563
sin_high,500,3,4750,0.09060928970575333,0.17999957501888275
sin_high,500,3,4800,0.08957328647375107,0.17744311690330505
sin_high,500,3,4850,0.08850350975990295,0.17597602307796478
sin_high,500,3,4900,0.08769792318344116,0.17713749408721924
sin_high,500,3,4950,0.08647003769874573,0.17399387061595917
sin_high,500,3,5000,0.0854477658867836,0.17145885527133942
sin_high,500,4,0,0.5722860097885132,0.5382481813430786
sin_high,500,4,50,0.4847455620765686,0.4852404296398163
sin_high,500,4,100,0.4704836905002594,0.4781351685523987
sin_high,500,4,150,0.46327903866767883,0.4749412536621094
sin_high,500,4,200,0.45759931206703186,0.471770316362381
sin_high,500,4,250,0.4519849419593811,0.46817904710769653
sin_high,500,4,300,0.4464629888534546,0.4645213484764099
sin_high,500,4,350,0.4410027861595154,0.4609275162220001
sin_high,500,4,400,0.43574059009552,0.4576154351234436
sin_high,500,4,450,0.43059220910072327,0.4543052017688751
sin_high,500,4,500,0.4254981279373169,0.4508827328681946
sin_high,500,4,550,0.4203890264034271,0.44730454683303833
sin_high,500,4,600,0.415147989988327,0.44371747970581055
sin_high,500,4,650,0.4096909761428833,0.4402267038822174
sin_high,500,4,700,0.403900146484375,0.43651655316352844
sin_high,500,4,750,0.39773544669151306,0.4327482581138611
sin_high,500,4,800,0.39116308093070984,0.42926326394081116
sin_high,500,4,850,0.38422003388404846,0.4262069761753082
sin_high,500,4,900,0.376922070980072,0.4239465594291687
sin_high,500,4,950,0.3693121373653412,0.42399513721466064
sin_high,500,4,1000,0.36143484711647034,0.4266911447048187
sin_high,500,4,1050,0.3535897731781006,0.43076637387275696
sin_high,500,4,1100,0.3454836308956146,0.43716901540756226
sin_high,500,4,1150,0.3377131521701813,0.44435006380081177
sin_high,500,4,1200,0.33000174164772034,0.4495803117752075
sin_high,500,4,1250,0.3227045238018036,0.4554600119590759
sin_high,500,4,1300,0.3158099353313446,0.45996180176734924
sin_high,500,4,1350,0.308721661567688,0.46565547585487366
sin_high,500,4,1400,0.3018462061882019,0.47057101130485535
sin_high,500,4,1450,0.2951936423778534,0.4744773209095001
sin_high,500,4,1500,0.2886216938495636,0.4784393608570099
sin_high,500,4,1550,0.2824729084968567,0.4817180633544922
sin_high,500,4,1600,0.2759762108325958,0.4888324439525604
sin_high,500,4,1650,0.2698991596698761,0.49254146218299866
sin_high,500,4,1700,0.2639983594417572,0.4959130585193634
sin_high,500,4,1750,0.25850969552993774,0.5014065504074097
sin_high,500,4,1800,0.252726674079895,0.502569854259491
sin_high,500,4,1850,0.24740253388881683,0.5049022436141968
sin_high,500,4,1900,0.24216686189174652,0.5075928568840027
sin_high,500,4,1950,0.23736146092414856,0.5087577104568481
sin_high,500,4,2000,0.23265120387077332,0.5123461484909058
sin_high,500,4,2050,0.22795642912387848,0.5160776972770691
sin_high,500,4,2100,0.22343391180038452,0.5208843946456909
sin_high,500,4,2150,0.21908099949359894,0.5196893811225891
sin_high,500,4,2200,0.21488086879253387,0.5223698019981384
sin_high,500,4,2250,0.21070978045463562,0.5235967040061951
sin_high,500,4,2300,0.20654739439487457,0.5263452529907227
sin_high,500,4,2350,0.2024739384651184,0.5293938517570496
sin_high,500,4,2400,0.19853080809116364,0.5316118597984314
sin_high,500,4,2450,0.19477668404579163,0.5323968529701233
sin_high,500,4,2500,0.1911206841468811,0.5354409217834473
sin_high,500,4,2550,0.18759599328041077,0.539209246635437
sin_high,500,4,2600,0.18396617472171783,0.5387979745864868
sin_high,500,4,2650,0.18059439957141876,0.5372377038002014
sin_high,500,4,2700,0.17721182107925415,0.5391069054603577
sin_high,500,4,2750,0.17392657697200775,0.5377283692359924
sin_high,500,4,2800,0.1707480549812317,0.5383229851722717
sin_high,500,4,2850,0.16762033104896545,0.5382772088050842
sin_high,500,4,2900,0.16456103324890137,0.5333263278007507
sin_high,500,4,2950,0.1615215688943863,0.5362133383750916
sin_high,500,4,3000,0.1585741639137268,0.5355682373046875
sin_high,500,4,3050,0.1559567153453827,0.5293989777565002
sin_high,500,4,3100,0.1528523862361908,0.5339831113815308
sin_high,500,4,3150,0.15015670657157898,0.5333868861198425
sin_high,500,4,3200,0.14749819040298462,0.5289710760116577
sin_high,500,4,3250,0.14499084651470184,0.5338983535766602
sin_high,500,4,3300,0.14244747161865234,0.5259577631950378
sin_high,500,4,3350,0.13973014056682587,0.5297108292579651
sin_high,500,4,3400,0.1374225914478302,0.5331191420555115
sin_high,500,4,3450,0.1348591446876526,0.5296781659126282
sin_high,500,4,3500,0.1327742338180542,0.5336377024650574
sin_high,500,4,3550,0.130227193236351,0.5300489664077759
sin_high,500,4,3600,0.1297793686389923,0.5195470452308655
sin_high,500,4,3650,0.12580376863479614,0.5293251872062683
sin_high,500,4,3700,0.123636893928051,0.5281925797462463
sin_high,500,4,3750,0.12241925299167633,0.5364764928817749
sin_high,500,4,3800,0.11944091320037842,0.5268999338150024
sin_high,500,4,3850,0.11748288571834564,0.5241098999977112
sin_high,500,4,3900,0.11572998017072678,0.5318741798400879
sin_high,500,4,3950,0.11344516277313232,0.5251926183700562
sin_high,500,4,4000,0.11160341650247574,0.523151159286499
sin_high,500,4,4050,0.11007396131753922,0.5204057693481445
sin_high,500,4,4100,0.10788673907518387,0.5229132175445557
sin_high,500,4,4150,0.10596317797899246,0.5255493521690369
sin_high,500,4,4200,0.10422639548778534,0.5255548357963562
sin_high,500,4,4250,0.10250560194253922,0.5246403813362122
sin_high,500,4,4300,0.1008392870426178,0.5211491584777832
sin_high,500,4,4350,0.09926994889974594,0.5198867321014404
sin_high,500,4,4400,0.09790529310703278,0.5282905697822571
sin_high,500,4,4450,0.09583539515733719,0.5216042995452881
sin_high,500,4,4500,0.09459156543016434,0.5145122408866882
sin_high,500,4,4550,0.09275556355714798,0.5191609263420105
sin_high,500,4,4600,0.09125760942697525,0.5161429047584534
sin_high,500,4,4650,0.08978912979364395,0.5163307189941406
sin_high,500,4,4700,0.08854940533638,0.5123055577278137
sin_high,500,4,4750,0.08688811957836151,0.5166068077087402
sin_high,500,4,4800,0.08544837683439255,0.5163740515708923
sin_high,500,4,4850,0.08419851213693619,0.511939525604248
sin_high,500,4,4900,0.08272209018468857,0.512956976890564
sin_high,500,4,4950,0.08136235177516937,0.5145682096481323
sin_high,500,4,5000,0.08008265495300293,0.5119083523750305
sin_high,1000,0,0,0.6239579916000366,0.6127354502677917
sin_high,1000,0,50,0.428901344537735,0.49330267310142517
sin_high,1000,0,100,0.41145187616348267,0.48821866512298584
sin_high,1000,0,150,0.3978944420814514,0.4835822582244873
sin_high,1000,0,200,0.3876962959766388,0.4790562689304352
sin_high,1000,0,250,0.37918415665626526,0.47401803731918335
sin_high,1000,0,300,0.37214142084121704,0.47087612748146057
sin_high,1000,0,350,0.36618709564208984,0.46867963671684265
sin_high,1000,0,400,0.3613370358943939,0.46776193380355835
sin_high,1000,0,450,0.35711607336997986,0.4668046534061432
sin_high,1000,0,500,0.35324186086654663,0.46587085723876953
sin_high,1000,0,550,0.34940528869628906,0.4638921916484833
sin_high,1000,0,600,0.3453920781612396,0.46099191904067993
sin_high,1000,0,650,0.34109121561050415,0.45672228932380676
sin_high,1000,0,700,0.3364803194999695,0.45178183913230896
sin_high,1000,0,750,0.331598162651062,0.4464156925678253
sin_high,1000,0,800,0.32645079493522644,0.44066908955574036
sin_high,1000,0,850,0.32111868262290955,0.4340636432170868
sin_high,1000,0,900,0.3155635893344879,0.42769479751586914
sin_high,1000,0,950,0.30981704592704773,0.4203506112098694
sin_high,1000,0,1000,0.3038397431373596,0.41322609782218933
sin_high,1000,0,1050,0.2977030277252197,0.4053020775318146
sin_high,1000,0,1100,0.2913286089897156,0.398110955953598
sin_high,1000,0,1150,0.2847672998905182,0.3901827931404114
sin_high,1000,0,1200,0.2780068814754486,0.38316991925239563
sin_high,1000,0,1250,0.27112770080566406,0.37439918518066406
sin_high,1000,0,1300,0.2644008696079254,0.36817294359207153
sin_high,1000,0,1350,0.25769659876823425,0.3571244776248932
sin_high,1000,0,1400,0.25097736716270447,0.35010579228401184
sin_high,1000,0,1450,0.24473296105861664,0.34210994839668274
sin_high,1000,0,1500,0.2385791689157486,0.33394157886505127
sin_high,1000,0,1550,0.23255351185798645,0.32662951946258545
sin_high,1000,0,1600,0.22664183378219604,0.31960657238960266
sin_high,1000,0,1650,0.22101573646068573,0.31272363662719727
sin_high,1000,0,1700,0.21582701802253723,0.30861783027648926
sin_high,1000,0,1750,0.21034963428974152,0.29983407258987427
sin_high,1000,0,1800,0.20557159185409546,0.29647448658943176
sin_high,1000,0,1850,0.20013970136642456,0.28676638007164
sin_high,1000,0,1900,0.19552846252918243,0.27914726734161377
sin_high,1000,0,1950,0.19049072265625,0.27462610602378845
sin_high,1000,0,2000,0.18595603108406067,0.27043500542640686
sin_high,1000,0,2050,0.18228936195373535,0.26823368668556213
sin_high,1000,0,2100,0.17705771327018738,0.2588161826133728
sin_high,1000,0,2150,0.1730237752199173,0.25180158019065857
sin_high,1000,0,2200,0.16870620846748352,0.24827682971954346
sin_high,1000,0,2250,0.16473455727100372,0.24338853359222412
sin_high,1000,0,2300,0.1610957682132721,0.24046802520751953
sin_high,1000,0,2350,0.15717454254627228,0.2333834171295166
sin_high,1000,0,2400,0.15640632808208466,0.23802274465560913
sin_high,1000,0,2450,0.15018142759799957,0.2253848910331726
sin_high,1000,0,2500,0.14692120254039764,0.2212081402540207
sin_high,1000,0,2550,0.14363332092761993,0.21708828210830688
sin_high,1000,0,2600,0.1405254453420639,0.21215228736400604
sin_high,1000,0,2650,0.13809579610824585,0.20715567469596863
sin_high,1000,0,2700,0.13422715663909912,0.2050296515226364
sin_high,1000,0,2750,0.1312800943851471,0.2021297812461853
sin_high,1000,0,2800,0.1284078061580658,0.19829395413398743
sin_high,1000,0,2850,0.12574978172779083,0.19355259835720062
sin_high,1000,0,2900,0.12291353195905685,0.19106338918209076
sin_high,1000,0,2950,0.1203521341085434,0.18805362284183502
sin_high,1000,0,3000,0.11779414862394333,0.18450097739696503
sin_high,1000,0,3050,0.11544767022132874,0.18014264106750488
sin_high,1000,0,3100,0.11290819197893143,0.1779690682888031
sin_high,1000,0,3150,0.11368808150291443,0.18283039331436157
sin_high,1000,0,3200,0.10832369327545166,0.17158006131649017
sin_high,1000,0,3250,0.1061214804649353,0.168860524892807
sin_high,1000,0,3300,0.10397642850875854,0.16659654676914215
sin_high,1000,0,3350,0.101831816136837,0.16333159804344177
sin_high,1000,0,3400,0.09979905933141708,0.16028477251529694
sin_high,1000,0,3450,0.09783784300088882,0.15779238939285278
sin_high,1000,0,3500,0.09592527896165848,0.1557830423116684
sin_high,1000,0,3550,0.09408151358366013,0.152196004986763
sin_high,1000,0,3600,0.09219620376825333,0.15027682483196259
sin_high,1000,0,3650,0.0904383435845375,0.14845390617847443
sin_high,1000,0,3700,0.08869199454784393,0.14563314616680145
sin_high,1000,0,3750,0.08703181147575378,0.14320755004882812
sin_high,1000,0,3800,0.08535973727703094,0.14095349609851837
sin_high,1000,0,3850,0.08429833501577377,0.13753269612789154
sin_high,1000,0,3900,0.08226827532052994,0.1364934742450714
sin_high,1000,0,3950,0.08076465129852295,0.13455082476139069
sin_high,1000,0,4000,0.0793098509311676,0.13197818398475647
sin_high,1000,0,4050,0.07782088220119476,0.13028959929943085
sin_high,1000,0,4100,0.07643523812294006,0.1281249076128006
sin_high,1000,0,4150,0.07502596080303192,0.12690405547618866
sin_high,1000,0,4200,0.07372447103261948,0.1252303421497345
sin_high,1000,0,4250,0.07229532301425934,0.12272655218839645
sin_high,1000,0,4300,0.07104647159576416,0.12025251984596252
sin_high,1000,0,4350,0.06978034228086472,0.11836176365613937
sin_high,1000,0,4400,0.06845822930335999,0.11733002215623856
sin_high,1000,0,4450,0.06747826933860779,0.11658898741006851
sin_high,1000,0,4500,0.0660344660282135,0.11384950578212738
sin_high,1000,0,4550,0.06528990715742111,0.11111322045326233
sin_high,1000,0,4600,0.06368901580572128,0.11052107810974121
sin_high,1000,0,4650,0.06368783116340637,0.11185047030448914
sin_high,1000,0,4700,0.06142284348607063,0.10703644156455994
sin_high,1000,0,4750,0.060575541108846664,0.10490521788597107
sin_high,1000,0,4800,0.05942525714635849,0.10344217717647552
sin_high,1000,0,4850,0.0582665391266346,0.10213570296764374
sin_high,1000,0,4900,0.05803832411766052,0.10354962944984436
sin_high,1000,0,4950,0.05619232356548309,0.09948056936264038
sin_high,1000,0,5000,0.056532591581344604,0.10148452967405319
sin_high,1000,1,0,0.820560872554779,0.6595215797424316
sin_high,1000,1,50,0.41580307483673096,0.5436912775039673
sin_high,1000,1,100,0.40680235624313354,0.531364381313324
sin_high,1000,1,150,0.40329307317733765,0.5274251699447632
sin_high,1000,1,200,0.40040427446365356,0.5247222185134888
sin_high,1000,1,250,0.39767149090766907,0.5222537517547607
sin_high,1000,1,300,0.39482855796813965,0.5199859738349915
sin_high,1000,1,350,0.3917382061481476,0.5177341103553772
sin_high,1000,1,400,0.38841673731803894,0.515211820602417
sin_high,1000,1,450,0.38474082946777344,0.512721061706543
sin_high,1000,1,500,0.3807153105735779,0.5100248456001282
sin_high,1000,1,550,0.37629780173301697,0.506571888923645
sin_high,1000,1,600,0.3714405298233032,0.5030280351638794
sin_high,1000,1,650,0.36619213223457336,0.49919790029525757
sin_high,1000,1,700,0.36064842343330383,0.49499428272247314
sin_high,1000,1,750,0.3548191487789154,0.4907150864601135
sin_high,1000,1,800,0.3487235903739929,0.48619288206100464
sin_high,1000,1,850,0.3423210084438324,0.4809517562389374
sin_high,1000,1,900,0.33550387620925903,0.47534090280532837
sin_high,1000,1,950,0.3281468152999878,0.4692223072052002
sin_high,1000,1,1000,0.3202532231807709,0.4630765914916992
sin_high,1000,1,1050,0.3117867708206177,0.4560854136943817
sin_high,1000,1,1100,0.3027110695838928,0.44865328073501587
sin_high,1000,1,1150,0.2930528521537781,0.4400821030139923
sin_high,1000,1,1200,0.2827417254447937,0.4301612973213196
sin_high,1000,1,1250,0.27182212471961975,0.41931888461112976
sin_high,1000,1,1300,0.2603146731853485,0.4074935019016266
sin_high,1000,1,1350,0.24829532206058502,0.39455631375312805
sin_high,1000,1,1400,0.23585666716098785,0.3815128207206726
sin_high,1000,1,1450,0.22346584498882294,0.3709107041358948
sin_high,1000,1,1500,0.21163594722747803,0.35890960693359375
sin_high,1000,1,1550,0.20031951367855072,0.3447875678539276
sin_high,1000,1,1600,0.18972402811050415,0.33267292380332947
sin_high,1000,1,1650,0.17988719046115875,0.3174799978733063
sin_high,1000,1,1700,0.1706261932849884,0.30794432759284973
sin_high,1000,1,1750,0.1621069312095642,0.30360403656959534
sin_high,1000,1,1800,0.15385541319847107,0.2876152992248535
sin_high,1000,1,1850,0.14629973471164703,0.28156954050064087
sin_high,1000,1,1900,0.1393897831439972,0.27589693665504456
sin_high,1000,1,1950,0.13259440660476685,0.2649708390235901
sin_high,1000,1,2000,0.1264713853597641,0.2587909698486328
sin_high,1000,1,2050,0.12088224291801453,0.2545410096645355
sin_high,1000,1,2100,0.11505082994699478,0.2405751496553421
sin_high,1000,1,2150,0.11083158850669861,0.2267373502254486
sin_high,1000,1,2200,0.10495802015066147,0.22760502994060516
sin_high,1000,1,2250,0.10059143602848053,0.21796773374080658
sin_high,1000,1,2300,0.0959184467792511,0.21964801847934723
sin_high,1000,1,2350,0.09171894192695618,0.2124936282634735
sin_high,1000,1,2400,0.08858062326908112,0.21488076448440552
sin_high,1000,1,2450,0.0839829221367836,0.20020535588264465
sin_high,1000,1,2500,0.08048848807811737,0.19881416857242584
sin_high,1000,1,2550,0.07703476399183273,0.19202935695648193
sin_high,1000,1,2600,0.07388246804475784,0.18475842475891113
sin_high,1000,1,2650,0.0707990825176239,0.18275010585784912
sin_high,1000,1,2700,0.06825608015060425,0.18320484459400177
sin_high,1000,1,2750,0.06512437015771866,0.17289018630981445
sin_high,1000,1,2800,0.0624750517308712,0.16892655193805695
sin_high,1000,1,2850,0.05996575206518173,0.16686482727527618
sin_high,1000,1,2900,0.05757538974285126,0.16278085112571716
sin_high,1000,1,2950,0.055393900722265244,0.15646690130233765
sin_high,1000,1,3000,0.05315832048654556,0.1558099389076233
sin_high,1000,1,3050,0.05110655725002289,0.15066498517990112
sin_high,1000,1,3100,0.049616821110248566,0.15408551692962646
sin_high,1000,1,3150,0.04728259891271591,0.14418958127498627
sin_high,1000,1,3200,0.04608544334769249,0.14817698299884796
sin_high,1000,1,3250,0.04381917789578438,0.13926191627979279
sin_high,1000,1,3300,0.04254336282610893,0.14060647785663605
sin_high,1000,1,3350,0.04067286103963852,0.1337927281856537
sin_high,1000,1,3400,0.03928825259208679,0.12875677645206451
sin_high,1000,1,3450,0.03782299906015396,0.12694764137268066
sin_high,1000,1,3500,0.03653523698449135,0.12365835905075073
sin_high,1000,1,3550,0.035699862986803055,0.11806099861860275
sin_high,1000,1,3600,0.03402663394808769,0.1208496019244194
sin_high,1000,1,3650,0.03331780806183815,0.12217860668897629
sin_high,1000,1,3700,0.03175675496459007,0.11470332741737366
sin_high,1000,1,3750,0.030675139278173447,0.11272594332695007
sin_high,1000,1,3800,0.029898962005972862,0.10789409279823303
sin_high,1000,1,3850,0.028676705434918404,0.10831557214260101
sin_high,1000,1,3900,0.031020425260066986,0.12144548445940018
sin_high,1000,1,3950,0.02684236317873001,0.10415565967559814
sin_high,1000,1,4000,0.025985021144151688,0.10264728218317032
sin_high,1000,1,4050,0.02513751946389675,0.10046589374542236
sin_high,1000,1,4100,0.02438874915242195,0.09740243852138519
sin_high,1000,1,4150,0.02355719357728958,0.09691939502954483
sin_high,1000,1,4200,0.02316802367568016,0.0986572876572609
sin_high,1000,1,4250,0.022110499441623688,0.09305348247289658
sin_high,1000,1,4300,0.021584348753094673,0.08908918499946594
sin_high,1000,1,4350,0.020778050646185875,0.08858683705329895
sin_high,1000,1,4400,0.02010461688041687,0.08770502358675003
sin_high,1000,1,4450,0.019506823271512985,0.08649681508541107
sin_high,1000,1,4500,0.018916720524430275,0.08454854041337967
sin_high,1000,1,4550,0.018355226144194603,0.08324628323316574
sin_high,1000,1,4600,0.01870676875114441,0.08734391629695892
sin_high,1000,1,4650,0.017298443242907524,0.08012135326862335
sin_high,1000,1,4700,0.016794366762042046,0.07856123894453049
sin_high,1000,1,4750,0.016308976337313652,0.07684726268053055
sin_high,1000,1,4800,0.015898199751973152,0.07443065941333771
sin_high,1000,1,4850,0.015401129610836506,0.0741182342171669
sin_high,1000,1,4900,0.014975561760365963,0.07346276938915253
sin_high,1000,1,4950,0.014676745980978012,0.07338996976613998
sin_high,1000,1,5000,0.01415964961051941,0.07003143429756165
sin_high,1000,2,0,0.7124403119087219,0.6143044233322144
sin_high,1000,2,50,0.5099784731864929,0.49603670835494995
sin_high,1000,2,100,0.49831825494766235,0.4849189519882202
sin_high,1000,2,150,0.4885304570198059,0.47850802540779114
sin_high,1000,2,200,0.47860094904899597,0.4727449417114258
sin_high,1000,2,250,0.4680699408054352,0.46723487973213196
sin_high,1000,2,300,0.45661506056785583,0.46181976795196533
sin_high,1000,2,350,0.44449669122695923,0.45652639865875244
sin_high,1000,2,400,0.4318247139453888,0.4518955647945404
sin_high,1000,2,450,0.41897711157798767,0.44747206568717957
sin_high,1000,2,500,0.40619856119155884,0.4430862367153168
sin_high,1000,2,550,0.39360320568084717,0.43829745054244995
sin_high,1000,2,600,0.3810901939868927,0.4317592978477478
sin_high,1000,2,650,0.3685447573661804,0.4252776801586151
sin_high,1000,2,700,0.3564569056034088,0.4193790555000305
sin_high,1000,2,750,0.3450091481208801,0.4139299690723419
sin_high,1000,2,800,0.33426734805107117,0.40890854597091675
sin_high,1000,2,850,0.32421088218688965,0.40404435992240906
sin_high,1000,2,900,0.31465989351272583,0.39869609475135803
sin_high,1000,2,950,0.30531343817710876,0.3915502429008484
sin_high,1000,2,1000,0.2959008812904358,0.3841792047023773
sin_high,1000,2,1050,0.28674185276031494,0.37608638405799866
sin_high,1000,2,1100,0.277792751789093,0.3677181303501129
sin_high,1000,2,1150,0.26909393072128296,0.35949721932411194
sin_high,1000,2,1200,0.26054954528808594,0.35073402523994446
sin_high,1000,2,1250,0.25228533148765564,0.3409985601902008
sin_high,1000,2,1300,0.2439282238483429,0.33261144161224365
sin_high,1000,2,1350,0.23596148192882538,0.324173241853714
sin_high,1000,2,1400,0.2282274067401886,0.3153405785560608
sin_high,1000,2,1450,0.22053870558738708,0.307058721780777
sin_high,1000,2,1500,0.21339717507362366,0.29947271943092346
sin_high,1000,2,1550,0.20641295611858368,0.29139184951782227
sin_high,1000,2,1600,0.1996508687734604,0.2846999168395996
sin_high,1000,2,1650,0.192813903093338,0.27590253949165344
sin_high,1000,2,1700,0.1863049864768982,0.2694019377231598
sin_high,1000,2,1750,0.18003492057323456,0.26128754019737244
sin_high,1000,2,1800,0.174168199300766,0.25401175022125244
sin_high,1000,2,1850,0.16839973628520966,0.24722617864608765
sin_high,1000,2,1900,0.16227470338344574,0.2410116344690323
sin_high,1000,2,1950,0.15701471269130707,0.23557336628437042
sin_high,1000,2,2000,0.1517764776945114,0.2291537970304489
sin_high,1000,2,2050,0.1473274528980255,0.2252068966627121
sin_high,1000,2,2100,0.14187197387218475,0.21700815856456757
sin_high,1000,2,2150,0.13720911741256714,0.21197010576725006
sin_high,1000,2,2200,0.1325550228357315,0.2055206298828125
sin_high,1000,2,2250,0.12816374003887177,0.2000798135995865
sin_high,1000,2,2300,0.12448757141828537,0.1937427818775177
sin_high,1000,2,2350,0.11996504664421082,0.18920569121837616
sin_high,1000,2,2400,0.11617662012577057,0.18512631952762604
sin_high,1000,2,2450,0.11226090788841248,0.17933940887451172
sin_high,1000,2,2500,0.10871274024248123,0.17549222707748413
sin_high,1000,2,2550,0.10506904125213623,0.1704927533864975
sin_high,1000,2,2600,0.10171960294246674,0.1662343591451645
sin_high,1000,2,2650,0.09855938702821732,0.16110393404960632
sin_high,1000,2,2700,0.09549739956855774,0.1585560441017151
sin_high,1000,2,2750,0.0931183397769928,0.15594135224819183
sin_high,1000,2,2800,0.08937090635299683,0.14936216175556183
sin_high,1000,2,2850,0.08669036626815796,0.14677096903324127
sin_high,1000,2,2900,0.08400499075651169,0.14326685667037964
sin_high,1000,2,2950,0.08184123039245605,0.13835066556930542
sin_high,1000,2,3000,0.0787554457783699,0.13550977408885956
sin_high,1000,2,3050,0.077127605676651,0.13182230293750763
sin_high,1000,2,3100,0.07420291006565094,0.12888599932193756
sin_high,1000,2,3150,0.07250532507896423,0.12587662041187286
sin_high,1000,2,3200,0.06966682523488998,0.12377523630857468
sin_high,1000,2,3250,0.06770375370979309,0.12149254232645035
sin_high,1000,2,3300,0.0660773515701294,0.11748204380273819
sin_high,1000,2,3350,0.06384287029504776,0.11505362391471863
sin_high,1000,2,3400,0.06201549246907234,0.11387605965137482
sin_high,1000,2,3450,0.06020491570234299,0.11020077764987946
sin_high,1000,2,3500,0.05842812359333038,0.10875995457172394
sin_high,1000,2,3550,0.05692741274833679,0.10554953664541245
sin_high,1000,2,3600,0.055439453572034836,0.10515028983354568
sin_high,1000,2,3650,0.05414507910609245,0.10119469463825226
sin_high,1000,2,3700,0.052252575755119324,0.10049699991941452
sin_high,1000,2,3750,0.05074814707040787,0.09810914844274521
sin_high,1000,2,3800,0.04940782114863396,0.09581021964550018
sin_high,1000,2,3850,0.04822923243045807,0.09382101893424988
sin_high,1000,2,3900,0.04681631550192833,0.0928034856915474
sin_high,1000,2,3950,0.04561174660921097,0.09122227132320404
sin_high,1000,2,4000,0.045260652899742126,0.09200119227170944
sin_high,1000,2,4050,0.04331628605723381,0.08810454607009888
sin_high,1000,2,4100,0.04224611818790436,0.0869302898645401
sin_high,1000,2,4150,0.04121857136487961,0.08460255712270737
sin_high,1000,2,4200,0.040414195507764816,0.08508040010929108
sin_high,1000,2,4250,0.039141859859228134,0.08236634731292725
sin_high,1000,2,4300,0.038219451904296875,0.08140066266059875
sin_high,1000,2,4350,0.037801798433065414,0.07909765839576721
sin_high,1000,2,4400,0.037008464336395264,0.08113966882228851
sin_high,1000,2,4450,0.035542912781238556,0.07774917781352997
sin_high,1000,2,4500,0.03471678867936134,0.07649297267198563
sin_high,1000,2,4550,0.03393356502056122,0.07587138563394547
sin_high,1000,2,4600,0.033177152276039124,0.07411949336528778
sin_high,1000,2,4650,0.032610535621643066,0.07479306310415268
sin_high,1000,2,4700,0.03168996423482895,0.07211938500404358
sin_high,1000,2,4750,0.03098234534263611,0.07220035791397095
sin_high,1000,2,4800,0.030243800953030586,0.07058028131723404
sin_high,1000,2,4850,0.029658395797014236,0.07056209444999695
sin_high,1000,2,4900,0.02893163450062275,0.06884109973907471
sin_high,1000,2,4950,0.02843625470995903,0.06754298508167267
sin_high,1000,2,5000,0.027740905061364174,0.06684701889753342
sin_high,1000,3,0,0.4376746714115143,0.528297483921051
sin_high,1000,3,50,0.3864966928958893,0.511412501335144
sin_high,1000,3,100,0.36805757880210876,0.5042943358421326
sin_high,1000,3,150,0.35622626543045044,0.49841585755348206
sin_high,1000,3,200,0.3475741744041443,0.49301210045814514
sin_high,1000,3,250,0.3401433229446411,0.48665499687194824
sin_high,1000,3,300,0.33303916454315186,0.4807177782058716
sin_high,1000,3,350,0.32619166374206543,0.47207000851631165
sin_high,1000,3,400,0.3194681406021118,0.46955105662345886
sin_high,1000,3,450,0.31261110305786133,0.4592853784561157
sin_high,1000,3,500,0.30608969926834106,0.4520632028579712
sin_high,1000,3,550,0.29955556988716125,0.4452166259288788
sin_high,1000,3,600,0.2933599054813385,0.43970754742622375
sin_high,1000,3,650,0.28710463643074036,0.4318300485610962
sin_high,1000,3,700,0.28074944019317627,0.4229743182659149
sin_high,1000,3,750,0.2745041847229004,0.4185509979724884
sin_high,1000,3,800,0.2683379054069519,0.41241246461868286
sin_high,1000,3,850,0.26236674189567566,0.4072435796260834
sin_high,1000,3,900,0.257325142621994,0.4062829911708832
sin_high,1000,3,950,0.2507495582103729,0.39381885528564453
sin_high,1000,3,1000,0.24528728425502777,0.3883734941482544
sin_high,1000,3,1050,0.24011477828025818,0.38295209407806396
sin_high,1000,3,1100,0.23544959723949432,0.3819180727005005
sin_high,1000,3,1150,0.2300436943769455,0.37254536151885986
sin_high,1000,3,1200,0.2252933382987976,0.36603567004203796
sin_high,1000,3,1250,0.22080278396606445,0.3650950491428375
sin_high,1000,3,1300,0.21611249446868896,0.3590022027492523
sin_high,1000,3,1350,0.21154800057411194,0.35242292284965515
sin_high,1000,3,1400,0.20722825825214386,0.34727737307548523
sin_high,1000,3,1450,0.20343108475208282,0.33812639117240906
sin_high,1000,3,1500,0.19914241135120392,0.33366408944129944
sin_high,1000,3,1550,0.1952960044145584,0.33477404713630676
sin_high,1000,3,1600,0.1911333054304123,0.3263850808143616
sin_high,1000,3,1650,0.18737876415252686,0.32102224230766296
sin_high,1000,3,1700,0.18384391069412231,0.31523993611335754
sin_high,1000,3,1750,0.18025878071784973,0.31100672483444214
sin_high,1000,3,1800,0.17684659361839294,0.3064686357975006
sin_high,1000,3,1850,0.17416270077228546,0.29942750930786133
sin_high,1000,3,1900,0.1705392450094223,0.29616615176200867
sin_high,1000,3,1950,0.16706928610801697,0.2957639992237091
sin_high,1000,3,2000,0.1639767587184906,0.2892763912677765
sin_high,1000,3,2050,0.16118179261684418,0.2890711724758148
sin_high,1000,3,2100,0.158037930727005,0.2825530171394348
sin_high,1000,3,2150,0.15524718165397644,0.2793850302696228
sin_high,1000,3,2200,0.1525467336177826,0.27606502175331116
sin_high,1000,3,2250,0.15021638572216034,0.26881518959999084
sin_high,1000,3,2300,0.14769914746284485,0.26509949564933777
sin_high,1000,3,2350,0.14503970742225647,0.26224780082702637
sin_high,1000,3,2400,0.1424403190612793,0.2597598731517792
sin_high,1000,3,2450,0.14014287292957306,0.2595992982387543
sin_high,1000,3,2500,0.13779187202453613,0.2558065354824066
sin_high,1000,3,2550,0.13553349673748016,0.25148695707321167
sin_high,1000,3,2600,0.13398222625255585,0.2456267923116684
sin_high,1000,3,2650,0.13137689232826233,0.24672652781009674
sin_high,1000,3,2700,0.12933950126171112,0.24201543629169464
sin_high,1000,3,2750,0.1274024248123169,0.23896698653697968
sin_high,1000,3,2800,0.12561248242855072,0.2392914742231369
sin_high,1000,3,2850,0.1236179918050766,0.23526038229465485
sin_high,1000,3,2900,0.12179240584373474,0.2315163016319275
sin_high,1000,3,2950,0.1206066682934761,0.23331601917743683
sin_high,1000,3,3000,0.11871203780174255,0.22442683577537537
sin_high,1000,3,3050,0.11673442274332047,0.22582805156707764
sin_high,1000,3,3100,0.11513806879520416,0.2238837033510208
sin_high,1000,3,3150,0.11365724354982376,0.21707487106323242
sin_high,1000,3,3200,0.11212226003408432,0.2145771086215973
sin_high,1000,3,3250,0.11190605163574219,0.2104087918996811
sin_high,1000,3,3300,0.10877504199743271,0.21158148348331451
sin_high,1000,3,3350,0.10738629847764969,0.2083062380552292
sin_high,1000,3,3400,0.10584869235754013,0.20794925093650818
sin_high,1000,3,3450,0.10517537593841553,0.20174892246723175
sin_high,1000,3,3500,0.10333435982465744,0.20043238997459412
sin_high,1000,3,3550,0.10275010019540787,0.19686996936798096
sin_high,1000,3,3600,0.1003534123301506,0.19876743853092194
sin_high,1000,3,3650,0.09913979470729828,0.19457170367240906
sin_high,1000,3,3700,0.09788565337657928,0.195673868060112
sin_high,1000,3,3750,0.09654811024665833,0.19324573874473572
sin_high,1000,3,3800,0.09526097774505615,0.19075816869735718
sin_high,1000,3,3850,0.0939565896987915,0.1870725154876709
sin_high,1000,3,3900,0.09280593693256378,0.18672782182693481
sin_high,1000,3,3950,0.09154774248600006,0.18341362476348877
sin_high,1000,3,4000,0.0905548632144928,0.18336428701877594
sin_high,1000,3,4050,0.0892370268702507,0.1794605553150177
sin_high,1000,3,4100,0.08813072741031647,0.17725244164466858
sin_high,1000,3,4150,0.08702373504638672,0.17589469254016876
sin_high,1000,3,4200,0.08609672635793686,0.17223839461803436
sin_high,1000,3,4250,0.08492851257324219,0.17271576821804047
sin_high,1000,3,4300,0.08386959135532379,0.17045441269874573
sin_high,1000,3,4350,0.08286064863204956,0.16874942183494568
sin_high,1000,3,4400,0.08184128254652023,0.16625425219535828
sin_high,1000,3,4450,0.08086511492729187,0.1660516858100891
sin_high,1000,3,4500,0.0805780217051506,0.16059809923171997
sin_high,1000,3,4550,0.0788712128996849,0.16221000254154205
sin_high,1000,3,4600,0.07821299880743027,0.16284716129302979
sin_high,1000,3,4650,0.0769772157073021,0.15859189629554749
sin_high,1000,3,4700,0.07657968997955322,0.15439805388450623
sin_high,1000,3,4750,0.07513359189033508,0.15544049441814423
sin_high,1000,3,4800,0.07467177510261536,0.1515987366437912
sin_high,1000,3,4850,0.0733383521437645,0.15240958333015442
sin_high,1000,3,4900,0.07249061018228531,0.15158326923847198
sin_high,1000,3,4950,0.07164120674133301,0.14911185204982758
sin_high,1000,3,5000,0.07192248106002808,0.1537327915430069
sin_high,1000,4,0,0.5202745199203491,0.501975417137146
sin_high,1000,4,50,0.472695529460907,0.47786229848861694
sin_high,1000,4,100,0.45845404267311096,0.4695391356945038
sin_high,1000,4,150,0.44773226976394653,0.4618576169013977
sin_high,1000,4,200,0.43770620226860046,0.45493990182876587
sin_high,1000,4,250,0.42829573154449463,0.44870221614837646
sin_high,1000,4,300,0.41937482357025146,0.4430423378944397
sin_high,1000,4,350,0.4105675518512726,0.4377422034740448
sin_high,1000,4,400,0.4015187621116638,0.4320334196090698
sin_high,1000,4,450,0.3919735550880432,0.4262755215167999
sin_high,1000,4,500,0.38175901770591736,0.4213141202926636
sin_high,1000,4,550,0.3708021342754364,0.41817325353622437
sin_high,1000,4,600,0.3590795695781708,0.4173128008842468
sin_high,1000,4,650,0.34677404165267944,0.4184381067752838
sin_high,1000,4,700,0.33431342244148254,0.42172834277153015
sin_high,1000,4,750,0.3230435252189636,0.4257104694843292
sin_high,1000,4,800,0.31216156482696533,0.43231552839279175
sin_high,1000,4,850,0.3012198805809021,0.43507662415504456
sin_high,1000,4,900,0.2908882796764374,0.44170331954956055
sin_high,1000,4,950,0.2818351984024048,0.44319063425064087
sin_high,1000,4,1000,0.27164459228515625,0.451686292886734
sin_high,1000,4,1050,0.26265212893486023,0.4554736018180847
sin_high,1000,4,1100,0.25428199768066406,0.4617252051830292
sin_high,1000,4,1150,0.24629351496696472,0.4703567624092102
sin_high,1000,4,1200,0.23845885694026947,0.47399166226387024
sin_high,1000,4,1250,0.23162473738193512,0.4836730659008026
sin_high,1000,4,1300,0.22395388782024384,0.48596879839897156
sin_high,1000,4,1350,0.21709442138671875,0.48825204372406006
sin_high,1000,4,1400,0.21061822772026062,0.4935738742351532
sin_high,1000,4,1450,0.20444659888744354,0.49903884530067444
sin_high,1000,4,1500,0.1988394558429718,0.5013790726661682
sin_high,1000,4,1550,0.19318564236164093,0.5087437629699707
sin_high,1000,4,1600,0.18798023462295532,0.5099954605102539
sin_high,1000,4,1650,0.18267741799354553,0.5178953409194946
sin_high,1000,4,1700,0.17767520248889923,0.5197108387947083
sin_high,1000,4,1750,0.1730600893497467,0.5234124660491943
sin_high,1000,4,1800,0.16862113773822784,0.5277608633041382
sin_high,1000,4,1850,0.16435295343399048,0.5283265113830566
sin_high,1000,4,1900,0.16010530292987823,0.5346666574478149
sin_high,1000,4,1950,0.15608522295951843,0.5374203324317932
sin_high,1000,4,2000,0.15229681134223938,0.5383829474449158
sin_high,1000,4,2050,0.14866328239440918,0.5431947708129883
sin_high,1000,4,2100,0.14510178565979004,0.5441114902496338
sin_high,1000,4,2150,0.14166852831840515,0.5458886623382568
sin_high,1000,4,2200,0.13877494633197784,0.5436582565307617
sin_high,1000,4,2250,0.13549594581127167,0.545511782169342
sin_high,1000,4,2300,0.13224433362483978,0.5551274418830872
sin_high,1000,4,2350,0.12988686561584473,0.5467594265937805
sin_high,1000,4,2400,0.12679414451122284,0.5493501424789429
sin_high,1000,4,2450,0.12362974137067795,0.5542762875556946
sin_high,1000,4,2500,0.12082988768815994,0.5581989884376526
sin_high,1000,4,2550,0.11867567151784897,0.5564394593238831
sin_high,1000,4,2600,0.11586492508649826,0.5635955929756165
sin_high,1000,4,2650,0.11347714066505432,0.5651986598968506
sin_high,1000,4,2700,0.11118841171264648,0.565268337726593
sin_high,1000,4,2750,0.10895160585641861,0.5686001181602478
sin_high,1000,4,2800,0.10674699395895004,0.5690505504608154
sin_high,1000,4,2850,0.10564648360013962,0.5794671177864075
sin_high,1000,4,2900,0.10263244062662125,0.5707007646560669
sin_high,1000,4,2950,0.10063724964857101,0.5715179443359375
sin_high,1000,4,3000,0.09865501523017883,0.5711103081703186
sin_high,1000,4,3050,0.09680864959955215,0.5707173347473145
sin_high,1000,4,3100,0.094929538667202,0.572769820690155
sin_high,1000,4,3150,0.09310505539178848,0.5724996328353882
sin_high,1000,4,3200,0.09179432690143585,0.5791828036308289
sin_high,1000,4,3250,0.08960980921983719,0.5738083720207214
sin_high,1000,4,3300,0.08793923258781433,0.5718509554862976
sin_high,1000,4,3350,0.0863514095544815,0.5710157155990601
sin_high,1000,4,3400,0.08467423915863037,0.5734741687774658
sin_high,1000,4,3450,0.08312668651342392,0.5754075050354004
sin_high,1000,4,3500,0.0815945416688919,0.5729858875274658
sin_high,1000,4,3550,0.08038563281297684,0.569362998008728
sin_high,1000,4,3600,0.07864975929260254,0.573643684387207
sin_high,1000,4,3650,0.07723073661327362,0.5729517936706543
sin_high,1000,4,3700,0.07583487033843994,0.5740480422973633
sin_high,1000,4,3750,0.07447526603937149,0.5741346478462219
sin_high,1000,4,3800,0.07328933477401733,0.5767623782157898
sin_high,1000,4,3850,0.07188292592763901,0.573212742805481
sin_high,1000,4,3900,0.07311931252479553,0.562057614326477
sin_high,1000,4,3950,0.06942581385374069,0.574510931968689
sin_high,1000,4,4000,0.06818452477455139,0.5737419724464417
sin_high,1000,4,4050,0.06703100353479385,0.5740723013877869
sin_high,1000,4,4100,0.06589268893003464,0.5732880234718323
sin_high,1000,4,4150,0.06487578898668289,0.5758013129234314
sin_high,1000,4,4200,0.06370915472507477,0.5744081139564514
sin_high,1000,4,4250,0.06259382516145706,0.5722208023071289
sin_high,1000,4,4300,0.06158069521188736,0.5741778612136841
sin_high,1000,4,4350,0.06054341048002243,0.5716089010238647
sin_high,1000,4,4400,0.06147288158535957,0.5855228900909424
sin_high,1000,4,4450,0.058543480932712555,0.5717557668685913
sin_high,1000,4,4500,0.05783345177769661,0.5768613219261169
sin_high,1000,4,4550,0.056660789996385574,0.5730168223381042
sin_high,1000,4,4600,0.05573016032576561,0.5701593160629272
sin_high,1000,4,4650,0.054853275418281555,0.5738140940666199
sin_high,1000,4,4700,0.053897514939308167,0.5724084973335266
sin_high,1000,4,4750,0.05314077436923981,0.5685033202171326
sin_high,1000,4,4800,0.05216766148805618,0.5702718496322632
sin_high,1000,4,4850,0.05186515673995018,0.5775077939033508
sin_high,1000,4,4900,0.05051698163151741,0.5698622465133667
sin_high,1000,4,4950,0.049924977123737335,0.5749370455741882
sin_high,1000,4,5000,0.048924949020147324,0.5695556402206421
abs,10,0,0,0.5475219488143921,0.5418450236320496
abs,10,0,50,0.35421425104141235,0.347933292388916
abs,10,0,100,0.20846791565418243,0.20265458524227142
abs,10,0,150,0.10844911634922028,0.10571939498186111
abs,10,0,200,0.053293827921152115,0.0534440241754055
abs,10,0,250,0.030574435368180275,0.03223402425646782
abs,10,0,300,0.022831792011857033,0.02486482448875904
abs,10,0,350,0.0192671250551939,0.021185921505093575
abs,10,0,400,0.01652544178068638,0.0182086993008852
abs,10,0,450,0.014059842564165592,0.01550839189440012
abs,10,0,500,0.011828252114355564,0.013073139823973179
abs,10,0,550,0.009893582202494144,0.010928872041404247
abs,10,0,600,0.008200785145163536,0.009058344177901745
abs,10,0,650,0.00677231140434742,0.007458545733243227
abs,10,0,700,0.0055558751337230206,0.006100419443100691
abs,10,0,750,0.004518437664955854,0.0049527427181601524
abs,10,0,800,0.0036441944539546967,0.0039968728087842464
abs,10,0,850,0.002917288104072213,0.0032110773026943207
abs,10,0,900,0.002344184322282672,0.0025850250385701656
abs,10,0,950,0.0018962789326906204,0.0020912927575409412
abs,10,0,1000,0.0015291934832930565,0.001694226055406034
abs,10,0,1050,0.0012328746961429715,0.0013772596139460802
abs,10,0,1100,0.0010075062746182084,0.0011298797326162457
abs,10,0,1150,0.0008337418548762798,0.0009370812913402915
abs,10,0,1200,0.0006965195061638951,0.0007842305349186063
abs,10,0,1250,0.0005896797520108521,0.0006638558115810156
abs,10,0,1300,0.0005040218820795417,0.0005676030996255577
abs,10,0,1350,0.000433711102232337,0.0004893190925940871
abs,10,0,1400,0.00037708814488723874,0.0004261559806764126
abs,10,0,1450,0.0003312879125587642,0.00037490687100216746
abs,10,0,1500,0.0002939398982562125,0.0003329375758767128
abs,10,0,1550,0.00026315523427911103,0.00029818370239809155
abs,10,0,1600,0.0002374312753090635,0.0002690240798983723
abs,10,0,1650,0.00021562167967204005,0.0002441975229885429
abs,10,0,1700,0.00019690115004777908,0.00022279750555753708
abs,10,0,1750,0.00018061693117488176,0.00020411075092852116
abs,10,0,1800,0.00016627548029646277,0.00018759841623250395
abs,10,0,1850,0.00015232947771437466,0.00017223403847310692
abs,10,0,1900,0.00013959368516225368,0.00015828692994546145
abs,10,0,1950,0.00012809090549126267,0.00014566167374141514
abs,10,0,2000,0.0001177620652015321,0.0001342570612905547
abs,10,0,2050,0.00010819484305102378,0.00012378628889564425
abs,10,0,2100,9.931016393238679e-05,0.00011414413893362507
abs,10,0,2150,9.104783384827897e-05,0.00010524244862608612
abs,10,0,2200,8.33640297059901e-05,9.701625094749033e-05
abs,10,0,2250,7.622470729984343e-05,8.941466512624174e-05
abs,10,0,2300,6.960178870940581e-05,8.239289309130982e-05
abs,10,0,2350,6.350864714477211e-05,7.591808389406651e-05
abs,10,0,2400,5.8183595683658496e-05,7.011223351582885e-05
abs,10,0,2450,5.338812479749322e-05,6.494821718661115e-05
abs,10,0,2500,4.8989913921104744e-05,6.020571890985593e-05
abs,10,0,2550,4.4947428250452504e-05,5.581269579124637e-05
abs,10,0,2600,4.1229886846849695e-05,5.173819590709172e-05
abs,10,0,2650,3.781357008847408e-05,4.795756103703752e-05
abs,10,0,2700,3.4678731026360765e-05,4.444959995453246e-05
abs,10,0,2750,3.180746716680005e-05,4.1205370507668704e-05
abs,10,0,2800,2.918332211265806e-05,3.820388883468695e-05
abs,10,0,2850,2.679049430298619e-05,3.54273033735808e-05
abs,10,0,2900,2.46120362135116e-05,3.2869465940166265e-05
abs,10,0,2950,2.2632297259406187e-05,3.050705163332168e-05
abs,10,0,3000,2.0839641365455464e-05,2.833189137163572e-05
abs,10,0,3050,1.921458897413686e-05,2.6333518690080382e-05
abs,10,0,3100,1.7662026948528364e-05,2.4451652279822156e-05
abs,10,0,3150,1.6244825019384734e-05,2.271596713399049e-05
abs,10,0,3200,1.4958671272324864e-05,2.1115047275088727e-05
abs,10,0,3250,1.3794293408864178e-05,1.964471084647812e-05
abs,10,0,3300,1.2743030310957693e-05,1.829196662583854e-05
abs,10,0,3350,1.1796478247561026e-05,1.7050204405677505e-05
abs,10,0,3400,1.0946570000669453e-05,1.5912690287223086e-05
abs,10,0,3450,1.0158933037018869e-05,1.4854271285003051e-05
abs,10,0,3500,9.410041457158513e-06,1.3855225915904157e-05
abs,10,0,3550,8.720226105651818e-06,1.292669003305491e-05
abs,10,0,3600,8.08547338237986e-06,1.2066812814737204e-05
abs,10,0,3650,7.501993877667701e-06,1.1270360118942335e-05
abs,10,0,3700,6.966104592720512e-06,1.0533989552641287e-05
abs,10,0,3750,6.474384008470224e-06,9.855109055934008e-06
abs,10,0,3800,6.010051038174424e-06,9.218750165018719e-06
abs,10,0,3850,5.57585917704273e-06,8.625213013147004e-06
abs,10,0,3900,5.1619281293824315e-06,8.061895641731098e-06
abs,10,0,3950,4.77444018542883e-06,7.5351395025791135e-06
abs,10,0,4000,4.412601811054628e-06,7.0409714680863544e-06
abs,10,0,4050,4.075504875800107e-06,6.583861704712035e-06
abs,10,0,4100,3.762235792237334e-06,6.155305982247228e-06
abs,10,0,4150,3.4718730148597388e-06,5.759644409408793e-06
abs,10,0,4200,3.203423375452985e-06,5.39217262485181e-06
abs,10,0,4250,2.955933723569615e-06,5.049764240538934e-06
abs,10,0,4300,2.7283701911073877e-06,4.736278242489789e-06
abs,10,0,4350,2.519734152883757e-06,4.44464421889279e-06
abs,10,0,4400,2.3290017452382017e-06,4.175579306320287e-06
abs,10,0,4450,2.1551722966250964e-06,3.929024842364015e-06
abs,10,0,4500,1.997196704905946e-06,3.700130719153094e-06
abs,10,0,4550,1.8541142026151647e-06,3.490260723992833e-06
abs,10,0,4600,1.724906269373605e-06,3.2991122225212166e-06
abs,10,0,4650,1.6086295318018529e-06,3.1218767162499717e-06
abs,10,0,4700,1.5039012168927002e-06,2.9577413442893885e-06
abs,10,0,4750,1.4019367426953977e-06,2.80450944956101e-06
abs,10,0,4800,1.3044140132478788e-06,2.6578909455565736e-06
abs,10,0,4850,1.2114176115574082e-06,2.5178867417707806e-06
abs,10,0,4900,1.1229454912609071e-06,2.3859595330577577e-06
abs,10,0,4950,1.0388899909230531e-06,2.2642334442934953e-06
abs,10,0,5000,9.592034757588408e-07,2.148703742932412e-06
abs,10,1,0,0.47983646392822266,0.544141411781311
abs,10,1,50,0.2365906834602356,0.2780327796936035
abs,10,1,100,0.11353357881307602,0.13867445290088654
abs,10,1,150,0.06467591971158981,0.07918733358383179
abs,10,1,200,0.049934834241867065,0.05866594985127449
abs,10,1,250,0.04388577863574028,0.04987931251525879
abs,10,1,300,0.03868071362376213,0.04327159374952316
abs,10,1,350,0.03334587812423706,0.037055376917123795
abs,10,1,400,0.028224630281329155,0.03123243898153305
abs,10,1,450,0.02349306456744671,0.02589310333132744
abs,10,1,500,0.019287414848804474,0.021140996366739273
abs,10,1,550,0.015424534678459167,0.01674269326031208
abs,10,1,600,0.01205188874155283,0.012969647534191608
abs,10,1,650,0.009285642765462399,0.00992556381970644
abs,10,1,700,0.007039927877485752,0.0074766469188034534
abs,10,1,750,0.005241426173597574,0.005535342264920473
abs,10,1,800,0.0038488449063152075,0.0040341024287045
abs,10,1,850,0.00277276081033051,0.00288568832911551
abs,10,1,900,0.0019588517025113106,0.002028970280662179
abs,10,1,950,0.0013603514526039362,0.0014034579508006573
abs,10,1,1000,0.000931096903514117,0.0009586818050593138
abs,10,1,1050,0.0006310408934950829,0.0006494252011179924
abs,10,1,1100,0.0004287248011678457,0.00043988676043227315
abs,10,1,1150,0.00029364798683673143,0.00029997515957802534
abs,10,1,1200,0.00020504284475464374,0.00020785194647032768
abs,10,1,1250,0.0001455518649891019,0.000146649414091371
abs,10,1,1300,0.00010725780884968117,0.00010712853691074997
abs,10,1,1350,8.308156247949228e-05,8.205512858694419e-05
abs,10,1,1400,6.731203029630706e-05,6.578721513506025e-05
abs,10,1,1450,5.655319182551466e-05,5.475990838021971e-05
abs,10,1,1500,4.892046490567736e-05,4.6990211558295414e-05
abs,10,1,1550,4.3303843995090574e-05,4.1317736759083346e-05
abs,10,1,1600,3.897663555108011e-05,3.70034140360076e-05
abs,10,1,1650,3.5454515455057845e-05,3.3553835237398744e-05
abs,10,1,1700,3.249258588766679e-05,3.0686605896335095e-05
abs,10,1,1750,2.9951808755868115e-05,2.8218846637173556e-05
abs,10,1,1800,2.7696023607859388e-05,2.6037883799290285e-05
abs,10,1,1850,2.5665591238066554e-05,2.4077993657556362e-05
abs,10,1,1900,2.38358297792729e-05,2.22936796490103e-05
abs,10,1,1950,2.2120661014923826e-05,2.06442109629279e-05
abs,10,1,2000,2.0499077436397783e-05,1.909644197439775e-05
abs,10,1,2050,1.8996714061358944e-05,1.76712783286348e-05
abs,10,1,2100,1.7608655980438925e-05,1.6351705198758282e-05
abs,10,1,2150,1.6329997379216366e-05,1.5138645721890498e-05
abs,10,1,2200,1.5155605069594458e-05,1.4021817150933202e-05
abs,10,1,2250,1.4074052160140127e-05,1.299567702517379e-05
abs,10,1,2300,1.3101263903081417e-05,1.2052139936713502e-05
abs,10,1,2350,1.228052769874921e-05,1.1227859431528486e-05
abs,10,1,2400,1.1519913641677704e-05,1.0463266335136723e-05
abs,10,1,2450,1.080450601875782e-05,9.74621252680663e-06
abs,10,1,2500,1.013113433145918e-05,9.073952242033556e-06
abs,10,1,2550,9.498292456555646e-06,8.447099389741197e-06
abs,10,1,2600,8.904535206966102e-06,7.863618520786986e-06
abs,10,1,2650,8.34872480481863e-06,7.325726528506493e-06
abs,10,1,2700,7.829778041923419e-06,6.8268550421635155e-06
abs,10,1,2750,7.346433903876459e-06,6.3638362917117774e-06
abs,10,1,2800,6.8973886300227605e-06,5.935744866292225e-06
abs,10,1,2850,6.481270247604698e-06,5.543049610423623e-06
abs,10,1,2900,6.107254648668459e-06,5.186798716749763e-06
abs,10,1,2950,5.764365141658345e-06,4.860442459175829e-06
abs,10,1,3000,5.43834175914526e-06,4.556453859549947e-06
abs,10,1,3050,5.128672910359455e-06,4.272183105058502e-06
abs,10,1,3100,4.835169875150314e-06,4.009568328910973e-06
abs,10,1,3150,4.557543888950022e-06,3.768550186578068e-06
abs,10,1,3200,4.295420694688801e-06,3.543275170159177e-06
abs,10,1,3250,4.048493337904802e-06,3.333757149448502e-06
abs,10,1,3300,3.816340722551104e-06,3.140141870972002e-06
abs,10,1,3350,3.5984839996672235e-06,2.9604032079078024e-06
abs,10,1,3400,3.3945002542168368e-06,2.798538616843871e-06
abs,10,1,3450,3.2039238249126356e-06,2.649712541824556e-06
abs,10,1,3500,3.026200602107565e-06,2.5120020836766344e-06
abs,10,1,3550,2.86083832179429e-06,2.385163497820031e-06
abs,10,1,3600,2.7072953798779054e-06,2.2699045985064004e-06
abs,10,1,3650,2.564971737228916e-06,2.1623936845571734e-06
abs,10,1,3700,2.4317648694704985e-06,2.0655636490118923e-06
abs,10,1,3750,2.3076252091414062e-06,1.9780959519266617e-06
abs,10,1,3800,2.191285602748394e-06,1.8968787571793655e-06
abs,10,1,3850,2.0833015241805697e-06,1.8211337646789616e-06
abs,10,1,3900,1.9892083855665987e-06,1.7520853816677118e-06
abs,10,1,3950,1.9201024770154618e-06,1.6953964632193674e-06
abs,10,1,4000,1.8539395796324243e-06,1.6410544958489481e-06
abs,10,1,4050,1.7898449868880562e-06,1.5893707541181357e-06
abs,10,1,4100,1.727911580928776e-06,1.5402201825054362e-06
abs,10,1,4150,1.667963601903466e-06,1.4948526541047613e-06
abs,10,1,4200,1.6102044355648104e-06,1.4511880408463185e-06
abs,10,1,4250,1.552972776153183e-06,1.4084183703744202e-06
abs,10,1,4300,1.4966818753237021e-06,1.3673196690433542e-06
abs,10,1,4350,1.4424950904867728e-06,1.328276084677782e-06
abs,10,1,4400,1.3904226534577901e-06,1.2916254945594119e-06
abs,10,1,4450,1.3403946468315553e-06,1.2558547268781695e-06
abs,10,1,4500,1.2924176644446561e-06,1.2225327736814506e-06
abs,10,1,4550,1.246404963239911e-06,1.1900440313183935e-06
abs,10,1,4600,1.20231163691642e-06,1.1588671213758062e-06
abs,10,1,4650,1.1600554898905102e-06,1.1286035714874743e-06
abs,10,1,4700,1.1196046898476197e-06,1.1005104170180857e-06
abs,10,1,4750,1.0809144441736862e-06,1.0729129371611634e-06
abs,10,1,4800,1.0438768640597118e-06,1.047099317474931e-06
abs,10,1,4850,1.008463186735753e-06,1.0216368764304207e-06
abs,10,1,4900,9.74601448433532e-07,9.978721209336072e-07
abs,10,1,4950,9.421888194083294e-07,9.73537567006133e-07
abs,10,1,5000,9.112011980505486e-07,9.498893405179842e-07
abs,10,2,0,0.6118949055671692,0.6958595514297485
abs,10,2,50,0.3284406065940857,0.38671883940696716
abs,10,2,100,0.1670256406068802,0.2040311098098755
abs,10,2,150,0.09678207337856293,0.11720585823059082
abs,10,2,200,0.07734443247318268,0.08796116709709167
abs,10,2,250,0.07096601277589798,0.07761967182159424
abs,10,2,300,0.06576314568519592,0.07113002240657806
abs,10,2,350,0.060810212045907974,0.06535442173480988
abs,10,2,400,0.055952128022909164,0.059602949768304825
abs,10,2,450,0.050948865711688995,0.05396495386958122
abs,10,2,500,0.045531015843153,0.048052217811346054
abs,10,2,550,0.03983401134610176,0.04199988767504692
abs,10,2,600,0.03405683487653732,0.03590471297502518
abs,10,2,650,0.028415460139513016,0.029934139922261238
abs,10,2,700,0.023101231083273888,0.024254316464066505
abs,10,2,750,0.01830146089196205,0.019084956496953964
abs,10,2,800,0.014105355367064476,0.014686117880046368
abs,10,2,850,0.010564460419118404,0.011000527068972588
abs,10,2,900,0.007685442455112934,0.00800755899399519
abs,10,2,950,0.005429757758975029,0.00566734978929162
abs,10,2,1000,0.0037265170831233263,0.0039037088863551617
abs,10,2,1050,0.0024869318585842848,0.0026222073938697577
abs,10,2,1100,0.0016169912414625287,0.001723609515465796
abs,10,2,1150,0.0010276242392137647,0.0011146272299811244
abs,10,2,1200,0.0006414561066776514,0.0007147534051910043
abs,10,2,1250,0.00039606832433491945,0.0004594860365614295
abs,10,2,1300,0.00024426402524113655,0.00030024308944121003
abs,10,2,1350,0.0001523593527963385,0.00020253859111107886
abs,10,2,1400,9.752452024258673e-05,0.00014301907503977418
abs,10,2,1450,6.498486618511379e-05,0.00010658358951332048
abs,10,2,1500,4.555869600153528e-05,8.383803651668131e-05
abs,10,2,1550,3.374017614987679e-05,6.913422839716077e-05
abs,10,2,1600,2.6321358745917678e-05,5.91700263612438e-05
abs,10,2,1650,2.1475338144227862e-05,5.205158595344983e-05
abs,10,2,1700,1.8174554497818463e-05,4.670825001085177e-05
abs,10,2,1750,1.5797964806552045e-05,4.250086931278929e-05
abs,10,2,1800,1.3993030734127387e-05,3.904540426447056e-05
abs,10,2,1850,1.2593681276484858e-05,3.615107561927289e-05
abs,10,2,1900,1.1455168532847892e-05,3.365472730365582e-05
abs,10,2,1950,1.0503420526219998e-05,3.146090602967888e-05
abs,10,2,2000,9.675321052782238e-06,2.948423207271844e-05
abs,10,2,2050,8.930426702136174e-06,2.7664667868521065e-05
abs,10,2,2100,8.267181328847073e-06,2.5995555915869772e-05
abs,10,2,2150,7.679293958062772e-06,2.446573671477381e-05
abs,10,2,2200,7.141567493818002e-06,2.3044796762405895e-05
abs,10,2,2250,6.641636446147459e-06,2.1706955521949567e-05
abs,10,2,2300,6.1802761592844035e-06,2.0452325770747848e-05
abs,10,2,2350,5.7558886510378215e-06,1.9279501429991797e-05
abs,10,2,2400,5.366745426726993e-06,1.818383861973416e-05
abs,10,2,2450,5.011129815102322e-06,1.7161868527182378e-05
abs,10,2,2500,4.6872737584635615e-06,1.6210393368965015e-05
abs,10,2,2550,4.3933114284300245e-06,1.5325074855354615e-05
abs,10,2,2600,4.1196599340764806e-06,1.4493344679067377e-05
abs,10,2,2650,3.855337581626372e-06,1.3694299923372455e-05
abs,10,2,2700,3.6015701425640145e-06,1.2929055628774222e-05
abs,10,2,2750,3.3581229672563495e-06,1.2197850992379244e-05
abs,10,2,2800,3.125204102616408e-06,1.1500884284032509e-05
abs,10,2,2850,2.9028176413703477e-06,1.0837064110091887e-05
abs,10,2,2900,2.6908865038421936e-06,1.0205940270680003e-05
abs,10,2,2950,2.4893142835935578e-06,9.606855201127473e-06
abs,10,2,3000,2.2980648282100447e-06,9.03900399862323e-06
abs,10,2,3050,2.1170199033804238e-06,8.501520824211184e-06
abs,10,2,3100,1.94588187696354e-06,7.99306872067973e-06
abs,10,2,3150,1.7845935644800193e-06,7.513297532568686e-06
abs,10,2,3200,1.6329214531651814e-06,7.060943516989937e-06
abs,10,2,3250,1.4905676835041959e-06,6.634929377469234e-06
abs,10,2,3300,1.357401401946845e-06,6.234311513253488e-06
abs,10,2,3350,1.2330448271313799e-06,5.85808584219194e-06
abs,10,2,3400,1.117241254178225e-06,5.505200533661991e-06
abs,10,2,3450,1.0096794085256988e-06,5.174629677640041e-06
abs,10,2,3500,9.100398870032222e-07,4.865229584538611e-06
abs,10,2,3550,8.180083455044951e-07,4.576270839606877e-06
abs,10,2,3600,7.332030236284481e-07,4.3063923840236384e-06
abs,10,2,3650,6.553037792400573e-07,4.054448709212011e-06
abs,10,2,3700,5.839709729116294e-07,3.81990412279265e-06
abs,10,2,3750,5.188255158827815e-07,3.601785238060984e-06
abs,10,2,3800,4.595200380208553e-07,3.3990293104579905e-06
abs,10,2,3850,4.057134219692671e-07,3.2105829177453415e-06
abs,10,2,3900,3.570374929040554e-07,3.035728923350689e-06
abs,10,2,3950,3.13147069164188e-07,2.8736058084177785e-06
abs,10,2,4000,2.7371811484044883e-07,2.7235398647462716e-06
abs,10,2,4050,2.3840834728616755e-07,2.584863977972418e-06
abs,10,2,4100,2.0691042834641848e-07,2.456566562614171e-06
abs,10,2,4150,1.7891235870592936e-07,2.3379886897600954e-06
abs,10,2,4200,1.5411512777063763e-07,2.2284823444351787e-06
abs,10,2,4250,1.3223997541444987e-07,2.1275179733493133e-06
abs,10,2,4300,1.1301955993303636e-07,2.034630824709893e-06
abs,10,2,4350,9.61933039889118e-08,1.9492254068609327e-06
abs,10,2,4400,8.15364700201826e-08,1.870722144303727e-06
abs,10,2,4450,6.881592184981855e-08,1.7985184967983514e-06
abs,10,2,4500,5.782033341006354e-08,1.7322581697953865e-06
abs,10,2,4550,4.83637485615418e-08,1.6714492403480108e-06
abs,10,2,4600,4.026768962717142e-08,1.6157508753167349e-06
abs,10,2,4650,3.336845821877432e-08,1.5647910913685337e-06
abs,10,2,4700,2.7512582434496835e-08,1.5182578181338613e-06
abs,10,2,4750,2.257039355413326e-08,1.4757747521798592e-06
abs,10,2,4800,1.8422007030949317e-08,1.4371266843227204e-06
abs,10,2,4850,1.4957498351009235e-08,1.4019597074366175e-06
abs,10,2,4900,1.2079973465972671e-08,1.37005179112748e-06
abs,10,2,4950,9.700224623543363e-09,1.341031406809634e-06
abs,10,2,5000,7.743813590366244e-09,1.3147563322490896e-06
abs,10,3,0,1.481929898262024,1.3658950328826904
abs,10,3,50,0.893227219581604,0.8293471336364746
abs,10,3,100,0.5243554711341858,0.4903503954410553
abs,10,3,150,0.3005692958831787,0.285300612449646
abs,10,3,200,0.1730567365884781,0.16920527815818787
abs,10,3,250,0.1072254329919815,0.10968659818172455
abs,10,3,300,0.0767802968621254,0.08227473497390747
abs,10,3,350,0.06363923102617264,0.07033557444810867
abs,10,3,400,0.05770445615053177,0.064705029129982
abs,10,3,450,0.05443413555622101,0.06134208291769028
abs,10,3,500,0.052087292075157166,0.05875550955533981
abs,10,3,550,0.05005080625414848,0.056455571204423904
abs,10,3,600,0.04815452918410301,0.05431276187300682
abs,10,3,650,0.04633934050798416,0.05227748304605484
abs,10,3,700,0.04455051198601723,0.050299935042858124
abs,10,3,750,0.0427323579788208,0.048329368233680725
abs,10,3,800,0.040977708995342255,0.04642767831683159
abs,10,3,850,0.03933226317167282,0.04462945833802223
abs,10,3,900,0.03767950460314751,0.042806368321180344
abs,10,3,950,0.0360131599009037,0.04096510633826256
abs,10,3,1000,0.03433637693524361,0.039120711386203766
abs,10,3,1050,0.03265386074781418,0.03728114441037178
abs,10,3,1100,0.03097180835902691,0.03545334190130234
abs,10,3,1150,0.029303083196282387,0.03364454209804535
abs,10,3,1200,0.027651237323880196,0.031862374395132065
abs,10,3,1250,0.02602311037480831,0.030113333836197853
abs,10,3,1300,0.024466965347528458,0.028431100770831108
abs,10,3,1350,0.022952798753976822,0.026778167113661766
abs,10,3,1400,0.021475043147802353,0.025160055607557297
abs,10,3,1450,0.02003897912800312,0.023587029427289963
abs,10,3,1500,0.018590854480862617,0.02200212888419628
abs,10,3,1550,0.0171120073646307,0.020337078720331192
abs,10,3,1600,0.015689346939325333,0.018703412264585495
abs,10,3,1650,0.014164993539452553,0.017011510208249092
abs,10,3,1700,0.012717578560113907,0.01538996770977974
abs,10,3,1750,0.011485040187835693,0.013958469964563847
abs,10,3,1800,0.010405497625470161,0.0126821743324399
abs,10,3,1850,0.00945853441953659,0.011543432250618935
abs,10,3,1900,0.008636931888759136,0.01053611934185028
abs,10,3,1950,0.007914078421890736,0.009642086923122406
abs,10,3,2000,0.007267920766025782,0.008840469643473625
abs,10,3,2050,0.006680432241410017,0.00811533723026514
abs,10,3,2100,0.006152282934635878,0.007463478483259678
abs,10,3,2150,0.00570314796641469,0.00689140846952796
abs,10,3,2200,0.005309345666319132,0.006381306331604719
abs,10,3,2250,0.0049566226080060005,0.005920324008911848
abs,10,3,2300,0.004624789115041494,0.005491817370057106
abs,10,3,2350,0.004322061315178871,0.005099790636450052
abs,10,3,2400,0.004058391321450472,0.004747933242470026
abs,10,3,2450,0.003818715689703822,0.004426637664437294
abs,10,3,2500,0.003596809459850192,0.004131006076931953
abs,10,3,2550,0.0033916207030415535,0.0038594165816903114
abs,10,3,2600,0.003199770348146558,0.003609057981520891
abs,10,3,2650,0.0030202483758330345,0.0033788520377129316
abs,10,3,2700,0.002854046178981662,0.003168590134009719
abs,10,3,2750,0.0027006235904991627,0.002977421274408698
abs,10,3,2800,0.0025576527696102858,0.0028033920098096132
abs,10,3,2850,0.002424597041681409,0.002645628759637475
abs,10,3,2900,0.002300966763868928,0.0025030558463186026
abs,10,3,2950,0.0021862774156033993,0.002374800620600581
abs,10,3,3000,0.002077005570754409,0.0022539154160767794
abs,10,3,3050,0.0019755600951611996,0.0021433194633573294
abs,10,3,3100,0.0018927593482658267,0.002043035114184022
abs,10,3,3150,0.00181960582267493,0.0019485456869006157
abs,10,3,3200,0.0017566566821187735,0.0018657626351341605
abs,10,3,3250,0.001698276842944324,0.001793087343685329
abs,10,3,3300,0.00164607388433069,0.0017280197935178876
abs,10,3,3350,0.0015975640853866935,0.0016697462415322661
abs,10,3,3400,0.0015518247382715344,0.0016172744799405336
abs,10,3,3450,0.001510676578618586,0.0015691036824136972
abs,10,3,3500,0.0014721819898113608,0.001524063409306109
abs,10,3,3550,0.0014347066171467304,0.0014815916074439883
abs,10,3,3600,0.001398573280312121,0.0014409079449251294
abs,10,3,3650,0.0013629222521558404,0.0014018393121659756
abs,10,3,3700,0.0013276522513478994,0.0013641210971400142
abs,10,3,3750,0.001292698667384684,0.0013273239601403475
abs,10,3,3800,0.0012580055044963956,0.0012913030805066228
abs,10,3,3850,0.0012235265458002687,0.0012559299357235432
abs,10,3,3900,0.0011892198817804456,0.0012210833374410868
abs,10,3,3950,0.0011550517519935966,0.0011866658460348845
abs,10,3,4000,0.0011209973599761724,0.0011526807211339474
abs,10,3,4050,0.0010862211929634213,0.0011199105065315962
abs,10,3,4100,0.001048778765834868,0.0010904967784881592
abs,10,3,4150,0.0010109618306159973,0.0010595250641927123
abs,10,3,4200,0.000969052838627249,0.0010308435885235667
abs,10,3,4250,0.0009285549749620259,0.0009993026033043861
abs,10,3,4300,0.0008893964695744216,0.0009665852412581444
abs,10,3,4350,0.0008521754643879831,0.0009334521600976586
abs,10,3,4400,0.0008164985338225961,0.0009006939944811165
abs,10,3,4450,0.0007823016494512558,0.0008683488122187555
abs,10,3,4500,0.0007495018653571606,0.0008364803506992757
abs,10,3,4550,0.0007178618689067662,0.0008053620113059878
abs,10,3,4600,0.0006873742095194757,0.0007750841323286295
abs,10,3,4650,0.0006579997716471553,0.0007453615544363856
abs,10,3,4700,0.0006296886131167412,0.0007162394467741251
abs,10,3,4750,0.000602399988565594,0.0006877761334180832
abs,10,3,4800,0.0005760977510362864,0.000660031451843679
abs,10,3,4850,0.0005507383611984551,0.0006329914904199541
abs,10,3,4900,0.0005262787453830242,0.0006066532805562019
abs,10,3,4950,0.000502675015013665,0.0005810382426716387
abs,10,3,5000,0.00048008255544118583,0.0005566430627368391
abs,10,4,0,0.05958615243434906,0.06249969080090523
abs,10,4,50,0.04252820089459419,0.048761386424303055
abs,10,4,100,0.029526108875870705,0.03499980643391609
abs,10,4,150,0.018602963536977768,0.02263328991830349
abs,10,4,200,0.010501781478524208,0.013235646300017834
abs,10,4,250,0.005258804652839899,0.007006952539086342
abs,10,4,300,0.002383552026003599,0.0034339539706707
abs,10,4,350,0.0010780635057017207,0.0016871357802301645
abs,10,4,400,0.000545696762856096,0.0008864354458637536
abs,10,4,450,0.000345400971127674,0.0005417863139882684
abs,10,4,500,0.00025762137374840677,0.0003733224584721029
abs,10,4,550,0.00021213141735643148,0.00029276657733134925
abs,10,4,600,0.00018025927420239896,0.00024556322023272514
abs,10,4,650,0.0001572242472320795,0.0002136791154043749
abs,10,4,700,0.00013905872765462846,0.000191267448826693
abs,10,4,750,0.0001230051857419312,0.00017359979392495006
abs,10,4,800,0.0001093315368052572,0.00015814312791917473
abs,10,4,850,9.769908501766622e-05,0.0001444606459699571
abs,10,4,900,8.782825898379087e-05,0.00013231823686510324
abs,10,4,950,7.947627454996109e-05,0.0001215330557897687
abs,10,4,1000,7.234285294543952e-05,0.00011195148545084521
abs,10,4,1050,6.521788600366563e-05,0.00010263719013892114
abs,10,4,1100,5.921026604482904e-05,9.437349945073947e-05
abs,10,4,1150,5.421344394562766e-05,8.710766996955499e-05
abs,10,4,1200,4.909569906885736e-05,7.999794615898281e-05
abs,10,4,1250,4.350220842752606e-05,7.273908704519272e-05
abs,10,4,1300,3.796355667873286e-05,6.568835669895634e-05
abs,10,4,1350,3.2854703022167087e-05,5.93332079006359e-05
abs,10,4,1400,2.8327660402283072e-05,5.3677613323088735e-05
abs,10,4,1450,2.450679130561184e-05,4.880673805018887e-05
abs,10,4,1500,2.129327731381636e-05,4.462642391445115e-05
abs,10,4,1550,1.8466751498635858e-05,4.093252573511563e-05
abs,10,4,1600,1.58479069796158e-05,3.761291009141132e-05
abs,10,4,1650,1.361308568448294e-05,3.472883327049203e-05
abs,10,4,1700,1.1716671906469855e-05,3.2210002245847136e-05
abs,10,4,1750,1.0113366442965344e-05,3.001705954375211e-05
abs,10,4,1800,8.763799087319057e-06,2.8097210815758444e-05
abs,10,4,1850,7.632753295183647e-06,2.6394463930046186e-05
abs,10,4,1900,6.692413535347441e-06,2.48240539804101e-05
abs,10,4,1950,5.923386652284535e-06,2.3173146473709494e-05
abs,10,4,2000,5.2946843425161205e-06,2.1739673684351146e-05
abs,10,4,2050,4.782931682711933e-06,2.048926762654446e-05
abs,10,4,2100,4.328332579461858e-06,1.9273365978733636e-05
abs,10,4,2150,3.8985067476460245e-06,1.8124774214811623e-05
abs,10,4,2200,3.5297555314173223e-06,1.710414289846085e-05
abs,10,4,2250,3.2072582598630106e-06,1.614707252883818e-05
abs,10,4,2300,2.915998038588441e-06,1.5296804122044705e-05
abs,10,4,2350,2.6489519768801983e-06,1.4421552805288229e-05
abs,10,4,2400,2.4048051727731945e-06,1.3632503396365792e-05
abs,10,4,2450,2.1878702227695612e-06,1.2879830137535464e-05
abs,10,4,2500,1.9776532553805737e-06,1.22328656289028e-05
abs,10,4,2550,1.783176571734657e-06,1.1554363481991459e-05
abs,10,4,2600,1.6024864635255653e-06,1.0892716090893373e-05
abs,10,4,2650,1.4380801758306916e-06,1.0321328772988636e-05
abs,10,4,2700,1.2885509477200685e-06,9.76459796220297e-06
abs,10,4,2750,1.1528128425197792e-06,9.245966793969274e-06
abs,10,4,2800,1.0282424227625597e-06,8.797675036475994e-06
abs,10,4,2850,9.171428132503934e-07,8.347385119122919e-06
abs,10,4,2900,8.155714681379322e-07,7.934862878755666e-06
abs,10,4,2950,7.255694072227925e-07,7.5621110227075405e-06
abs,10,4,3000,6.439888693421381e-07,7.209740942926146e-06
abs,10,4,3050,5.729585268454684e-07,6.871737241453957e-06
abs,10,4,3100,5.074967361906602e-07,6.590267275896622e-06
abs,10,4,3150,4.500271586493909e-07,6.321847649815027e-06
abs,10,4,3200,4.010821612610016e-07,6.047765964467544e-06
abs,10,4,3250,3.571436764104874e-07,5.843078270117985e-06
abs,10,4,3300,3.189529422797932e-07,5.639508799504256e-06
abs,10,4,3350,2.8368751259222336e-07,5.421792138804449e-06
abs,10,4,3400,2.5457347874180414e-07,5.233841420704266e-06
abs,10,4,3450,2.3026771600598295e-07,5.076860361441504e-06
abs,10,4,3500,2.0827116031796322e-07,4.906289632344851e-06
abs,10,4,3550,1.9021518937734072e-07,4.7653056753915735e-06
abs,10,4,3600,1.737037820248588e-07,4.651090421248227e-06
abs,10,4,3650,1.572146288708609e-07,4.5158822103985585e-06
abs,10,4,3700,1.408810277325756e-07,4.381535291031469e-06
abs,10,4,3750,1.2746440347655152e-07,4.267685653758235e-06
abs,10,4,3800,1.1387696474685072e-07,4.147079835092882e-06
abs,10,4,3850,1.0121088678261003e-07,4.020246706204489e-06
abs,10,4,3900,8.989533029080121e-08,3.913379259756766e-06
abs,10,4,3950,7.963396342347551e-08,3.809241206909064e-06
abs,10,4,4000,7.028899062788696e-08,3.7095114748808555e-06
abs,10,4,4050,6.22467410948957e-08,3.618598157117958e-06
abs,10,4,4100,5.4698137574860084e-08,3.536351869115606e-06
abs,10,4,4150,4.7757769294776153e-08,3.444428784860065e-06
abs,10,4,4200,4.159323196972764e-08,3.3719968541845446e-06
abs,10,4,4250,3.626569267112245e-08,3.2918117085500853e-06
abs,10,4,4300,3.1528710309203234e-08,3.222504574296181e-06
abs,10,4,4350,2.7071653363464065e-08,3.1600379770679865e-06
abs,10,4,4400,2.322226677620165e-08,3.1054585178935667e-06
abs,10,4,4450,1.9914979887403206e-08,3.045366383958026e-06
abs,10,4,4500,1.6954345483100042e-08,2.9955144782434218e-06
abs,10,4,4550,1.4438707118813454e-08,2.945169853774132e-06
abs,10,4,4600,1.219963330356677e-08,2.894630370064988e-06
abs,10,4,4650,1.0347894097151311e-08,2.8584042865986703e-06
abs,10,4,4700,8.636564352570986e-09,2.8152182949270355e-06
abs,10,4,4750,7.183894812357039e-09,2.772799462036346e-06
abs,10,4,4800,5.957506044040883e-09,2.7408982532506343e-06
abs,10,4,4850,4.971888678539926e-09,2.7050814424001146e-06
abs,10,4,4900,4.058285707486675e-09,2.6767431791085983e-06
abs,10,4,4950,3.333523013182571e-09,2.6486618480703328e-06
abs,10,4,5000,2.707450930117261e-09,2.624315357024898e-06
abs,50,0,0,0.2888226807117462,0.27178871631622314
abs,50,0,50,0.061797816306352615,0.06860771030187607
abs,50,0,100,0.043882664293050766,0.048964448273181915
abs,50,0,150,0.026468344032764435,0.02971126325428486
abs,50,0,200,0.013121192343533039,0.014908157289028168
abs,50,0,250,0.005461286753416061,0.006322653032839298
abs,50,0,300,0.0020883926190435886,0.0024707643315196037
abs,50,0,350,0.000848701864015311,0.0010193490888923407
abs,50,0,400,0.00041694907122291625,0.0004978153156116605
abs,50,0,450,0.00025872045080177486,0.00029850564897060394
abs,50,0,500,0.00018765513959806412,0.0002095675008604303
abs,50,0,550,0.00014797475887462497,0.00016261909331660718
abs,50,0,600,0.0001232771755894646,0.00013513202429749072
abs,50,0,650,0.00010554154141573235,0.00011704494681907818
abs,50,0,700,9.467806376051158e-05,0.00010514505993342027
abs,50,0,750,8.636683196527883e-05,9.594720904715359e-05
abs,50,0,800,7.924726378405467e-05,8.803466334939003e-05
abs,50,0,850,7.277440454345196e-05,8.097871614154428e-05
abs,50,0,900,6.7044013121631e-05,7.477121835108846e-05
abs,50,0,950,6.205648969626054e-05,6.934910197742283e-05
abs,50,0,1000,5.7600653235567734e-05,6.454157846746966e-05
abs,50,0,1050,5.3434989240486175e-05,6.009364005876705e-05
abs,50,0,1100,4.955481563229114e-05,5.6011333072092384e-05
abs,50,0,1150,4.609335519489832e-05,5.229818634688854e-05
abs,50,0,1200,4.282615191186778e-05,4.885882299277e-05
abs,50,0,1250,3.976232255809009e-05,4.568355143419467e-05
abs,50,0,1300,3.6878889659419656e-05,4.274105958756991e-05
abs,50,0,1350,3.4156593756051734e-05,3.997742896899581e-05
abs,50,0,1400,3.161002678098157e-05,3.741151522262953e-05
abs,50,0,1450,2.927135574282147e-05,3.500820093904622e-05
abs,50,0,1500,2.7188742024009116e-05,3.276744610047899e-05
abs,50,0,1550,2.5242450647056103e-05,3.06626534438692e-05
abs,50,0,1600,2.3422639060299844e-05,2.8693904823740013e-05
abs,50,0,1650,2.173123175452929e-05,2.6850182621274143e-05
abs,50,0,1700,2.018720806518104e-05,2.5110670321737416e-05
abs,50,0,1750,1.8763099433272146e-05,2.349409624002874e-05
abs,50,0,1800,1.7444028344471008e-05,2.198636684624944e-05
abs,50,0,1850,1.6223099009948783e-05,2.0571742425090633e-05
abs,50,0,1900,1.5086579878698103e-05,1.9249428078182973e-05
abs,50,0,1950,1.4011972780281212e-05,1.7996726455749013e-05
abs,50,0,2000,1.2988082744413987e-05,1.6806472558528185e-05
abs,50,0,2050,1.2039481589454226e-05,1.5704612451372668e-05
abs,50,0,2100,1.1154692401760258e-05,1.4672023098682985e-05
abs,50,0,2150,1.0330513759981841e-05,1.3704960110771935e-05
abs,50,0,2200,9.56614803726552e-06,1.2806310223822948e-05
abs,50,0,2250,8.864009942044504e-06,1.1967569662374444e-05
abs,50,0,2300,8.213434739445802e-06,1.1190360964974388e-05
abs,50,0,2350,7.612415174662601e-06,1.0465258128533605e-05
abs,50,0,2400,7.060153620841447e-06,9.796389349503443e-06
abs,50,0,2450,6.553245384566253e-06,9.172960744763259e-06
abs,50,0,2500,6.08923892286839e-06,8.595578947279137e-06
abs,50,0,2550,5.665297976520378e-06,8.065782822086476e-06
abs,50,0,2600,5.2724149099958595e-06,7.573977200081572e-06
abs,50,0,2650,4.889589035883546e-06,7.099812592059607e-06
abs,50,0,2700,4.539931069302838e-06,6.6649758991843555e-06
abs,50,0,2750,4.2239266804244835e-06,6.2697790781385265e-06
abs,50,0,2800,3.937673227483174e-06,5.907820650463691e-06
abs,50,0,2850,3.6786234431929188e-06,5.577775482379366e-06
abs,50,0,2900,3.4460551887605106e-06,5.278792286844691e-06
abs,50,0,2950,3.2367747735406738e-06,5.008706921216799e-06
abs,50,0,3000,3.0387552669708384e-06,4.752978384203743e-06
abs,50,0,3050,2.845944663931732e-06,4.501416242419509e-06
abs,50,0,3100,2.669384684850229e-06,4.269229066267144e-06
abs,50,0,3150,2.511113962100353e-06,4.0562758840678725e-06
abs,50,0,3200,2.3698551103734644e-06,3.862849098368315e-06
abs,50,0,3250,2.239977675344562e-06,3.6831961551797576e-06
abs,50,0,3300,2.120391854987247e-06,3.516099013722851e-06
abs,50,0,3350,2.010129264817806e-06,3.3607104796828935e-06
abs,50,0,3400,1.9083763618255034e-06,3.2160601222130936e-06
abs,50,0,3450,1.8143268789572176e-06,3.0814007914159447e-06
abs,50,0,3500,1.727247081362293e-06,2.9558218557212967e-06
abs,50,0,3550,1.6465343151139678e-06,2.8388847113092197e-06
abs,50,0,3600,1.5715576182628865e-06,2.7297357974020997e-06
abs,50,0,3650,1.5018179055914516e-06,2.6277086817572126e-06
abs,50,0,3700,1.434750515727501e-06,2.5312212983408244e-06
abs,50,0,3750,1.3719235312237288e-06,2.4405580916209146e-06
abs,50,0,3800,1.313274538006226e-06,2.355425522182486e-06
abs,50,0,3850,1.2583677744260058e-06,2.2756680664315354e-06
abs,50,0,3900,1.206943920806225e-06,2.2005228856869508e-06
abs,50,0,3950,1.1586269010877004e-06,2.130389475496486e-06
abs,50,0,4000,1.1130374559797929e-06,2.064401542156702e-06
abs,50,0,4050,1.0701293149395497e-06,2.0024963305331767e-06
abs,50,0,4100,1.0296492973793647e-06,1.9439323750702897e-06
abs,50,0,4150,9.914469956129324e-07,1.888764018076472e-06
abs,50,0,4200,9.553635891279555e-07,1.8367164784649503e-06
abs,50,0,4250,9.225024655279412e-07,1.7884241287902114e-06
abs,50,0,4300,8.924201893023564e-07,1.7435918380215298e-06
abs,50,0,4350,8.638073722977424e-07,1.7007301948979148e-06
abs,50,0,4400,8.365537382815091e-07,1.6595175793554517e-06
abs,50,0,4450,8.105776601041725e-07,1.620361445020535e-06
abs,50,0,4500,7.855815056245774e-07,1.5829725725780008e-06
abs,50,0,4550,7.602814093843335e-07,1.5464440821233438e-06
abs,50,0,4600,7.360802669609257e-07,1.511651589680696e-06
abs,50,0,4650,7.129921755222313e-07,1.4784285440327949e-06
abs,50,0,4700,6.909330636517552e-07,1.4469719644694123e-06
abs,50,0,4750,6.698468268950819e-07,1.416990812685981e-06
abs,50,0,4800,6.496612741102581e-07,1.3883249039281509e-06
abs,50,0,4850,6.277053898884333e-07,1.3560795650846558e-06
abs,50,0,4900,6.056523034203565e-07,1.3225209158918005e-06
abs,50,0,4950,5.846206931892084e-07,1.289895521949802e-06
abs,50,0,5000,5.643007057187788e-07,1.2589517837113817e-06
abs,50,1,0,0.2680698335170746,0.31118038296699524
abs,50,1,50,0.05263117328286171,0.05679689720273018
abs,50,1,100,0.03725411742925644,0.04118102043867111
abs,50,1,150,0.02217545546591282,0.023723186925053596
abs,50,1,200,0.010623580776154995,0.010925102978944778
abs,50,1,250,0.004778728354722261,0.004622256383299828
abs,50,1,300,0.0027221739292144775,0.002496673259884119
abs,50,1,350,0.002009739400818944,0.0018417745595797896
abs,50,1,400,0.001672630663961172,0.0015393727226182818
abs,50,1,450,0.00141001062002033,0.0013067605905234814
abs,50,1,500,0.0011816337937489152,0.0011061544064432383
abs,50,1,550,0.0009853729279711843,0.0009315600618720055
abs,50,1,600,0.0008266715449281037,0.0007845183718018234
abs,50,1,650,0.0006914410623721778,0.0006601460045203567
abs,50,1,700,0.0005787650006823242,0.0005556783871725202
abs,50,1,750,0.00048381678061559796,0.0004674085939768702
abs,50,1,800,0.0004075787146575749,0.00039501197170466185
abs,50,1,850,0.0003430328506510705,0.00033368097501806915
abs,50,1,900,0.00028889282839372754,0.000282270455500111
abs,50,1,950,0.00024345022393390536,0.00023906209389679134
abs,50,1,1000,0.00020546662562992424,0.00020285387290641665
abs,50,1,1050,0.00017337381723336875,0.00017238086729776114
abs,50,1,1100,0.00014583542360924184,0.00014672419638372958
abs,50,1,1150,0.00012244538811501116,0.00012523774057626724
abs,50,1,1200,0.00010451916023157537,0.00010790006490424275
abs,50,1,1250,9.066209895536304e-05,9.405710443388671e-05
abs,50,1,1300,8.066781447269022e-05,8.325011003762484e-05
abs,50,1,1350,7.196411752374843e-05,7.399085734505206e-05
abs,50,1,1400,6.414221570594236e-05,6.58391581964679e-05
abs,50,1,1450,5.71877317270264e-05,5.8690649893833324e-05
abs,50,1,1500,5.110036363475956e-05,5.250477261142805e-05
abs,50,1,1550,4.575262573780492e-05,4.7112662286963314e-05
abs,50,1,1600,4.10313623433467e-05,4.2384494008729234e-05
abs,50,1,1650,3.687098796945065e-05,3.8302765460684896e-05
abs,50,1,1700,3.318520975881256e-05,3.4709417377598584e-05
abs,50,1,1750,2.9927945433882996e-05,3.1586878321832046e-05
abs,50,1,1800,2.737289287324529e-05,2.8978405680391006e-05
abs,50,1,1850,2.5226647267118096e-05,2.669719651748892e-05
abs,50,1,1900,2.326868343516253e-05,2.461681651766412e-05
abs,50,1,1950,2.1479931092471816e-05,2.2714370061294176e-05
abs,50,1,2000,1.983499532798305e-05,2.096535718010273e-05
abs,50,1,2050,1.831605186453089e-05,1.935797081387136e-05
abs,50,1,2100,1.6911664715735242e-05,1.7866488633444533e-05
abs,50,1,2150,1.5610001355526038e-05,1.6508192857145332e-05
abs,50,1,2200,1.4402036867977586e-05,1.5236867511703167e-05
abs,50,1,2250,1.3278992810228374e-05,1.4056628970138263e-05
abs,50,1,2300,1.2234181667736266e-05,1.2971439900866244e-05
abs,50,1,2350,1.1261615327384789e-05,1.1947794519073796e-05
abs,50,1,2400,1.035653258441016e-05,1.1002049177477602e-05
abs,50,1,2450,9.517468242847826e-06,1.0124242180609144e-05
abs,50,1,2500,8.74364468472777e-06,9.315466741099954e-06
abs,50,1,2550,8.026758223422803e-06,8.56310816743644e-06
abs,50,1,2600,7.360368272202322e-06,7.86211785452906e-06
abs,50,1,2650,6.756047696399037e-06,7.214618108264403e-06
abs,50,1,2700,6.2052172324911226e-06,6.6130110099038575e-06
abs,50,1,2750,5.691668320650933e-06,6.053069228073582e-06
abs,50,1,2800,5.21270294484566e-06,5.531440820050193e-06
abs,50,1,2850,4.766650363308145e-06,5.045559191785287e-06
abs,50,1,2900,4.3521285988390446e-06,4.594619895215146e-06
abs,50,1,2950,3.967709290009225e-06,4.178573817625875e-06
abs,50,1,3000,3.6119843116466654e-06,3.7937393244646955e-06
abs,50,1,3050,3.2837313028721837e-06,3.4385802791803144e-06
abs,50,1,3100,2.9818199891451513e-06,3.113165348622715e-06
abs,50,1,3150,2.7050607513956493e-06,2.8158124223409686e-06
abs,50,1,3200,2.4517535166523885e-06,2.5435242605453823e-06
abs,50,1,3250,2.2196045392774977e-06,2.296445018146187e-06
abs,50,1,3300,2.007988996410859e-06,2.071354629151756e-06
abs,50,1,3350,1.815035261643061e-06,1.8677144453249639e-06
abs,50,1,3400,1.6362326960006612e-06,1.6826126056912472e-06
abs,50,1,3450,1.4741448239874444e-06,1.5159071153902914e-06
abs,50,1,3500,1.3284751503306325e-06,1.367162099086272e-06
abs,50,1,3550,1.19797300612845e-06,1.2345868753982359e-06
abs,50,1,3600,1.0813818107635598e-06,1.117263764172094e-06
abs,50,1,3650,9.775282023838372e-07,1.0132752095159958e-06
abs,50,1,3700,8.85234896941256e-07,9.217000638273021e-07
abs,50,1,3750,8.034310212678974e-07,8.41298799514334e-07
abs,50,1,3800,7.311123795261665e-07,7.709190867899451e-07
abs,50,1,3850,6.672781864835997e-07,7.0949039354673e-07
abs,50,1,3900,6.110611820986378e-07,6.559890266544244e-07
abs,50,1,3950,5.616037697109277e-07,6.095586968513089e-07
abs,50,1,4000,5.181465212444891e-07,5.693440243703662e-07
abs,50,1,4050,4.792379399987112e-07,5.342453164303151e-07
abs,50,1,4100,4.4489823380899907e-07,5.038933181822358e-07
abs,50,1,4150,4.14878144283648e-07,4.777741082762077e-07
abs,50,1,4200,3.889975062065787e-07,4.5531535874943074e-07
abs,50,1,4250,3.6698804706247756e-07,4.3600013555078476e-07
abs,50,1,4300,3.4688542882577167e-07,4.192087033061398e-07
abs,50,1,4350,3.290903123343014e-07,4.04540571707912e-07
abs,50,1,4400,3.1332390904026397e-07,3.9163967358035734e-07
abs,50,1,4450,2.9945013579890656e-07,3.8007047464816424e-07
abs,50,1,4500,2.869780644232378e-07,3.696042938372557e-07
abs,50,1,4550,2.7563083904169616e-07,3.6003947911922296e-07
abs,50,1,4600,2.652424484494986e-07,3.51290907474322e-07
abs,50,1,4650,2.5566160388734716e-07,3.4319359087930934e-07
abs,50,1,4700,2.46787749347277e-07,3.3562187695679313e-07
abs,50,1,4750,2.382082584517775e-07,3.284639831235836e-07
abs,50,1,4800,2.2988248815636325e-07,3.2147815431926574e-07
abs,50,1,4850,2.2210343786355224e-07,3.1478285222874547e-07
abs,50,1,4900,2.1479114309386205e-07,3.082251680552872e-07
abs,50,1,4950,2.0786906418379658e-07,3.018648726538231e-07
abs,50,1,5000,2.0129544964220258e-07,2.956387845642894e-07
abs,50,2,0,0.2704334855079651,0.31559431552886963
abs,50,2,50,0.06772991269826889,0.06509709358215332
abs,50,2,100,0.04218253120779991,0.04335534945130348
abs,50,2,150,0.02151859924197197,0.02203635312616825
abs,50,2,200,0.008905196562409401,0.00898855458945036
abs,50,2,250,0.00374968396499753,0.003766230307519436
abs,50,2,300,0.002054415410384536,0.002035122364759445
abs,50,2,350,0.0013091888977214694,0.001305248704738915
abs,50,2,400,0.0008982360013760626,0.0009071213426068425
abs,50,2,450,0.0006395115051418543,0.0006570215919055045
abs,50,2,500,0.00047096802154555917,0.0004925771499983966
abs,50,2,550,0.00036193488631397486,0.00038372958078980446
abs,50,2,600,0.00028539865161292255,0.0003068765508942306
abs,50,2,650,0.00023001263616606593,0.00025129030109383166
abs,50,2,700,0.00019228375458624214,0.00021207501413300633
abs,50,2,750,0.00016405056521762162,0.00018245691899210215
abs,50,2,800,0.0001426226954208687,0.0001598416711203754
abs,50,2,850,0.00012557853187900037,0.00014191475929692388
abs,50,2,900,0.00011190870282007381,0.0001274023816222325
abs,50,2,950,0.0001008583785733208,0.00011557834659470245
abs,50,2,1000,9.184127702610567e-05,0.00010585311247268692
abs,50,2,1050,8.442872785963118e-05,9.78246025624685e-05
abs,50,2,1100,7.828124944353476e-05,9.110209066420794e-05
abs,50,2,1150,7.308658678084612e-05,8.543633157387376e-05
abs,50,2,1200,6.859079439891502e-05,8.064058783929795e-05
abs,50,2,1250,6.472619134001434e-05,7.657067908439785e-05
abs,50,2,1300,6.142452912172303e-05,7.309884676942602e-05
abs,50,2,1350,5.869347296538763e-05,7.030151755316183e-05
abs,50,2,1400,5.625889389193617e-05,6.78052383591421e-05
abs,50,2,1450,5.4072959756013006e-05,6.555913569172844e-05
abs,50,2,1500,5.2098916057730094e-05,6.351563934003934e-05
abs,50,2,1550,5.028447776567191e-05,6.163373473100364e-05
abs,50,2,1600,4.8602996685076505e-05,5.98804144829046e-05
abs,50,2,1650,4.703301965491846e-05,5.823831816087477e-05
abs,50,2,1700,4.555750638246536e-05,5.668693484039977e-05
abs,50,2,1750,4.417805757839233e-05,5.520183913176879e-05
abs,50,2,1800,4.286515832063742e-05,5.379375579650514e-05
abs,50,2,1850,4.160940443398431e-05,5.2432078518904746e-05
abs,50,2,1900,4.037125108879991e-05,5.1091486966470256e-05
abs,50,2,1950,3.917866342817433e-05,4.9799520638771355e-05
abs,50,2,2000,3.8032732845749706e-05,4.854068538406864e-05
abs,50,2,2050,3.6930989153916016e-05,4.731171065941453e-05
abs,50,2,2100,3.584786827559583e-05,4.609952520695515e-05
abs,50,2,2150,3.4606127883307636e-05,4.478937989915721e-05
abs,50,2,2200,3.330592517158948e-05,4.345145134720951e-05
abs,50,2,2250,3.2066338462755084e-05,4.21491167799104e-05
abs,50,2,2300,3.089701203862205e-05,4.0885137423174456e-05
abs,50,2,2350,2.9776063456665725e-05,3.9656290027778596e-05
abs,50,2,2400,2.8543769076350145e-05,3.836090400000103e-05
abs,50,2,2450,2.7362179025658406e-05,3.709805241669528e-05
abs,50,2,2500,2.6242014428135008e-05,3.58707329723984e-05
abs,50,2,2550,2.5137884222203866e-05,3.465950067038648e-05
abs,50,2,2600,2.3956754375831224e-05,3.340524199302308e-05
abs,50,2,2650,2.284269248775672e-05,3.219568316126242e-05
abs,50,2,2700,2.1791700419271365e-05,3.102690607192926e-05
abs,50,2,2750,2.0799921912839636e-05,2.989528547914233e-05
abs,50,2,2800,1.986654933716636e-05,2.880456122511532e-05
abs,50,2,2850,1.8991924662259407e-05,2.7754003895097412e-05
abs,50,2,2900,1.8170008843299e-05,2.674421739357058e-05
abs,50,2,2950,1.739594154059887e-05,2.5769555577426217e-05
abs,50,2,3000,1.6659038010402583e-05,2.4830364054651e-05
abs,50,2,3050,1.5842550055822358e-05,2.3845115720178e-05
abs,50,2,3100,1.5070812878548168e-05,2.2894602807355113e-05
abs,50,2,3150,1.429285930498736e-05,2.1955445845378563e-05
abs,50,2,3200,1.3466038581100293e-05,2.098780714732129e-05
abs,50,2,3250,1.2701375453616492e-05,2.0069363017682917e-05
abs,50,2,3300,1.1991440260317177e-05,1.9195338609279133e-05
abs,50,2,3350,1.1332124813634437e-05,1.8362930859439075e-05
abs,50,2,3400,1.07197492980049e-05,1.757067730068229e-05
abs,50,2,3450,1.0150810339837335e-05,1.681616595305968e-05
abs,50,2,3500,9.561986189510208e-06,1.606309524504468e-05
abs,50,2,3550,8.954804798122495e-06,1.5305269698728807e-05
abs,50,2,3600,8.28647353046108e-06,1.4521269804390613e-05
abs,50,2,3650,7.666402780159842e-06,1.377950502501335e-05
abs,50,2,3700,7.097886282281252e-06,1.3084045349387452e-05
abs,50,2,3750,6.576595751539571e-06,1.2430921742634382e-05
abs,50,2,3800,6.09846256338642e-06,1.1816401638498064e-05
abs,50,2,3850,5.659338512487011e-06,1.1239214472880121e-05
abs,50,2,3900,5.256026724964613e-06,1.0696551726141479e-05
abs,50,2,3950,4.885803264187416e-06,1.0186226063524373e-05
abs,50,2,4000,4.545945557765663e-06,9.706443051982205e-06
abs,50,2,4050,4.234203970554518e-06,9.255335498892237e-06
abs,50,2,4100,3.948345693061128e-06,8.832073035591748e-06
abs,50,2,4150,3.690519861265784e-06,8.436834832536988e-06
abs,50,2,4200,3.4552633678686107e-06,8.066674126894213e-06
abs,50,2,4250,3.2402572287537623e-06,7.719680070294999e-06
abs,50,2,4300,3.0439607598964358e-06,7.394105523417238e-06
abs,50,2,4350,2.8649358227994526e-06,7.089622613420943e-06
abs,50,2,4400,2.7047915409639245e-06,6.807171303080395e-06
abs,50,2,4450,2.5591632493160432e-06,6.543568360939389e-06
abs,50,2,4500,2.3928914743009955e-06,6.269657205848489e-06
abs,50,2,4550,2.2360186449077446e-06,6.007747742842184e-06
abs,50,2,4600,2.0903682980133453e-06,5.760824478784343e-06
abs,50,2,4650,1.9591341242630733e-06,5.5322079788311385e-06
abs,50,2,4700,1.8411776636639843e-06,5.320632681105053e-06
abs,50,2,4750,1.735308615025133e-06,5.124358722241595e-06
abs,50,2,4800,1.6404245570811327e-06,4.94297273689881e-06
abs,50,2,4850,1.5409200386784505e-06,4.7630783228669316e-06
abs,50,2,4900,1.4445755596170784e-06,4.588948741002241e-06
abs,50,2,4950,1.3586027307610493e-06,4.429043656273279e-06
abs,50,2,5000,1.2812886325264117e-06,4.28183102485491e-06
abs,50,3,0,1.0560765266418457,0.8876251578330994
abs,50,3,50,0.08901488035917282,0.0740656778216362
abs,50,3,100,0.03472686931490898,0.0387808158993721
abs,50,3,150,0.02442760020494461,0.027743443846702576
abs,50,3,200,0.015491070225834846,0.017931144684553146
abs,50,3,250,0.009372144937515259,0.010975244455039501
abs,50,3,300,0.0059387944638729095,0.007008208427578211
abs,50,3,350,0.004212931729853153,0.00500155333429575
abs,50,3,400,0.003300562035292387,0.003932713530957699
abs,50,3,450,0.002743881195783615,0.0032661070581525564
abs,50,3,500,0.00229030754417181,0.002745186910033226
abs,50,3,550,0.0019308814080432057,0.0023252174723893404
abs,50,3,600,0.0016370090888813138,0.001978739630430937
abs,50,3,650,0.0013752167578786612,0.0016791694797575474
abs,50,3,700,0.001167725189588964,0.0014294326538220048
abs,50,3,750,0.0009946466889232397,0.0012194727314636111
abs,50,3,800,0.0008534787339158356,0.0010447083041071892
abs,50,3,850,0.000729936349671334,0.0008928794995881617
abs,50,3,900,0.0006269307341426611,0.0007654252694919705
abs,50,3,950,0.0005362382507883012,0.0006548088858835399
abs,50,3,1000,0.000459550617961213,0.0005618327995762229
abs,50,3,1050,0.0003940350143238902,0.0004821673792321235
abs,50,3,1100,0.0003364050353411585,0.0004130999732296914
abs,50,3,1150,0.00028572461451403797,0.0003537694865372032
abs,50,3,1200,0.00024468376068398356,0.0003048409998882562
abs,50,3,1250,0.00021164199279155582,0.00026524229906499386
abs,50,3,1300,0.0001828985259635374,0.00023136429081205279
abs,50,3,1350,0.00015972010442055762,0.00020318830502219498
abs,50,3,1400,0.00014032663602847606,0.0001794613926904276
abs,50,3,1450,0.0001231761125382036,0.0001589348103152588
abs,50,3,1500,0.00010931242286460474,0.00014182899030856788
abs,50,3,1550,9.748323645908386e-05,0.00012725539272651076
abs,50,3,1600,8.740014163777232e-05,0.00011479866952868178
abs,50,3,1650,7.866296073189005e-05,0.00010408001253381371
abs,50,3,1700,7.067104888847098e-05,9.456693805987015e-05
abs,50,3,1750,6.376587407430634e-05,8.63487584865652e-05
abs,50,3,1800,5.774920646217652e-05,7.922972145024687e-05
abs,50,3,1850,5.248622255749069e-05,7.303672464331612e-05
abs,50,3,1900,4.785371493198909e-05,6.762904376955703e-05
abs,50,3,1950,4.375022399472073e-05,6.28646303084679e-05
abs,50,3,2000,4.0513619751436636e-05,5.887612860533409e-05
abs,50,3,2050,3.7607438571285456e-05,5.531175702344626e-05
abs,50,3,2100,3.493942131171934e-05,5.204134140512906e-05
abs,50,3,2150,3.260300582041964e-05,4.916065518045798e-05
abs,50,3,2200,3.056069908780046e-05,4.6665201807627454e-05
abs,50,3,2250,2.8678714443231e-05,4.434496440808289e-05
abs,50,3,2300,2.6927002181764692e-05,4.2173178371740505e-05
abs,50,3,2350,2.5302178983110934e-05,4.012151111965068e-05
abs,50,3,2400,2.3650032744626515e-05,3.8093141483841464e-05
abs,50,3,2450,2.209880949521903e-05,3.6163750337436795e-05
abs,50,3,2500,2.065386979666073e-05,3.43496649293229e-05
abs,50,3,2550,1.9341681763762608e-05,3.277971700299531e-05
abs,50,3,2600,1.812463960959576e-05,3.128231401205994e-05
abs,50,3,2650,1.6950012650340796e-05,2.981996840389911e-05
abs,50,3,2700,1.5803059795871377e-05,2.8382422897266224e-05
abs,50,3,2750,1.473791417083703e-05,2.7042535293730907e-05
abs,50,3,2800,1.3744188436248805e-05,2.5779409043025225e-05
abs,50,3,2850,1.2817829883715604e-05,2.4583894628449343e-05
abs,50,3,2900,1.1954852197959553e-05,2.34520102821989e-05
abs,50,3,2950,1.1160308531543706e-05,2.2392405298887752e-05
abs,50,3,3000,1.0424320862512104e-05,2.140287142538e-05
abs,50,3,3050,9.744490853336174e-06,2.0467945432756096e-05
abs,50,3,3100,9.116667570197023e-06,1.9593138858908787e-05
abs,50,3,3150,8.543613148503937e-06,1.8771013856166974e-05
abs,50,3,3200,8.019937922654208e-06,1.7994465451920405e-05
abs,50,3,3250,7.534463293268345e-06,1.7257569197681732e-05
abs,50,3,3300,7.084264325385448e-06,1.655735104577616e-05
abs,50,3,3350,6.666878107353114e-06,1.5892584997345693e-05
abs,50,3,3400,6.279844910750398e-06,1.5261906810337678e-05
abs,50,3,3450,5.920931016589748e-06,1.466186859033769e-05
abs,50,3,3500,5.5884743233036716e-06,1.4089661817706656e-05
abs,50,3,3550,5.281552148517221e-06,1.354428331978852e-05
abs,50,3,3600,4.994404662284069e-06,1.3023915926169138e-05
abs,50,3,3650,4.726020961243194e-06,1.2526689715741668e-05
abs,50,3,3700,4.488488229981158e-06,1.2061472261848394e-05
abs,50,3,3750,4.2662150008254685e-06,1.161668205895694e-05
abs,50,3,3800,4.056978923472343e-06,1.1187943528057076e-05
abs,50,3,3850,3.863461643049959e-06,1.0779921467474196e-05
abs,50,3,3900,3.6809808534599142e-06,1.0385773748566862e-05
abs,50,3,3950,3.507953351800097e-06,1.000485735858092e-05
abs,50,3,4000,3.3439198432461126e-06,9.637742550694384e-06
abs,50,3,4050,3.1885870157566387e-06,9.284191037295386e-06
abs,50,3,4100,3.042073103642906e-06,8.944905857788399e-06
abs,50,3,4150,2.903592985603609e-06,8.620098014944233e-06
abs,50,3,4200,2.7613148176897084e-06,8.30466888146475e-06
abs,50,3,4250,2.62522189586889e-06,7.998904948181007e-06
abs,50,3,4300,2.496384468031465e-06,7.705236384936143e-06
abs,50,3,4350,2.374748873990029e-06,7.4239760579075664e-06
abs,50,3,4400,2.261266217828961e-06,7.161442681535846e-06
abs,50,3,4450,2.1562818801612593e-06,6.908831437613117e-06
abs,50,3,4500,2.0625504930649186e-06,6.678118097624974e-06
abs,50,3,4550,1.973080543393735e-06,6.455216862377711e-06
abs,50,3,4600,1.887630787678063e-06,6.2388980950345285e-06
abs,50,3,4650,1.8061143691738835e-06,6.030051736161113e-06
abs,50,3,4700,1.7283780380239477e-06,5.8281925703340676e-06
abs,50,3,4750,1.6542625189686078e-06,5.6336748457397334e-06
abs,50,3,4800,1.5837230193938012e-06,5.446565410238691e-06
abs,50,3,4850,1.5166203866101569e-06,5.266323569230735e-06
abs,50,3,4900,1.4528363863064442e-06,5.094733296573395e-06
abs,50,3,4950,1.3922227708462742e-06,4.930454906570958e-06
abs,50,3,5000,1.3346783589440747e-06,4.772437478095526e-06
abs,50,4,0,0.22791941463947296,0.17249716818332672
abs,50,4,50,0.05355791002511978,0.06252510100603104
abs,50,4,100,0.03290164843201637,0.04041314497590065
abs,50,4,150,0.016594430431723595,0.02180718444287777
abs,50,4,200,0.007835171185433865,0.010799407958984375
abs,50,4,250,0.004338692873716354,0.005799891427159309
abs,50,4,300,0.002879956504330039,0.003600312164053321
abs,50,4,350,0.002057695761322975,0.002431295346468687
abs,50,4,400,0.0015134194400161505,0.0017196525586768985
abs,50,4,450,0.0011274163844063878,0.001250873669050634
abs,50,4,500,0.0008551341015845537,0.0009343134006485343
abs,50,4,550,0.0006523462943732738,0.0007117948844097555
abs,50,4,600,0.0005017445655539632,0.0005540780839510262
abs,50,4,650,0.00039021263364702463,0.00043643952812999487
abs,50,4,700,0.0003071356622967869,0.0003489141527097672
abs,50,4,750,0.0002441445249132812,0.0002821879170369357
abs,50,4,800,0.00019492961291689426,0.0002317815669812262
abs,50,4,850,0.00015600826009176672,0.00019288381736259907
abs,50,4,900,0.00012563157361000776,0.00016326170589309186
abs,50,4,950,0.00010243344877380878,0.0001403238857164979
abs,50,4,1000,8.482413977617398e-05,0.00011929930042242631
abs,50,4,1050,7.117713539628312e-05,0.00010291301441611722
abs,50,4,1100,6.018867497914471e-05,9.02839019545354e-05
abs,50,4,1150,5.1562590670073405e-05,8.040133252507076e-05
abs,50,4,1200,4.487112528295256e-05,7.30065003153868e-05
abs,50,4,1250,3.9676753658568487e-05,6.71294765197672e-05
abs,50,4,1300,3.562069105100818e-05,6.256731285247952e-05
abs,50,4,1350,3.246574488002807e-05,5.876021896256134e-05
abs,50,4,1400,3.022413693543058e-05,5.5166412494145334e-05
abs,50,4,1450,2.8527532776934095e-05,5.215041892370209e-05
abs,50,4,1500,2.7075295292888768e-05,4.945579348714091e-05
abs,50,4,1550,2.5880190150928684e-05,4.7179310058709234e-05
abs,50,4,1600,2.481639603502117e-05,4.5296692405827343e-05
abs,50,4,1650,2.3853493985370733e-05,4.350793460616842e-05
abs,50,4,1700,2.2969741621636786e-05,4.186606747680344e-05
abs,50,4,1750,2.2127549527795054e-05,4.033444929518737e-05
abs,50,4,1800,2.1328338334569708e-05,3.887398634105921e-05
abs,50,4,1850,2.0562540157698095e-05,3.741569526027888e-05
abs,50,4,1900,1.9830504243145697e-05,3.6041699786437675e-05
abs,50,4,1950,1.911621257022489e-05,3.4669825254241005e-05
abs,50,4,2000,1.840837467170786e-05,3.331844709464349e-05
abs,50,4,2050,1.772413270373363e-05,3.213103991583921e-05
abs,50,4,2100,1.706246803223621e-05,3.0835599318379536e-05
abs,50,4,2150,1.6422251064796e-05,2.9654729587491602e-05
abs,50,4,2200,1.580247590027284e-05,2.848853364412207e-05
abs,50,4,2250,1.5154550055740401e-05,2.737814975262154e-05
abs,50,4,2300,1.4520978766086046e-05,2.6311134206480347e-05
abs,50,4,2350,1.3886604392610025e-05,2.521730675653089e-05
abs,50,4,2400,1.321839135925984e-05,2.4108072466333397e-05
abs,50,4,2450,1.2570996659633238e-05,2.30216119234683e-05
abs,50,4,2500,1.1951222404604778e-05,2.1972986360196956e-05
abs,50,4,2550,1.1358310075593181e-05,2.096696880471427e-05
abs,50,4,2600,1.0791637578222435e-05,2.0009536456200294e-05
abs,50,4,2650,1.0250564628222492e-05,1.9102066289633512e-05
abs,50,4,2700,9.73462374531664e-06,1.823091588448733e-05
abs,50,4,2750,9.292287359130569e-06,1.746559064486064e-05
abs,50,4,2800,8.870992132870015e-06,1.6709876945242286e-05
abs,50,4,2850,8.46875445859041e-06,1.598657763679512e-05
abs,50,4,2900,8.085384251899086e-06,1.5290821465896443e-05
abs,50,4,2950,7.721600923105143e-06,1.4627999007643666e-05
abs,50,4,3000,7.376583198492881e-06,1.4000093869981356e-05
abs,50,4,3050,7.065561021590838e-06,1.3415033208730165e-05
abs,50,4,3100,6.773898803658085e-06,1.2861046343459748e-05
abs,50,4,3150,6.496657533716643e-06,1.2328664524829946e-05
abs,50,4,3200,6.233147360035218e-06,1.1820869985967875e-05
abs,50,4,3250,5.982844413665589e-06,1.133498426497681e-05
abs,50,4,3300,5.731974852096755e-06,1.0863353054446634e-05
abs,50,4,3350,5.439470896817511e-06,1.0350499906053301e-05
abs,50,4,3400,5.150463948666584e-06,9.84335201792419e-06
abs,50,4,3450,4.881238965026569e-06,9.36882133828476e-06
abs,50,4,3500,4.630499461200088e-06,8.92179104994284e-06
abs,50,4,3550,4.397112206788734e-06,8.501624506607186e-06
abs,50,4,3600,4.179978077445412e-06,8.106880159175489e-06
abs,50,4,3650,3.978002951043891e-06,7.738633030385245e-06
abs,50,4,3700,3.790187065533246e-06,7.393620307993842e-06
abs,50,4,3750,3.6186793295200914e-06,7.076476322254166e-06
abs,50,4,3800,3.461669166426873e-06,6.79417462379206e-06
abs,50,4,3850,3.314403556942125e-06,6.528285211970797e-06
abs,50,4,3900,3.1626284453523112e-06,6.261454473133199e-06
abs,50,4,3950,3.020842996193096e-06,6.011055120325182e-06
abs,50,4,4000,2.891975327656837e-06,5.778553259006003e-06
abs,50,4,4050,2.7755424980568932e-06,5.564652838074835e-06
abs,50,4,4100,2.6667019028536743e-06,5.36252719030017e-06
abs,50,4,4150,2.5648130304034567e-06,5.171194061404094e-06
abs,50,4,4200,2.4693122213648167e-06,4.9905443120223936e-06
abs,50,4,4250,2.3796990262781037e-06,4.820105004910147e-06
abs,50,4,4300,2.295482090630685e-06,4.659459591493942e-06
abs,50,4,4350,2.2162535060488153e-06,4.508289293880807e-06
abs,50,4,4400,2.1372547962528188e-06,4.360890216048574e-06
abs,50,4,4450,2.057129449895001e-06,4.214851287542842e-06
abs,50,4,4500,1.9826234165520873e-06,4.078832716913894e-06
abs,50,4,4550,1.9133296973450342e-06,3.952260158257559e-06
abs,50,4,4600,1.8412089275443577e-06,3.827208274742588e-06
abs,50,4,4650,1.765708930179244e-06,3.7020083709649043e-06
abs,50,4,4700,1.695986384220305e-06,3.5853345252689905e-06
abs,50,4,4750,1.630749011383159e-06,3.477782684058184e-06
abs,50,4,4800,1.5510202047153143e-06,3.364790018167696e-06
abs,50,4,4850,1.4633385490014916e-06,3.252402166253887e-06
abs,50,4,4900,1.3846014326190925e-06,3.150073325741687e-06
abs,50,4,4950,1.3139668908479507e-06,3.05651838061749e-06
abs,50,4,5000,1.2504239066402079e-06,2.9709015052503673e-06
abs,100,0,0,0.6214539408683777,0.6149761080741882
abs,100,0,50,0.03849796950817108,0.04362214729189873
abs,100,0,100,0.017482910305261612,0.01984962448477745
abs,100,0,150,0.006594944279640913,0.007649051025509834
abs,100,0,200,0.003396629821509123,0.003854194888845086
abs,100,0,250,0.002419466385617852,0.0026758206076920033
abs,100,0,300,0.0018102651229128242,0.0019887022208422422
abs,100,0,350,0.0013719639973714948,0.0015022463630884886
abs,100,0,400,0.0010379016166552901,0.0011427458375692368
abs,100,0,450,0.0007815476856194437,0.0008709528483450413
abs,100,0,500,0.0005893235793337226,0.0006684160325676203
abs,100,0,550,0.0004503343952819705,0.0005197000573389232
abs,100,0,600,0.0003494990523904562,0.00041022832738235593
abs,100,0,650,0.0002742891665548086,0.0003285417624283582
abs,100,0,700,0.00021934747928753495,0.00026777040329761803
abs,100,0,750,0.00017940632824320346,0.00022270296176429838
abs,100,0,800,0.00015099091979209334,0.0001892954169306904
abs,100,0,850,0.0001298987481277436,0.00016392830002587289
abs,100,0,900,0.00011353447916917503,0.0001440189080312848
abs,100,0,950,0.00010094173194374889,0.00012836954556405544
abs,100,0,1000,9.125391079578549e-05,0.00011579645070014521
abs,100,0,1050,8.337831968674436e-05,0.0001053574014804326
abs,100,0,1100,7.654609362361953e-05,9.629396663513035e-05
abs,100,0,1150,7.053938315948471e-05,8.832477760734037e-05
abs,100,0,1200,6.519036105601117e-05,8.126024476950988e-05
abs,100,0,1250,6.0354021115927026e-05,7.492817530874163e-05
abs,100,0,1300,5.600300573860295e-05,6.920995656400919e-05
abs,100,0,1350,5.195624180487357e-05,6.396250682882965e-05
abs,100,0,1400,4.807860386790708e-05,5.9059413615614176e-05
abs,100,0,1450,4.425678343977779e-05,5.437227446236648e-05
abs,100,0,1500,4.049008930451237e-05,4.992529648006894e-05
abs,100,0,1550,3.698876025737263e-05,4.581046960083768e-05
abs,100,0,1600,3.3753276511561126e-05,4.2018953536171466e-05
abs,100,0,1650,3.070060847676359e-05,3.851901783491485e-05
abs,100,0,1700,2.7866479285876267e-05,3.525973443174735e-05
abs,100,0,1750,2.5366727641085163e-05,3.230905713280663e-05
abs,100,0,1800,2.3118307581171393e-05,2.9675040423171595e-05
abs,100,0,1850,2.101268728438299e-05,2.7212749046157114e-05
abs,100,0,1900,1.9098424672847614e-05,2.496768684068229e-05
abs,100,0,1950,1.7368485714541748e-05,2.291273085575085e-05
abs,100,0,2000,1.5808076568646356e-05,2.10541929845931e-05
abs,100,0,2050,1.4404536159418058e-05,1.935669206432067e-05
abs,100,0,2100,1.314426936005475e-05,1.7809768905863166e-05
abs,100,0,2150,1.2016917935397942e-05,1.6412661352660507e-05
abs,100,0,2200,1.09962511487538e-05,1.5139690731302835e-05
abs,100,0,2250,1.006429192784708e-05,1.3977882190374658e-05
abs,100,0,2300,9.189478078042157e-06,1.2902202797704376e-05
abs,100,0,2350,8.377563062822446e-06,1.190262264572084e-05
abs,100,0,2400,7.645716323168017e-06,1.0997907338605728e-05
abs,100,0,2450,6.987088454479817e-06,1.0178864613408223e-05
abs,100,0,2500,6.394594947778387e-06,9.438934284844436e-06
abs,100,0,2550,5.86206124353339e-06,8.769537089392543e-06
abs,100,0,2600,5.3844519243284594e-06,8.16537703940412e-06
abs,100,0,2650,4.955167241860181e-06,7.618439667567145e-06
abs,100,0,2700,4.568993517750641e-06,7.120226655388251e-06
abs,100,0,2750,4.221954441163689e-06,6.669344656984322e-06
abs,100,0,2800,3.909324277628912e-06,6.258133907977026e-06
abs,100,0,2850,3.6278506740927696e-06,5.886617600481259e-06
abs,100,0,2900,3.3745325254130876e-06,5.548227818508167e-06
abs,100,0,2950,3.145112259517191e-06,5.241860890237149e-06
abs,100,0,3000,2.9375648864515824e-06,4.961258127877954e-06
abs,100,0,3050,2.7642702207231196e-06,4.715273462352343e-06
abs,100,0,3100,2.606916268632631e-06,4.486297257244587e-06
abs,100,0,3150,2.460364385115099e-06,4.280710982129676e-06
abs,100,0,3200,2.3247121134772897e-06,4.087211891601328e-06
abs,100,0,3250,2.198833726652083e-06,3.90391141991131e-06
abs,100,0,3300,2.0815198240597965e-06,3.7385646010079654e-06
abs,100,0,3350,1.9726032860489795e-06,3.5834575555782067e-06
abs,100,0,3400,1.8793955405271845e-06,3.4419952044117963e-06
abs,100,0,3450,1.8048897345579462e-06,3.3248422823817236e-06
abs,100,0,3500,1.7342946421194938e-06,3.2141840620170115e-06
abs,100,0,3550,1.6671336879880982e-06,3.109933004452614e-06
abs,100,0,3600,1.6032722669478972e-06,3.009085730809602e-06
abs,100,0,3650,1.5420827139678295e-06,2.912686795752961e-06
abs,100,0,3700,1.48378933317872e-06,2.8218826173542766e-06
abs,100,0,3750,1.4283714335761033e-06,2.7359772047930164e-06
abs,100,0,3800,1.3754903420704068e-06,2.653016736076097e-06
abs,100,0,3850,1.3243133025753195e-06,2.57499254985305e-06
abs,100,0,3900,1.2704991831924417e-06,2.498007461326779e-06
abs,100,0,3950,1.2283427395232138e-06,2.4371922791033285e-06
abs,100,0,4000,1.187617272080388e-06,2.382735146966297e-06
abs,100,0,4050,1.1477465022835531e-06,2.328253913219669e-06
abs,100,0,4100,1.109794425246946e-06,2.27667078434024e-06
abs,100,0,4150,1.0736035847003222e-06,2.2259957859205315e-06
abs,100,0,4200,1.0391486284788698e-06,2.1786340766993817e-06
abs,100,0,4250,1.0063392892334377e-06,2.1341368210414657e-06
abs,100,0,4300,9.751402103574947e-07,2.0873519588349154e-06
abs,100,0,4350,9.43887869198079e-07,2.0460618088691263e-06
abs,100,0,4400,9.128456213147729e-07,2.002743258344708e-06
abs,100,0,4450,8.833180231704318e-07,1.9622245872596977e-06
abs,100,0,4500,8.552938766115403e-07,1.923295940287062e-06
abs,100,0,4550,8.286985462291341e-07,1.88560557035089e-06
abs,100,0,4600,8.03477746558201e-07,1.8499482621336938e-06
abs,100,0,4650,7.795304100000067e-07,1.8156556507165078e-06
abs,100,0,4700,7.567963393739774e-07,1.7827557030614116e-06
abs,100,0,4750,7.352034003815788e-07,1.7512979866296519e-06
abs,100,0,4800,7.147202154555998e-07,1.720124942039547e-06
abs,100,0,4850,6.952830062800786e-07,1.6903999267015024e-06
abs,100,0,4900,6.767708669030981e-07,1.6635557358313235e-06
abs,100,0,4950,6.593000989596476e-07,1.6350837768186466e-06
abs,100,0,5000,6.426993195418618e-07,1.6090940562207834e-06
abs,100,1,0,0.3357168138027191,0.3865377604961395
abs,100,1,50,0.04463943466544151,0.05130266770720482
abs,100,1,100,0.02000037580728531,0.02109147422015667
abs,100,1,150,0.006351806223392487,0.005939160473644733
abs,100,1,200,0.0030298824422061443,0.002826464595273137
abs,100,1,250,0.002130466978996992,0.002043918240815401
abs,100,1,300,0.0015560721512883902,0.0015017569530755281
abs,100,1,350,0.0011308894027024508,0.0010984857799485326
abs,100,1,400,0.000827491283416748,0.0008066968293860555
abs,100,1,450,0.0006054613622836769,0.0005943627911619842
abs,100,1,500,0.000450603460194543,0.0004420389886945486
abs,100,1,550,0.0003408522461540997,0.0003328150196466595
abs,100,1,600,0.0002600400766823441,0.0002526401658542454
abs,100,1,650,0.00020015015616081655,0.00019282371795270592
abs,100,1,700,0.0001552099856780842,0.00014832870510872453
abs,100,1,750,0.00012159146717749536,0.00011525449372129515
abs,100,1,800,9.596860036253929e-05,9.055082773556933e-05
abs,100,1,850,7.617445226060227e-05,7.190577161964029e-05
abs,100,1,900,6.141238554846495e-05,5.80367304792162e-05
abs,100,1,950,5.0172002374893054e-05,4.758247087011114e-05
abs,100,1,1000,4.1548330045770854e-05,3.9595048292540014e-05
abs,100,1,1050,3.517666846164502e-05,3.3540811273269355e-05
abs,100,1,1100,3.0097293347353116e-05,2.8679993192781694e-05
abs,100,1,1150,2.607683200039901e-05,2.477600719430484e-05
abs,100,1,1200,2.2852169422549196e-05,2.1574353013420478e-05
abs,100,1,1250,2.0175644749542698e-05,1.8885688405134715e-05
abs,100,1,1300,1.781109494913835e-05,1.655023697821889e-05
abs,100,1,1350,1.5721401723567396e-05,1.4519562682835385e-05
abs,100,1,1400,1.38198001877754e-05,1.2735348718706518e-05
abs,100,1,1450,1.2122412954340689e-05,1.1155609172419645e-05
abs,100,1,1500,1.0623535672493745e-05,9.781992957869079e-06
abs,100,1,1550,9.446578587812837e-06,8.636571692477446e-06
abs,100,1,1600,8.419824553129729e-06,7.65161712479312e-06
abs,100,1,1650,7.5147245297557674e-06,6.788073278585216e-06
abs,100,1,1700,6.706302428938216e-06,6.029823452990968e-06
abs,100,1,1750,5.960422640782781e-06,5.355294433684321e-06
abs,100,1,1800,5.297995812725276e-06,4.7616886149626225e-06
abs,100,1,1850,4.712037934950786e-06,4.249118319421541e-06
abs,100,1,1900,4.254326540831244e-06,3.821711288765073e-06
abs,100,1,1950,3.852792360703461e-06,3.4581903491925914e-06
abs,100,1,2000,3.498150590530713e-06,3.138056626994512e-06
abs,100,1,2050,3.1861209208727814e-06,2.8570300401042914e-06
abs,100,1,2100,2.9120949420757825e-06,2.6104460175702116e-06
abs,100,1,2150,2.6716463707998628e-06,2.3945146949699847e-06
abs,100,1,2200,2.458551307427115e-06,2.205136297561694e-06
abs,100,1,2250,2.2695974166708766e-06,2.038210368482396e-06
abs,100,1,2300,2.102676262438763e-06,1.8913940493803238e-06
abs,100,1,2350,1.951573040059884e-06,1.7609016822461854e-06
abs,100,1,2400,1.8017351521848468e-06,1.6390498558394029e-06
abs,100,1,2450,1.6680804719726439e-06,1.5307288094845717e-06
abs,100,1,2500,1.54844917688024e-06,1.4331874353956664e-06
abs,100,1,2550,1.441418135073036e-06,1.3455255611916073e-06
abs,100,1,2600,1.3521951132133836e-06,1.2688871038335492e-06
abs,100,1,2650,1.2855251725341077e-06,1.2069380090906634e-06
abs,100,1,2700,1.2241960121173179e-06,1.1501250583023648e-06
abs,100,1,2750,1.1673948847601423e-06,1.0962946817016928e-06
abs,100,1,2800,1.1145925782329869e-06,1.0480744094820693e-06
abs,100,1,2850,1.0654742936822004e-06,1.0028807082562707e-06
abs,100,1,2900,1.019602223095717e-06,9.60932084126398e-07
abs,100,1,2950,9.767782103153877e-07,9.217109777637233e-07
abs,100,1,3000,9.367205393573386e-07,8.855476494318282e-07
abs,100,1,3050,8.992380458039406e-07,8.519028824593988e-07
abs,100,1,3100,8.641437716505607e-07,8.201151331377332e-07
abs,100,1,3150,8.271612728094624e-07,7.911851866992947e-07
abs,100,1,3200,7.841205729164358e-07,7.600773415106232e-07
abs,100,1,3250,7.441993261636526e-07,7.307583587135014e-07
abs,100,1,3300,7.074015684338519e-07,7.042273182378267e-07
abs,100,1,3350,6.734137514285976e-07,6.796741445214138e-07
abs,100,1,3400,6.421071816475887e-07,6.575062343472382e-07
abs,100,1,3450,6.132730163699307e-07,6.371777772073983e-07
abs,100,1,3500,5.867504455636663e-07,6.182035576784983e-07
abs,100,1,3550,5.63602270631236e-07,6.021838316883077e-07
abs,100,1,3600,5.429898237707675e-07,5.877290050193551e-07
abs,100,1,3650,5.285972406454675e-07,5.750172249463503e-07
abs,100,1,3700,5.176075319468509e-07,5.656162898048933e-07
abs,100,1,3750,5.073355850981898e-07,5.569401082539116e-07
abs,100,1,3800,4.976967602488003e-07,5.489237651090662e-07
abs,100,1,3850,4.886517217528308e-07,5.409657433119719e-07
abs,100,1,3900,4.801513568963856e-07,5.336890467333433e-07
abs,100,1,3950,4.7155941729215556e-07,5.256707140688377e-07
abs,100,1,4000,4.631126842014055e-07,5.181786377761455e-07
abs,100,1,4050,4.551179699774366e-07,5.111078849040496e-07
abs,100,1,4100,4.4753116412721283e-07,5.039889856561786e-07
abs,100,1,4150,4.4032739765498263e-07,4.972016540705226e-07
abs,100,1,4200,4.335029188951012e-07,4.907445259050291e-07
abs,100,1,4250,4.2717314840956533e-07,4.846601768804248e-07
abs,100,1,4300,4.211333646253479e-07,4.781811071552511e-07
abs,100,1,4350,4.153366433001793e-07,4.724348912077403e-07
abs,100,1,4400,4.0976584614327294e-07,4.666659378926852e-07
abs,100,1,4450,4.0441000237478875e-07,4.610051007603033e-07
abs,100,1,4500,3.992363701854629e-07,4.559344404242438e-07
abs,100,1,4550,3.942474506857252e-07,4.5054738961880503e-07
abs,100,1,4600,3.8889942288733437e-07,4.4530568743539334e-07
abs,100,1,4650,3.8339595676006866e-07,4.398800683702575e-07
abs,100,1,4700,3.7799580354658247e-07,4.347913602487097e-07
abs,100,1,4750,3.727242301465594e-07,4.2944949996126525e-07
abs,100,1,4800,3.675599202779267e-07,4.2412133893776627e-07
abs,100,1,4850,3.6248536616767524e-07,4.187521653875592e-07
abs,100,1,4900,3.535107850893837e-07,4.124451322695677e-07
abs,100,1,4950,3.4267424098288757e-07,4.0450322558172047e-07
abs,100,1,5000,3.325383204355603e-07,3.9696283238299657e-07
abs,100,2,0,0.43924644589424133,0.5105900168418884
abs,100,2,50,0.053177740424871445,0.051881369203329086
abs,100,2,100,0.02552374079823494,0.024446923285722733
abs,100,2,150,0.008300965651869774,0.007484278175979853
abs,100,2,200,0.0028126793913543224,0.0024875113740563393
abs,100,2,250,0.0018312096362933517,0.0017882799729704857
abs,100,2,300,0.0015508296201005578,0.0015739561058580875
abs,100,2,350,0.0013303101295605302,0.0013551124138757586
abs,100,2,400,0.0011326838284730911,0.0011501213302835822
abs,100,2,450,0.0009559829486533999,0.0009690039441920817
abs,100,2,500,0.0007974132895469666,0.0008107073954306543
abs,100,2,550,0.0006643023807555437,0.0006776778609491885
abs,100,2,600,0.0005560150602832437,0.0005681859329342842
abs,100,2,650,0.0004658952238969505,0.0004776982241310179
abs,100,2,700,0.00039520920836366713,0.0004044889356009662
abs,100,2,750,0.0003386434691492468,0.0003451247757766396
abs,100,2,800,0.0002904735447373241,0.0002957129036076367
abs,100,2,850,0.0002498444519005716,0.0002542164584156126
abs,100,2,900,0.00021442535216920078,0.0002190927043557167
abs,100,2,950,0.00018451438518241048,0.00018989702221006155
abs,100,2,1000,0.00015911355149000883,0.0001658350374782458
abs,100,2,1050,0.00013753528764937073,0.0001454409066354856
abs,100,2,1100,0.00011888154404005036,0.00012796829105354846
abs,100,2,1150,0.00010290820500813425,0.0001130895980168134
abs,100,2,1200,8.955810335464776e-05,0.00010046100942417979
abs,100,2,1250,7.832756091374904e-05,8.973370131570846e-05
abs,100,2,1300,6.880161527078599e-05,8.05583331384696e-05
abs,100,2,1350,6.0689326346619055e-05,7.264222949743271e-05
abs,100,2,1400,5.357928966986947e-05,6.573716382263228e-05
abs,100,2,1450,4.7361951146740466e-05,5.967307151877321e-05
abs,100,2,1500,4.206872472423129e-05,5.442037945613265e-05
abs,100,2,1550,3.7417990824906155e-05,4.979643563274294e-05
abs,100,2,1600,3.3331009035464376e-05,4.570681994664483e-05
abs,100,2,1650,2.9763532438664697e-05,4.208224709145725e-05
abs,100,2,1700,2.6653015083866194e-05,3.887738785124384e-05
abs,100,2,1750,2.3948419766384177e-05,3.601602656999603e-05
abs,100,2,1800,2.1526771888602525e-05,3.345758523209952e-05
abs,100,2,1850,1.9412123947404325e-05,3.117157029919326e-05
abs,100,2,1900,1.7530210243421607e-05,2.909544673457276e-05
abs,100,2,1950,1.5846062524360605e-05,2.7210744519834407e-05
abs,100,2,2000,1.4338253095047548e-05,2.550103272369597e-05
abs,100,2,2050,1.3021985978411976e-05,2.395701449131593e-05
abs,100,2,2100,1.1860235645144712e-05,2.255496110592503e-05
abs,100,2,2150,1.083718325389782e-05,2.1284344256855547e-05
abs,100,2,2200,9.892113666865043e-06,2.0112222046009265e-05
abs,100,2,2250,8.99939095688751e-06,1.9017667000298388e-05
abs,100,2,2300,8.203965990105644e-06,1.8017975889961235e-05
abs,100,2,2350,7.497579645132646e-06,1.7106536688515916e-05
abs,100,2,2400,6.869493518024683e-06,1.627623350941576e-05
abs,100,2,2450,6.308852334768744e-06,1.5516203347942792e-05
abs,100,2,2500,5.817705186927924e-06,1.4827533050265629e-05
abs,100,2,2550,5.3834623940929305e-06,1.4204506442183629e-05
abs,100,2,2600,4.992476988263661e-06,1.3627918633574154e-05
abs,100,2,2650,4.641349732992239e-06,1.3095905160298571e-05
abs,100,2,2700,4.308287770982133e-06,1.259362579730805e-05
abs,100,2,2750,4.016744242107961e-06,1.213159066537628e-05
abs,100,2,2800,3.760511162909097e-06,1.170944142359076e-05
abs,100,2,2850,3.535583346092608e-06,1.1320278645143844e-05
abs,100,2,2900,3.3374278700648574e-06,1.0962034139083698e-05
abs,100,2,2950,3.1649001357436646e-06,1.0637969353410881e-05
abs,100,2,3000,3.007340637850575e-06,1.0332916644983925e-05
abs,100,2,3050,2.8648803436226444e-06,1.0047663636214565e-05
abs,100,2,3100,2.73366026704025e-06,9.779514584806748e-06
abs,100,2,3150,2.616007122924202e-06,9.534389391774312e-06
abs,100,2,3200,2.4990897600218887e-06,9.291952665080316e-06
abs,100,2,3250,2.3886157123342855e-06,9.063920515473e-06
abs,100,2,3300,2.283774165334762e-06,8.844995136314537e-06
abs,100,2,3350,2.187279733334435e-06,8.640109626867343e-06
abs,100,2,3400,2.1032012682553614e-06,8.447965228697285e-06
abs,100,2,3450,2.024496552621713e-06,8.26841642265208e-06
abs,100,2,3500,1.9490989870973863e-06,8.09389166533947e-06
abs,100,2,3550,1.878029706858797e-06,7.92649825598346e-06
abs,100,2,3600,1.812529035305488e-06,7.772895514790434e-06
abs,100,2,3650,1.7483592955613858e-06,7.620707492606016e-06
abs,100,2,3700,1.6823797750475933e-06,7.473070581909269e-06
abs,100,2,3750,1.613345489204221e-06,7.328872470679926e-06
abs,100,2,3800,1.548283762531355e-06,7.191833446995588e-06
abs,100,2,3850,1.4866351421005675e-06,7.058940809656633e-06
abs,100,2,3900,1.4279711422204855e-06,6.929234132257989e-06
abs,100,2,3950,1.3698187331101508e-06,6.80210041537066e-06
abs,100,2,4000,1.311611185883521e-06,6.676541943306802e-06
abs,100,2,4050,1.2565840279421536e-06,6.555668278451776e-06
abs,100,2,4100,1.200078600049892e-06,6.434769147745101e-06
abs,100,2,4150,1.142993824032601e-06,6.318170107988408e-06
abs,100,2,4200,1.0932059240076342e-06,6.213896085682791e-06
abs,100,2,4250,1.0469026392456726e-06,6.11704808761715e-06
abs,100,2,4300,1.001707346404146e-06,6.022758043400245e-06
abs,100,2,4350,9.540733572066529e-07,5.927225629420718e-06
abs,100,2,4400,9.082187943931785e-07,5.835049250890734e-06
abs,100,2,4450,8.589184972151997e-07,5.753926870966097e-06
abs,100,2,4500,8.121617156575667e-07,5.678627530869562e-06
abs,100,2,4550,7.679509508307092e-07,5.606570994132198e-06
abs,100,2,4600,7.262540862029709e-07,5.536644948733738e-06
abs,100,2,4650,6.869128696962434e-07,5.467761184263509e-06
abs,100,2,4700,6.497747335743043e-07,5.402501301432494e-06
abs,100,2,4750,6.124271862972819e-07,5.3361395657702815e-06
abs,100,2,4800,5.765798505308339e-07,5.273200713418191e-06
abs,100,2,4850,5.43285693765938e-07,5.2117420636932366e-06
abs,100,2,4900,5.122636252963275e-07,5.154344307811698e-06
abs,100,2,4950,4.833094067180355e-07,5.095942015032051e-06
abs,100,2,5000,4.5617773025696806e-07,5.0361932153464295e-06
abs,100,3,0,0.3034766912460327,0.32066774368286133
abs,100,3,50,0.03031064011156559,0.033232223242521286
abs,100,3,100,0.010950539261102676,0.012951959855854511
abs,100,3,150,0.004044811241328716,0.00466414587572217
abs,100,3,200,0.0020157487597316504,0.0023148220498114824
abs,100,3,250,0.0012174176517874002,0.0014358197804540396
abs,100,3,300,0.0008427062421105802,0.0010308549972251058
abs,100,3,350,0.0006284507689997554,0.000796773936599493
abs,100,3,400,0.0004898784682154655,0.0006354863871820271
abs,100,3,450,0.00039196235593408346,0.0005172002711333334
abs,100,3,500,0.00032024376560002565,0.0004281533183529973
abs,100,3,550,0.0002647326036822051,0.0003581837227102369
abs,100,3,600,0.0002207404322689399,0.00030112112290225923
abs,100,3,650,0.00018421123968437314,0.0002539450360927731
abs,100,3,700,0.00015347330190706998,0.00021456593822222203
abs,100,3,750,0.00012774580682162195,0.00018162182823289186
abs,100,3,800,0.00010649246542016044,0.00015418333350680768
abs,100,3,850,8.882612746674567e-05,0.0001313239336013794
abs,100,3,900,7.418188761221245e-05,0.00011248742521274835
abs,100,3,950,6.225225661182776e-05,9.699771908344701e-05
abs,100,3,1000,5.22053123859223e-05,8.400378283113241e-05
abs,100,3,1050,4.383116538519971e-05,7.310300134122372e-05
abs,100,3,1100,3.6888508475385606e-05,6.409794150386006e-05
abs,100,3,1150,3.114361607003957e-05,5.663168121827766e-05
abs,100,3,1200,2.6517394871916622e-05,5.054763096268289e-05
abs,100,3,1250,2.2713560611009598e-05,4.5536049583461136e-05
abs,100,3,1300,1.9587208953453228e-05,4.14181558880955e-05
abs,100,3,1350,1.7132817447418347e-05,3.800538252107799e-05
abs,100,3,1400,1.511653135821689e-05,3.503114203340374e-05
abs,100,3,1450,1.3454914551402908e-05,3.2467189157614484e-05
abs,100,3,1500,1.205753051181091e-05,3.0231243727030233e-05
abs,100,3,1550,1.0893349099205807e-05,2.8237918741069734e-05
abs,100,3,1600,9.968499398382846e-06,2.646919892868027e-05
abs,100,3,1650,9.161004527413752e-06,2.4865405066520907e-05
abs,100,3,1700,8.484120371576864e-06,2.3529511963715777e-05
abs,100,3,1750,7.895811904745642e-06,2.2336389520205557e-05
abs,100,3,1800,7.3539745244488586e-06,2.1167759769014083e-05
abs,100,3,1850,6.86404382577166e-06,2.010206299019046e-05
abs,100,3,1900,6.4250616560457274e-06,1.91621820704313e-05
abs,100,3,1950,6.0332531575113535e-06,1.835419243434444e-05
abs,100,3,2000,5.6812136790540535e-06,1.7642461898503825e-05
abs,100,3,2050,5.369453901948873e-06,1.7018881408148445e-05
abs,100,3,2100,5.1014999371545855e-06,1.646583950787317e-05
abs,100,3,2150,4.856824943999527e-06,1.5963918485795148e-05
abs,100,3,2200,4.6288082558021415e-06,1.546661223983392e-05
abs,100,3,2250,4.3993877625325695e-06,1.4959276086301543e-05
abs,100,3,2300,4.174468358542072e-06,1.4464852938544936e-05
abs,100,3,2350,3.963138624385465e-06,1.3990620573167689e-05
abs,100,3,2400,3.762153710340499e-06,1.3532201592170168e-05
abs,100,3,2450,3.570615035641822e-06,1.308831724600168e-05
abs,100,3,2500,3.3879127840918954e-06,1.2659440471907146e-05
abs,100,3,2550,3.2142788768396713e-06,1.2243126548128203e-05
abs,100,3,2600,3.0501250876113772e-06,1.184148459287826e-05
abs,100,3,2650,2.893981445595273e-06,1.1454059858806431e-05
abs,100,3,2700,2.748210818026564e-06,1.1083120625698939e-05
abs,100,3,2750,2.6107404664799105e-06,1.072827581083402e-05
abs,100,3,2800,2.476113195370999e-06,1.0384055713075213e-05
abs,100,3,2850,2.3462889657821506e-06,1.0051044228021055e-05
abs,100,3,2900,2.222484681624337e-06,9.729627890919801e-06
abs,100,3,2950,2.1048726921435446e-06,9.420009519089945e-06
abs,100,3,3000,1.9933440853492357e-06,9.121813491219655e-06
abs,100,3,3050,1.8868856841436354e-06,8.835468179313466e-06
abs,100,3,3100,1.7852629525805241e-06,8.559053640055936e-06
abs,100,3,3150,1.6890560345927952e-06,8.293647624668665e-06
abs,100,3,3200,1.5989609210009803e-06,8.038618034333922e-06
abs,100,3,3250,1.5141623634917778e-06,7.79510082793422e-06
abs,100,3,3300,1.4345440604301984e-06,7.5619791459757835e-06
abs,100,3,3350,1.3645936860484653e-06,7.358952188951662e-06
abs,100,3,3400,1.3023161500314018e-06,7.216602625703672e-06
abs,100,3,3450,1.2422923418853316e-06,7.078834187268512e-06
abs,100,3,3500,1.184676875709556e-06,6.950182978471275e-06
abs,100,3,3550,1.1303764040349051e-06,6.827052857261151e-06
abs,100,3,3600,1.079947082871513e-06,6.707957709295442e-06
abs,100,3,3650,1.0326613164579612e-06,6.5928002186410595e-06
abs,100,3,3700,9.882998028842849e-07,6.481766831711866e-06
abs,100,3,3750,9.467017321185267e-07,6.374491022143047e-06
abs,100,3,3800,9.076950391317951e-07,6.271110123634571e-06
abs,100,3,3850,8.711141958883672e-07,6.1717532844340894e-06
abs,100,3,3900,8.369470378966071e-07,6.076212230254896e-06
abs,100,3,3950,8.049427151490818e-07,5.984487415844342e-06
abs,100,3,4000,7.738060503470479e-07,5.89703722653212e-06
abs,100,3,4050,7.382510034403822e-07,5.80832556806854e-06
abs,100,3,4100,7.051536385915824e-07,5.7228648984164465e-06
abs,100,3,4150,6.746299732185435e-07,5.641963525704341e-06
abs,100,3,4200,6.46496346234926e-07,5.5648629313509446e-06
abs,100,3,4250,6.205275440152036e-07,5.491484444064554e-06
abs,100,3,4300,5.965714535705047e-07,5.4215047384786885e-06
abs,100,3,4350,5.746891247326857e-07,5.354977020033402e-06
abs,100,3,4400,5.541842256207019e-07,5.2913037507096305e-06
abs,100,3,4450,5.352721927920356e-07,5.230597253103042e-06
abs,100,3,4500,5.176495392333891e-07,5.1727615755226e-06
abs,100,3,4550,5.01045178680215e-07,5.11748203280149e-06
abs,100,3,4600,4.855816655435774e-07,5.064578544988763e-06
abs,100,3,4650,4.7116481027842383e-07,5.0139678933192044e-06
abs,100,3,4700,4.576892536078958e-07,4.965746938978555e-06
abs,100,3,4750,4.446351340448018e-07,4.918077138427179e-06
abs,100,3,4800,4.2959410961884714e-07,4.869509666605154e-06
abs,100,3,4850,4.154733233008301e-07,4.8233505367534235e-06
abs,100,3,4900,4.0246712273983576e-07,4.778968559548957e-06
abs,100,3,4950,3.90282565376765e-07,4.7365433601953555e-06
abs,100,3,5000,3.7901116911598365e-07,4.695651568908943e-06
abs,100,4,0,0.1336841583251953,0.10998710989952087
abs,100,4,50,0.01772155798971653,0.021835962310433388
abs,100,4,100,0.0032263463363051414,0.0042828782461583614
abs,100,4,150,0.0014122427674010396,0.0017955456860363483
abs,100,4,200,0.0009666381520219147,0.0012757208896800876
abs,100,4,250,0.0006711254827678204,0.0009465602342970669
abs,100,4,300,0.00046430647489614785,0.0007018655887804925
abs,100,4,350,0.0003271947498433292,0.0005191013915464282
abs,100,4,400,0.000237993459450081,0.00038754637353122234
abs,100,4,450,0.0001752092211972922,0.0002917157544288784
abs,100,4,500,0.00013074085291009396,0.00022356168483383954
abs,100,4,550,0.00010162412218051031,0.00017723420751281083
abs,100,4,600,7.97467291704379e-05,0.0001416786981280893
abs,100,4,650,6.304869020823389e-05,0.00011467529839137569
abs,100,4,700,5.0294351240154356e-05,9.411231440026313e-05
abs,100,4,750,4.0678227378521115e-05,7.865585939725861e-05
abs,100,4,800,3.335127985337749e-05,6.732073961757123e-05
abs,100,4,850,2.7614156351774e-05,5.848039290867746e-05
abs,100,4,900,2.3043801775202155e-05,5.131666694069281e-05
abs,100,4,950,1.9377957869437523e-05,4.5500109990825877e-05
abs,100,4,1000,1.6443424101453274e-05,4.073841409990564e-05
abs,100,4,1050,1.4078926142246928e-05,3.672782622743398e-05
abs,100,4,1100,1.2188390428491402e-05,3.336172812851146e-05
abs,100,4,1150,1.0621592082316056e-05,3.048859980481211e-05
abs,100,4,1200,9.298417353420518e-06,2.7997009965474717e-05
abs,100,4,1250,8.182456440408714e-06,2.5837793145910837e-05
abs,100,4,1300,7.220143743325025e-06,2.3936780053190887e-05
abs,100,4,1350,6.398513050953625e-06,2.2257183445617557e-05
abs,100,4,1400,5.677684384863824e-06,2.0760917323059402e-05
abs,100,4,1450,5.044663339504041e-06,1.9420976968831383e-05
abs,100,4,1500,4.49017716164235e-06,1.8234410163131543e-05
abs,100,4,1550,4.0042668842943385e-06,1.7168782505905256e-05
abs,100,4,1600,3.5868340546585387e-06,1.6220459656324238e-05
abs,100,4,1650,3.224630972908926e-06,1.536422314529773e-05
abs,100,4,1700,2.9089155759720597e-06,1.4593223568226676e-05
abs,100,4,1750,2.6469656404515263e-06,1.3908012078900356e-05
abs,100,4,1800,2.415051312709693e-06,1.3293658412294462e-05
abs,100,4,1850,2.2047759102861164e-06,1.2724219232040923e-05
abs,100,4,1900,2.0070237951586023e-06,1.2184533261461183e-05
abs,100,4,1950,1.8308478502149228e-06,1.1690577593981288e-05
abs,100,4,2000,1.679135266385856e-06,1.1229987649130635e-05
abs,100,4,2050,1.5426030586240813e-06,1.081759728549514e-05
abs,100,4,2100,1.4193792594596744e-06,1.0433021998323966e-05
abs,100,4,2150,1.308877131123154e-06,1.007481296255719e-05
abs,100,4,2200,1.2102912023692625e-06,9.751510333444458e-06
abs,100,4,2250,1.1206876706637559e-06,9.450111974729225e-06
abs,100,4,2300,1.0399954817330581e-06,9.167270036414266e-06
abs,100,4,2350,9.675067076386767e-07,8.908634299586993e-06
abs,100,4,2400,9.016248441184871e-07,8.66721438796958e-06
abs,100,4,2450,8.418323318437615e-07,8.438283657596912e-06
abs,100,4,2500,7.87505541666178e-07,8.220853487728164e-06
abs,100,4,2550,7.392653174065345e-07,8.013887963898014e-06
abs,100,4,2600,6.950858733034693e-07,7.820718565199059e-06
abs,100,4,2650,6.54570044389402e-07,7.6382175393519e-06
abs,100,4,2700,6.177456839395745e-07,7.46466821510694e-06
abs,100,4,2750,5.839835921506165e-07,7.299055141629651e-06
abs,100,4,2800,5.525605502043618e-07,7.140554771467578e-06
abs,100,4,2850,5.23337917002209e-07,6.988556378928479e-06
abs,100,4,2900,4.967867539562576e-07,6.8415824898693245e-06
abs,100,4,2950,4.722637356735504e-07,6.7031023718300276e-06
abs,100,4,3000,4.489062064294558e-07,6.570061032107333e-06
abs,100,4,3050,4.2426202639944677e-07,6.423653303500032e-06
abs,100,4,3100,4.0014626279116783e-07,6.280399247771129e-06
abs,100,4,3150,3.7741628489129653e-07,6.141470294096507e-06
abs,100,4,3200,3.560680852388032e-07,6.00697603658773e-06
abs,100,4,3250,3.3599832249819883e-07,5.876982868358027e-06
abs,100,4,3300,3.17135118166334e-07,5.75113745071576e-06
abs,100,4,3350,2.990222185417224e-07,5.6296089496754576e-06
abs,100,4,3400,2.819171243118035e-07,5.512466486834455e-06
abs,100,4,3450,2.6584672241369844e-07,5.399177098297514e-06
abs,100,4,3500,2.510890624307649e-07,5.289050022838637e-06
abs,100,4,3550,2.375565060219742e-07,5.184358997212257e-06
abs,100,4,3600,2.2673975763609633e-07,5.099572263134178e-06
abs,100,4,3650,2.1694387442039442e-07,5.018408501200611e-06
abs,100,4,3700,2.078342191680349e-07,4.940367944072932e-06
abs,100,4,3750,1.99407637069271e-07,4.865183655056171e-06
abs,100,4,3800,1.9162854414389585e-07,4.793777861777926e-06
abs,100,4,3850,1.843073107465898e-07,4.725289727502968e-06
abs,100,4,3900,1.772012439005266e-07,4.655413249565754e-06
abs,100,4,3950,1.7010471253797732e-07,4.583935606206069e-06
abs,100,4,4000,1.6325149942986172e-07,4.513657131610671e-06
abs,100,4,4050,1.5662739372146461e-07,4.4442995204008184e-06
abs,100,4,4100,1.502204440839705e-07,4.375938715384109e-06
abs,100,4,4150,1.440301957700285e-07,4.308560619392665e-06
abs,100,4,4200,1.3804000786876713e-07,4.242040631652344e-06
abs,100,4,4250,1.322518698998465e-07,4.176528818788938e-06
abs,100,4,4300,1.266505336161572e-07,4.111935595574323e-06
abs,100,4,4350,1.2106038127512875e-07,4.047307811561041e-06
abs,100,4,4400,1.1564992519197403e-07,3.984386694355635e-06
abs,100,4,4450,1.1044767234125175e-07,3.922611995221814e-06
abs,100,4,4500,1.0541653949758256e-07,3.861598543153377e-06
abs,100,4,4550,1.0034347752707617e-07,3.8022333228582283e-06
abs,100,4,4600,9.547093782202865e-08,3.743612296602805e-06
abs,100,4,4650,9.079652585342046e-08,3.6858964449493214e-06
abs,100,4,4700,8.631429437855331e-08,3.6290807656769175e-06
abs,100,4,4750,8.201237022831265e-08,3.5731766274693655e-06
abs,100,4,4800,7.788753464410547e-08,3.5181717521481914e-06
abs,100,4,4850,7.392879552980958e-08,3.4642616810742766e-06
abs,100,4,4900,7.013340308503757e-08,3.4112399589503184e-06
abs,100,4,4950,6.649808881320496e-08,3.3592709769436624e-06
abs,100,4,5000,6.301161903365937e-08,3.308340637886431e-06
abs,500,0,0,0.7276321053504944,0.6936401128768921
abs,500,0,50,0.010715937241911888,0.011193067766726017
abs,500,0,100,0.002863536821678281,0.00313484575599432
abs,500,0,150,0.0017423598328605294,0.0019009099341928959
abs,500,0,200,0.0010805957717821002,0.0011923915008082986
abs,500,0,250,0.0006649242714047432,0.0007501866202801466
abs,500,0,300,0.00042937375837937,0.0004969291039742529
abs,500,0,350,0.00029630630160681903,0.00034912992850877345
abs,500,0,400,0.00021487810590770096,0.00025610250304453075
abs,500,0,450,0.00016135256737470627,0.00019463428179733455
abs,500,0,500,0.0001253831578651443,0.00015282061940524727
abs,500,0,550,0.00010104795364895836,0.00012350110046099871
abs,500,0,600,8.323574002133682e-05,0.00010184138227486983
abs,500,0,650,6.949814996914938e-05,8.509112376486883e-05
abs,500,0,700,5.8493493270361796e-05,7.169338641688228e-05
abs,500,0,750,4.9445039621787146e-05,6.0872043832205236e-05
abs,500,0,800,4.2215771827613935e-05,5.212922769715078e-05
abs,500,0,850,3.636468682088889e-05,4.5062883145874366e-05
abs,500,0,900,3.152223871438764e-05,3.920014569303021e-05
abs,500,0,950,2.7508735001902096e-05,3.432677476666868e-05
abs,500,0,1000,2.4199265681090765e-05,3.028266473847907e-05
abs,500,0,1050,2.143815618182998e-05,2.6917630748357624e-05
abs,500,0,1100,1.9022250853595324e-05,2.399246659479104e-05
abs,500,0,1150,1.6890186088858172e-05,2.1458816263475455e-05
abs,500,0,1200,1.5041279766592197e-05,1.9260836779722013e-05
abs,500,0,1250,1.3393405424722005e-05,1.7350723283016123e-05
abs,500,0,1300,1.1912748050235678e-05,1.5679383068345487e-05
abs,500,0,1350,1.0573610779829323e-05,1.421422803105088e-05
abs,500,0,1400,9.388600119564217e-06,1.2936593520862516e-05
abs,500,0,1450,8.37593870528508e-06,1.1804743735410739e-05
abs,500,0,1500,7.493189514207188e-06,1.0807333637785632e-05
abs,500,0,1550,6.726133506163023e-06,9.8993759820587e-06
abs,500,0,1600,6.0715119616361335e-06,9.100323950406164e-06
abs,500,0,1650,5.488831448019482e-06,8.400058504776098e-06
abs,500,0,1700,4.966261712979758e-06,7.775347512506414e-06
abs,500,0,1750,4.492324023885885e-06,7.19802619641996e-06
abs,500,0,1800,4.060688752360875e-06,6.676076282019494e-06
abs,500,0,1850,3.6710375752591062e-06,6.198458777362248e-06
abs,500,0,1900,3.3239675758522935e-06,5.774688361270819e-06
abs,500,0,1950,3.0117580536170863e-06,5.392966613726458e-06
abs,500,0,2000,2.7273845262243412e-06,5.0443600230209995e-06
abs,500,0,2050,2.4718488020880613e-06,4.722964604297886e-06
abs,500,0,2100,2.2432193418353563e-06,4.427942712936783e-06
abs,500,0,2150,2.035633087871247e-06,4.15375279771979e-06
abs,500,0,2200,1.8525586256146198e-06,3.9087722143449355e-06
abs,500,0,2250,1.694006073194032e-06,3.686545596792712e-06
abs,500,0,2300,1.5532065162915387e-06,3.482395641185576e-06
abs,500,0,2350,1.4256804661272326e-06,3.2979410207190085e-06
abs,500,0,2400,1.3121814390615327e-06,3.130860477540409e-06
abs,500,0,2450,1.213639279740164e-06,2.981200168505893e-06
abs,500,0,2500,1.1257441201451002e-06,2.8450806439650478e-06
abs,500,0,2550,1.0457416692588595e-06,2.7207972834730754e-06
abs,500,0,2600,9.744167073222343e-07,2.608723207231378e-06
abs,500,0,2650,9.096637541006203e-07,2.5067599835892906e-06
abs,500,0,2700,8.499269483763783e-07,2.412885578451096e-06
abs,500,0,2750,7.953880185596063e-07,2.3252987375599332e-06
abs,500,0,2800,7.462612074959907e-07,2.2444664864451624e-06
abs,500,0,2850,7.008162015154085e-07,2.1665423446393106e-06
abs,500,0,2900,6.580720537385787e-07,2.0925958779116627e-06
abs,500,0,2950,6.183452683217183e-07,2.0235600004525622e-06
abs,500,0,3000,5.809857270833163e-07,1.9582128061301773e-06
abs,500,0,3050,5.456919325297349e-07,1.8942405404231977e-06
abs,500,0,3100,5.123719120092574e-07,1.8335402955926838e-06
abs,500,0,3150,4.806197466677986e-07,1.7759660977390013e-06
abs,500,0,3200,4.50697683618273e-07,1.721211674521328e-06
abs,500,0,3250,4.224342262659775e-07,1.6685280570527539e-06
abs,500,0,3300,3.9580498878422077e-07,1.619128170204931e-06
abs,500,0,3350,3.703941331423266e-07,1.5711606238255627e-06
abs,500,0,3400,3.463956375071575e-07,1.5248742784024216e-06
abs,500,0,3450,3.2479877631885756e-07,1.484343101765262e-06
abs,500,0,3500,3.045157654923969e-07,1.4457053794103558e-06
abs,500,0,3550,2.8551983177749207e-07,1.4084174608797184e-06
abs,500,0,3600,2.6771587613438896e-07,1.3726240695177694e-06
abs,500,0,3650,2.5105433110184094e-07,1.3389474133873591e-06
abs,500,0,3700,2.3528816939233366e-07,1.3059360526312958e-06
abs,500,0,3750,2.2054915405078646e-07,1.2755252782881144e-06
abs,500,0,3800,2.0681301293734577e-07,1.2457950333555345e-06
abs,500,0,3850,1.9427076836109336e-07,1.2175788697277312e-06
abs,500,0,3900,1.8273593127560162e-07,1.1910882449228666e-06
abs,500,0,3950,1.719411102385493e-07,1.1649432281046757e-06
abs,500,0,4000,1.6181061823772325e-07,1.1407796591811348e-06
abs,500,0,4050,1.5236828687648085e-07,1.117623924073996e-06
abs,500,0,4100,1.4354094446389354e-07,1.0948818953693262e-06
abs,500,0,4150,1.3528013198538247e-07,1.0735051318988553e-06
abs,500,0,4200,1.278687733474726e-07,1.0531560974413878e-06
abs,500,0,4250,1.2143358674165938e-07,1.0356791335652815e-06
abs,500,0,4300,1.1554992340734316e-07,1.0195449249295052e-06
abs,500,0,4350,1.1008423683733781e-07,1.0033651278718025e-06
abs,500,0,4400,1.0485754842193273e-07,9.882196536636911e-07
abs,500,0,4450,9.998211680795066e-08,9.736169204188627e-07
abs,500,0,4500,9.544439194542065e-08,9.599900749890367e-07
abs,500,0,4550,9.116752863747024e-08,9.468144526181277e-07
abs,500,0,4600,8.71595275953041e-08,9.342306839243975e-07
abs,500,0,4650,4.770472060044995e-06,6.0352276705089025e-06
abs,500,0,4700,7.991934580786619e-08,9.02229714938585e-07
abs,500,0,4750,7.768221621518023e-08,8.871584782355058e-07
abs,500,0,4800,1.199798816742259e-06,2.2286658349912614e-06
abs,500,0,4850,2.0631046027119737e-07,9.227601935890561e-07
abs,500,0,4900,6.518133432109607e-06,6.7446935645421036e-06
abs,500,0,4950,5.602271926363755e-07,1.4786181736781145e-06
abs,500,0,5000,1.4848054888716433e-05,1.474452164984541e-05
abs,500,1,0,0.323453813791275,0.3761276304721832
abs,500,1,50,0.006039534695446491,0.005870767869055271
abs,500,1,100,0.0023440818767994642,0.002252356382086873
abs,500,1,150,0.0011547026224434376,0.0011060391552746296
abs,500,1,200,0.0006027621566317976,0.000576769292820245
abs,500,1,250,0.0003585689701139927,0.0003394221421331167
abs,500,1,300,0.0002452846383675933,0.000228006363613531
abs,500,1,350,0.0001814841089071706,0.00016603012045379728
abs,500,1,400,0.00013889660476706922,0.00012540208990685642
abs,500,1,450,0.00010792596731334925,9.655148460296914e-05
abs,500,1,500,8.429663284914568e-05,7.521746738348156e-05
abs,500,1,550,6.651176954619586e-05,5.9457503084558994e-05
abs,500,1,600,5.279765173327178e-05,4.767273276229389e-05
abs,500,1,650,4.265181996743195e-05,3.8929531001485884e-05
abs,500,1,700,3.5195516829844564e-05,3.237641431041993e-05
abs,500,1,750,2.9393384465947747e-05,2.7273770683677867e-05
abs,500,1,800,2.471710104146041e-05,2.317949474672787e-05
abs,500,1,850,2.0965006115147844e-05,1.985414382943418e-05
abs,500,1,900,1.7835160178947262e-05,1.709186653897632e-05
abs,500,1,950,1.532782152935397e-05,1.4812182598689105e-05
abs,500,1,1000,1.3259879779070616e-05,1.2904788491141517e-05
abs,500,1,1050,1.1505955626489595e-05,1.1281776096438989e-05
abs,500,1,1100,1.0021163689089008e-05,9.908198080665898e-06
abs,500,1,1150,8.763463483774103e-06,8.738419637666084e-06
abs,500,1,1200,7.702241418883204e-06,7.741256013105158e-06
abs,500,1,1250,6.815738743171096e-06,6.897482307977043e-06
abs,500,1,1300,6.043113444320625e-06,6.1689570429734886e-06
abs,500,1,1350,5.3617472985934e-06,5.5350478760374244e-06
abs,500,1,1400,4.766147867485415e-06,4.979636742064031e-06
abs,500,1,1450,4.245921445544809e-06,4.496224846661789e-06
abs,500,1,1500,3.779916596613475e-06,4.073802301718388e-06
abs,500,1,1550,3.3592414183658548e-06,3.7020643048890634e-06
abs,500,1,1600,3.013339437529794e-06,3.387609467608854e-06
abs,500,1,1650,2.7194903395866277e-06,3.1166487133305054e-06
abs,500,1,1700,2.452269427521969e-06,2.872157892852556e-06
abs,500,1,1750,2.225645630460349e-06,2.6594125301926397e-06
abs,500,1,1800,2.028423978117644e-06,2.4728840344323544e-06
abs,500,1,1850,1.8552198071120074e-06,2.3044744921207894e-06
abs,500,1,1900,1.701222572592087e-06,2.1522646420635283e-06
abs,500,1,1950,1.561824433338188e-06,2.0140107608312974e-06
abs,500,1,2000,1.4329843907034956e-06,1.8861098851630231e-06
abs,500,1,2050,1.3149375490684179e-06,1.7684260456007905e-06
abs,500,1,2100,1.2071936907886993e-06,1.6601119341430604e-06
abs,500,1,2150,1.1118504517071415e-06,1.5603164911226486e-06
abs,500,1,2200,1.0254597100356477e-06,1.4689995850858395e-06
abs,500,1,2250,9.45455212786328e-07,1.3849640936314245e-06
abs,500,1,2300,8.728168836569239e-07,1.307679326600919e-06
abs,500,1,2350,8.066491545832832e-07,1.236656089531607e-06
abs,500,1,2400,7.46643706861505e-07,1.1710690159816295e-06
abs,500,1,2450,6.919311204001133e-07,1.1099326684416155e-06
abs,500,1,2500,6.41829387859616e-07,1.0530293366173282e-06
abs,500,1,2550,5.972177632429521e-07,1.0000621841754764e-06
abs,500,1,2600,5.562231422118202e-07,9.504865374765359e-07
abs,500,1,2650,5.179978757041681e-07,9.042006468007457e-07
abs,500,1,2700,4.814368708139227e-07,8.603672654317052e-07
abs,500,1,2750,4.4770271756533475e-07,8.19478941593843e-07
abs,500,1,2800,4.1660254623820947e-07,7.812828357600665e-07
abs,500,1,2850,3.8814616232230037e-07,7.456165462826903e-07
abs,500,1,2900,3.619540791532927e-07,7.123961722754757e-07
abs,500,1,2950,3.3762808016035706e-07,6.812677497691766e-07
abs,500,1,3000,3.1487658702644694e-07,6.521374871226726e-07
abs,500,1,3050,2.9396753120636276e-07,6.249352964005084e-07
abs,500,1,3100,2.7478165520733455e-07,5.996677145958529e-07
abs,500,1,3150,2.576306314949761e-07,5.766162871623237e-07
abs,500,1,3200,2.42077476286795e-07,5.556846645049518e-07
abs,500,1,3250,2.2768702478970226e-07,5.36152924723865e-07
abs,500,1,3300,2.1434203745229752e-07,5.179181812309253e-07
abs,500,1,3350,2.0195649597098964e-07,5.008229209124693e-07
abs,500,1,3400,1.9044735211082298e-07,4.848282060265774e-07
abs,500,1,3450,1.7972858756820642e-07,4.6985394419607474e-07
abs,500,1,3500,1.6934801294610224e-07,4.5588998887069465e-07
abs,500,1,3550,1.5988176471637416e-07,4.431275613114849e-07
abs,500,1,3600,1.5105598549780552e-07,4.312055637001322e-07
abs,500,1,3650,1.429671243613484e-07,4.203805019642459e-07
abs,500,1,3700,1.354014926846503e-07,4.102673472061724e-07
abs,500,1,3750,1.2831326046125469e-07,4.006269875844737e-07
abs,500,1,3800,1.2167639340532332e-07,3.9147056440924644e-07
abs,500,1,3850,1.1544550915232321e-07,3.828582180176454e-07
abs,500,1,3900,1.0959213625483244e-07,3.7465619584509113e-07
abs,500,1,3950,1.0408824380192527e-07,3.6694436289508303e-07
abs,500,1,4000,9.926681343586097e-08,3.598088085254858e-07
abs,500,1,4050,9.572184467288025e-08,3.5450486279842153e-07
abs,500,1,4100,9.222725338986493e-08,3.4928811487588973e-07
abs,500,1,4150,9.950521780410782e-05,0.00010463751095812768
abs,500,1,4200,1.9817925078768894e-07,4.024858810680598e-07
abs,500,1,4250,8.558455988350033e-08,3.4917297853098717e-07
abs,500,1,4300,8.298204789980446e-08,3.4304963492104434e-07
abs,500,1,4350,8.112976956908824e-08,3.407246254027996e-07
abs,500,1,4400,7.935199874964383e-08,3.383730700079468e-07
abs,500,1,4450,7.764590037595553e-08,3.359423033089115e-07
abs,500,1,4500,1.277006163036276e-07,3.4641686852410203e-07
abs,500,1,4550,1.6829604646773078e-05,1.6892228813958354e-05
abs,500,1,4600,1.9604554779562022e-07,3.996065629507939e-07
abs,500,1,4650,7.382072197970047e-08,3.373067158918275e-07
abs,500,1,4700,7.16662285071834e-08,3.298254966921377e-07
abs,500,1,4750,7.043995964295391e-08,3.275773963196116e-07
abs,500,1,4800,6.924353357362634e-08,3.25649466503819e-07
abs,500,1,4850,6.808022590121254e-08,3.2364175694965525e-07
abs,500,1,4900,6.694324383715866e-08,3.215637605080701e-07
abs,500,1,4950,0.0006157945608720183,0.0006387715111486614
abs,500,1,5000,8.238196755883109e-07,9.55749669628858e-07
abs,500,2,0,0.2957870364189148,0.3493327796459198
abs,500,2,50,0.005759951192885637,0.004734490532428026
abs,500,2,100,0.0025089960545301437,0.0023453503381460905
abs,500,2,150,0.0012373538920655847,0.0011954938527196646
abs,500,2,200,0.0006128386012278497,0.0006257382920011878
abs,500,2,250,0.0003310769679956138,0.0003684827534016222
abs,500,2,300,0.0002075284137390554,0.00025107807596214116
abs,500,2,350,0.00014694916899316013,0.00018790278409142047
abs,500,2,400,0.00010916536120930687,0.0001450374984415248
abs,500,2,450,8.209163934225217e-05,0.00011271208495600149
abs,500,2,500,6.187603867147118e-05,8.79362560226582e-05
abs,500,2,550,4.680580968852155e-05,6.920642772456631e-05
abs,500,2,600,3.5651832149596885e-05,5.508886533789337e-05
abs,500,2,650,2.7392363335820846e-05,4.440502016223036e-05
abs,500,2,700,2.1304867914295755e-05,3.649327845778316e-05
abs,500,2,750,1.673724182182923e-05,3.0510225769830868e-05
abs,500,2,800,1.3392786058830097e-05,2.6030809749499895e-05
abs,500,2,850,1.0894683327933308e-05,2.2572179659618996e-05
abs,500,2,900,8.986435204860754e-06,1.991578574234154e-05
abs,500,2,950,7.51900915929582e-06,1.7813750673667528e-05
abs,500,2,1000,6.395845957740676e-06,1.6167590729310177e-05
abs,500,2,1050,5.485617293743417e-06,1.4793080481467769e-05
abs,500,2,1100,4.735881248052465e-06,1.363127103104489e-05
abs,500,2,1150,4.112850547244307e-06,1.2644122762139887e-05
abs,500,2,1200,3.5986013244837523e-06,1.1790086318796966e-05
abs,500,2,1250,3.171028083670535e-06,1.1050575267290697e-05
abs,500,2,1300,2.826601757988101e-06,1.0433196621306706e-05
abs,500,2,1350,2.5427641503483756e-06,9.904144462780096e-06
abs,500,2,1400,2.2969386463955743e-06,9.42349015531363e-06
abs,500,2,1450,2.0817321910726605e-06,8.983357474789955e-06
abs,500,2,1500,1.901276846183464e-06,8.580244866607245e-06
abs,500,2,1550,1.7418732340956922e-06,8.211422027670778e-06
abs,500,2,1600,1.6023576563384268e-06,7.87432691140566e-06
abs,500,2,1650,1.4786120345888776e-06,7.564403404103359e-06
abs,500,2,1700,1.365487719340308e-06,7.276802534761373e-06
abs,500,2,1750,1.2595930911629694e-06,7.002884103712859e-06
abs,500,2,1800,1.1622115607679007e-06,6.747103725501802e-06
abs,500,2,1850,1.0753942660812754e-06,6.510191269626375e-06
abs,500,2,1900,9.964103355741827e-07,6.290129022090696e-06
abs,500,2,1950,9.272315537600662e-07,6.095650405768538e-06
abs,500,2,2000,8.629488092992688e-07,5.913123004575027e-06
abs,500,2,2050,8.032636173993524e-07,5.740317192248767e-06
abs,500,2,2100,7.473310574823699e-07,5.5770792641851585e-06
abs,500,2,2150,6.950012902962044e-07,5.421677997219376e-06
abs,500,2,2200,6.468470132858783e-07,5.273614533507498e-06
abs,500,2,2250,6.026738219588879e-07,5.135194442118518e-06
abs,500,2,2300,5.617884539788065e-07,5.002578291168902e-06
abs,500,2,2350,5.239118081590277e-07,4.875480499322293e-06
abs,500,2,2400,4.88888076688454e-07,4.75619845019537e-06
abs,500,2,2450,4.579774213198107e-07,4.6433956413238775e-06
abs,500,2,2500,4.314549926220934e-07,4.551571237243479e-06
abs,500,2,2550,4.066269241320697e-07,4.4650146264757495e-06
abs,500,2,2600,3.8396180457311857e-07,4.38105371358688e-06
abs,500,2,2650,3.6359676869324176e-07,4.305313723307336e-06
abs,500,2,2700,3.452422561167623e-07,4.23521578341024e-06
abs,500,2,2750,3.2858068266250484e-07,4.173434717813507e-06
abs,500,2,2800,3.1309318160310795e-07,4.115102910873247e-06
abs,500,2,2850,2.989191045799089e-07,4.059991169924615e-06
abs,500,2,2900,2.8557150244523655e-07,4.006064955319744e-06
abs,500,2,2950,2.73168978992544e-07,3.953996838390594e-06
abs,500,2,3000,2.614068534967373e-07,3.903605829691514e-06
abs,500,2,3050,2.5022907834681973e-07,3.855375780403847e-06
abs,500,2,3100,2.396334650711651e-07,3.807368102570763e-06
abs,500,2,3150,2.2960982448694267e-07,3.760675781450118e-06
abs,500,2,3200,2.213366627756841e-07,3.7200754832156235e-06
abs,500,2,3250,2.1376934000727488e-07,3.688219521791325e-06
abs,500,2,3300,2.06506527433703e-07,3.657391971501056e-06
abs,500,2,3350,1.9952705088144285e-07,3.6274273043090943e-06
abs,500,2,3400,1.9282759922134574e-07,3.597749582695542e-06
abs,500,2,3450,1.8639569532297173e-07,3.568604142856202e-06
abs,500,2,3500,1.8020837444510107e-07,3.539879799063783e-06
abs,500,2,3550,1.7426584975055448e-07,3.512193188726087e-06
abs,500,2,3600,1.6836996508118318e-07,3.4839952149923192e-06
abs,500,2,3650,1.6266561431166338e-07,3.4569191029731883e-06
abs,500,2,3700,1.5717074575150036e-07,3.4297538604732836e-06
abs,500,2,3750,1.5187752921974607e-07,3.40364340445376e-06
abs,500,2,3800,1.4677370074878127e-07,3.3783983326429734e-06
abs,500,2,3850,1.418551818233027e-07,3.3534297472215258e-06
abs,500,2,3900,1.3709241386550275e-07,3.3292508305748925e-06
abs,500,2,3950,1.3233498918907571e-07,3.30459533870453e-06
abs,500,2,4000,1.2773534763255157e-07,3.2808372907311423e-06
abs,500,2,4050,8.07075557531789e-05,8.944056025939062e-05
abs,500,2,4100,1.78643176695914e-06,4.5282145038072485e-06
abs,500,2,4150,1.2007986072148924e-07,3.1149290862231283e-06
abs,500,2,4200,1.12344856972868e-07,3.0723344934813213e-06
abs,500,2,4250,1.0970039454605285e-07,3.0519263418682385e-06
abs,500,2,4300,5.946866440353915e-05,6.66762498440221e-05
abs,500,2,4350,3.5626737826532917e-07,3.1516804028797196e-06
abs,500,2,4400,1.010926951039437e-07,3.000837978106574e-06
abs,500,2,4450,9.65725632795511e-08,2.9761895348201506e-06
abs,500,2,4500,9.374036125109342e-08,2.9639638796652434e-06
abs,500,2,4550,9.098788211758801e-08,2.951681608465151e-06
abs,500,2,4600,1.7818586002249504e-06,5.157587111170869e-06
abs,500,2,4650,1.8369519239058718e-07,2.983431613756693e-06
abs,500,2,4700,9.610401008330882e-08,2.946640051959548e-06
abs,500,2,4750,8.355363689815931e-08,2.8743429538735654e-06
abs,500,2,4800,8.078473001660313e-08,2.858704647223931e-06
abs,500,2,4850,7.88067495705036e-08,2.8490019303717418e-06
abs,500,2,4900,7.697529724737251e-08,2.8397232654242544e-06
abs,500,2,4950,7.532787549280329e-08,2.831209485520958e-06
abs,500,2,5000,7.371050259052936e-08,2.822625674525625e-06
abs,500,3,0,0.48439452052116394,0.44308942556381226
abs,500,3,50,0.007824931293725967,0.008970146998763084
abs,500,3,100,0.0033759933430701494,0.0038488823920488358
abs,500,3,150,0.0019961916841566563,0.0023466155398637056
abs,500,3,200,0.0011901756515726447,0.001430709264241159
abs,500,3,250,0.0007057024631649256,0.0008716079755686224
abs,500,3,300,0.0004322355380281806,0.0005540825659409165
abs,500,3,350,0.0002858633815776557,0.00037800977588631213
abs,500,3,400,0.0002016776124946773,0.00027294238680042326
abs,500,3,450,0.00014686791109852493,0.00020539411343634129
abs,500,3,500,0.00010925988317467272,0.0001592847256688401
abs,500,3,550,8.291566336993128e-05,0.0001267988991457969
abs,500,3,600,6.424992898246273e-05,0.00010327571362722665
abs,500,3,650,5.075598892290145e-05,8.597101987106726e-05
abs,500,3,700,4.0889066440286115e-05,7.287701009772718e-05
abs,500,3,750,3.3694061130518094e-05,6.298777589108795e-05
abs,500,3,800,2.8333299269434065e-05,5.5305237765423954e-05
abs,500,3,850,2.430621680105105e-05,4.911809810437262e-05
abs,500,3,900,2.1136320356163196e-05,4.394911593408324e-05
abs,500,3,950,1.8572991393739358e-05,3.957020817324519e-05
abs,500,3,1000,1.6436340956715867e-05,3.5829598346026614e-05
abs,500,3,1050,1.463593162043253e-05,3.261955134803429e-05
abs,500,3,1100,1.3109210158290807e-05,2.9879514841013588e-05
abs,500,3,1150,1.1800959327956662e-05,2.7540600058273412e-05
abs,500,3,1200,1.0730616850196384e-05,2.560542088758666e-05
abs,500,3,1250,9.818934813665692e-06,2.399432378297206e-05
abs,500,3,1300,9.044429134519305e-06,2.2609305233345367e-05
abs,500,3,1350,8.347120456164703e-06,2.1368272427935153e-05
abs,500,3,1400,7.720796929788776e-06,2.0286088329157792e-05
abs,500,3,1450,7.153354545152979e-06,1.9319975763210095e-05
abs,500,3,1500,6.64065237288014e-06,1.84391738002887e-05
abs,500,3,1550,6.178184776217677e-06,1.7637848941376433e-05
abs,500,3,1600,5.752406195824733e-06,1.688147494860459e-05
abs,500,3,1650,5.367114226828562e-06,1.6159716324182227e-05
abs,500,3,1700,5.010023414797615e-06,1.54553163156379e-05
abs,500,3,1750,4.6807272156002e-06,1.4783395272388589e-05
abs,500,3,1800,4.3739378270402085e-06,1.414481084793806e-05
abs,500,3,1850,4.10272605222417e-06,1.355464610242052e-05
abs,500,3,1900,3.859790012938902e-06,1.3011205737711862e-05
abs,500,3,1950,3.6424332847673213e-06,1.250201603397727e-05
abs,500,3,2000,3.43890383192047e-06,1.2022056580462959e-05
abs,500,3,2050,3.251854195696069e-06,1.1576332326512784e-05
abs,500,3,2100,3.0747241908102296e-06,1.115053328248905e-05
abs,500,3,2150,2.9085599635436665e-06,1.0748751265055034e-05
abs,500,3,2200,2.748332917690277e-06,1.0379113518865779e-05
abs,500,3,2250,2.589283440102008e-06,1.0027675671153702e-05
abs,500,3,2300,2.441432343402994e-06,9.694683285488281e-06
abs,500,3,2350,2.3052336928230943e-06,9.379100447404198e-06
abs,500,3,2400,2.1731768811150687e-06,9.077988579520024e-06
abs,500,3,2450,2.050156354016508e-06,8.794592758931685e-06
abs,500,3,2500,1.9346696262800833e-06,8.526374585926533e-06
abs,500,3,2550,1.8280633184986073e-06,8.274630090454593e-06
abs,500,3,2600,1.7265369933738839e-06,8.037971383600961e-06
abs,500,3,2650,1.6311369108734652e-06,7.815946446498856e-06
abs,500,3,2700,1.541657752568426e-06,7.6084688771516085e-06
abs,500,3,2750,1.4596223536500474e-06,7.416732842102647e-06
abs,500,3,2800,1.385338350701204e-06,7.239380011014873e-06
abs,500,3,2850,1.315260533374385e-06,7.071684649417875e-06
abs,500,3,2900,1.2491927918745205e-06,6.9143311520747375e-06
abs,500,3,2950,1.1873188441313687e-06,6.775134806957794e-06
abs,500,3,3000,1.1288954055999056e-06,6.6447169047023635e-06
abs,500,3,3050,1.0748117347247899e-06,6.522560397570487e-06
abs,500,3,3100,1.0152530194318388e-06,6.405644398910226e-06
abs,500,3,3150,9.57592760642001e-07,6.293117166933371e-06
abs,500,3,3200,9.034967547449924e-07,6.186597602209076e-06
abs,500,3,3250,8.527079558007244e-07,6.085231234465027e-06
abs,500,3,3300,8.051778763729089e-07,5.988789780531079e-06
abs,500,3,3350,7.606047347508138e-07,5.89671390116564e-06
abs,500,3,3400,7.189363486759248e-07,5.809560661873547e-06
abs,500,3,3450,6.819680038461229e-07,5.728419182560174e-06
abs,500,3,3500,6.471208848779497e-07,5.652088930219179e-06
abs,500,3,3550,6.143564519334177e-07,5.578340278589167e-06
abs,500,3,3600,5.839430059495498e-07,5.508725735126063e-06
abs,500,3,3650,5.566514573729364e-07,5.449712716654176e-06
abs,500,3,3700,5.309797188601806e-07,5.393957508204039e-06
abs,500,3,3750,5.068097266303084e-07,5.340441930457018e-06
abs,500,3,3800,4.841442660108441e-07,5.289435193844838e-06
abs,500,3,3850,4.62949742541241e-07,5.241066901362501e-06
abs,500,3,3900,4.43379889247808e-07,5.196141046326375e-06
abs,500,3,3950,4.2528560584287334e-07,5.153483925823821e-06
abs,500,3,4000,4.0839134385350917e-07,5.112424787512282e-06
abs,500,3,4050,3.925839564544731e-07,5.0733387979562394e-06
abs,500,3,4100,3.7781202877340547e-07,5.036059064877918e-06
abs,500,3,4150,3.640410284333484e-07,5.000745204597479e-06
abs,500,3,4200,3.511807733502792e-07,4.967238055542111e-06
abs,500,3,4250,3.3914946584445715e-07,4.93525249112281e-06
abs,500,3,4300,3.278792632954719e-07,4.9046384447137825e-06
abs,500,3,4350,3.174268954353465e-07,4.879761036136188e-06
abs,500,3,4400,7.390169685095316e-07,5.5557593441335484e-06
abs,500,3,4450,5.214378688833676e-05,5.1942337449872866e-05
abs,500,3,4500,4.695934592291451e-07,5.188324848859338e-06
abs,500,3,4550,8.865594281814992e-06,1.4428399481403176e-05
abs,500,3,4600,4.912927806799416e-07,4.821093170903623e-06
abs,500,3,4650,7.6758507930208e-05,8.226140198530629e-05
abs,500,3,4700,9.365897426505398e-07,5.843923645443283e-06
abs,500,3,4750,2.684222693005722e-07,4.841338068217738e-06
abs,500,3,4800,1.0270395023326273e-06,5.1040715334238485e-06
abs,500,3,4850,1.2051405974489171e-05,1.4593715604860336e-05
abs,500,3,4900,2.436736394884065e-07,4.8146107474167366e-06
abs,500,3,4950,2.330823463125853e-07,4.749324943986721e-06
abs,500,3,5000,2.2643335739758186e-07,4.714506758318748e-06
abs,500,4,0,0.6654524803161621,0.5226455926895142
abs,500,4,50,0.008913086727261543,0.011490614153444767
abs,500,4,100,0.0027578729204833508,0.0033010116312652826
abs,500,4,150,0.0017011257587000728,0.0022005410864949226
abs,500,4,200,0.0010611111065372825,0.0014505268773064017
abs,500,4,250,0.0006708128494210541,0.0009837493998929858
abs,500,4,300,0.0004420764744281769,0.0006829912308603525
abs,500,4,350,0.00031042363843880594,0.0004951321752741933
abs,500,4,400,0.00023153038637246937,0.000373801973182708
abs,500,4,450,0.00017998568364419043,0.0002906729932874441
abs,500,4,500,0.00014327201643027365,0.00023136113304644823
abs,500,4,550,0.00011687082587741315,0.00018860583077184856
abs,500,4,600,9.63876664172858e-05,0.00015634189185220748
abs,500,4,650,8.00184061517939e-05,0.00013161315291654319
abs,500,4,700,6.637893966399133e-05,0.00011158377310493961
abs,500,4,750,5.530141061171889e-05,9.542002953821793e-05
abs,500,4,800,4.631276533473283e-05,8.225891360780224e-05
abs,500,4,850,3.908253711415455e-05,7.168910815380514e-05
abs,500,4,900,3.302646291558631e-05,6.281376408878714e-05
abs,500,4,950,2.7924461392103694e-05,5.532069917535409e-05
abs,500,4,1000,2.3635224351892248e-05,4.9010941438609734e-05
abs,500,4,1050,2.0095580111956224e-05,4.3747000745497644e-05
abs,500,4,1100,1.7186081095132977e-05,3.9397840737365186e-05
abs,500,4,1150,1.4787295185669791e-05,3.5736578865908086e-05
abs,500,4,1200,1.2791620974894613e-05,3.26440240314696e-05
abs,500,4,1250,1.1099196854047477e-05,2.9987973903189413e-05
abs,500,4,1300,9.672035048424732e-06,2.770775245153345e-05
abs,500,4,1350,8.464291568088811e-06,2.573153869889211e-05
abs,500,4,1400,7.471223398169968e-06,2.4078886781353503e-05
abs,500,4,1450,6.621981810894795e-06,2.2642818294116296e-05
abs,500,4,1500,5.905816578888334e-06,2.1375310097937472e-05
abs,500,4,1550,5.292848072713241e-06,2.0230303562129848e-05
abs,500,4,1600,4.768646704178536e-06,1.918774432851933e-05
abs,500,4,1650,4.316560080042109e-06,1.8251572328153998e-05
abs,500,4,1700,3.918346465070499e-06,1.7432879758416675e-05
abs,500,4,1750,3.5713853776542237e-06,1.6653910279273987e-05
abs,500,4,1800,3.2693315006326884e-06,1.5954745322233066e-05
abs,500,4,1850,3.0033527309569763e-06,1.5269937648554333e-05
abs,500,4,1900,2.763508064163034e-06,1.4664095942862332e-05
abs,500,4,1950,2.5455469767621253e-06,1.4082227608014364e-05
abs,500,4,2000,2.3476375190512044e-06,1.3532816410588566e-05
abs,500,4,2050,2.175002691728878e-06,1.3018789104535244e-05
abs,500,4,2100,2.0203565327392425e-06,1.2529369087133091e-05
abs,500,4,2150,1.8827829535439378e-06,1.2062592759320978e-05
abs,500,4,2200,1.7541250372232753e-06,1.1622723832260817e-05
abs,500,4,2250,1.639872266423481e-06,1.1222877219552174e-05
abs,500,4,2300,1.5370309256468317e-06,1.0909752745646983e-05
abs,500,4,2350,1.4440048516917159e-06,1.0609649507387076e-05
abs,500,4,2400,1.3584026419266593e-06,1.0327339623472653e-05
abs,500,4,2450,1.2785153558070306e-06,1.005526337394258e-05
abs,500,4,2500,1.2035086456307909e-06,9.793298886506818e-06
abs,500,4,2550,1.133842374656524e-06,9.540314749756362e-06
abs,500,4,2600,1.068396045411646e-06,9.313954251410905e-06
abs,500,4,2650,1.0067175253425376e-06,9.07258436200209e-06
abs,500,4,2700,9.517538615000376e-07,8.8729848357616e-06
abs,500,4,2750,9.014217994263163e-07,8.690919457876589e-06
abs,500,4,2800,8.530766422154556e-07,8.506396625307389e-06
abs,500,4,2850,8.070160220086109e-07,8.33699778013397e-06
abs,500,4,2900,7.634296821379394e-07,8.164250175468624e-06
abs,500,4,2950,7.232889629449346e-07,8.003745278983843e-06
abs,500,4,3000,6.853481977486808e-07,7.852901944715995e-06
abs,500,4,3050,6.491689532595046e-07,7.706157703069039e-06
abs,500,4,3100,6.147010367385519e-07,7.561006441392237e-06
abs,500,4,3150,5.822024604640319e-07,7.4273561949667055e-06
abs,500,4,3200,5.510692631105485e-07,7.285929768841015e-06
abs,500,4,3250,5.218798833084293e-07,7.15843361831503e-06
abs,500,4,3300,4.950258016833686e-07,7.043538062134758e-06
abs,500,4,3350,4.694887820733129e-07,6.921474323462462e-06
abs,500,4,3400,4.4639307361649117e-07,6.802733423683094e-06
abs,500,4,3450,4.2683925016717694e-07,6.694130206597038e-06
abs,500,4,3500,4.096097825367906e-07,6.5893636929104105e-06
abs,500,4,3550,3.929928595880483e-07,6.494140052382136e-06
abs,500,4,3600,3.7738462310699106e-07,6.399348876584554e-06
abs,500,4,3650,3.627815772233589e-07,6.3021352616488e-06
abs,500,4,3700,3.490807216621761e-07,6.21053050053888e-06
abs,500,4,3750,3.359781715062127e-07,6.1221594478411134e-06
abs,500,4,3800,3.238596377741487e-07,6.037132152414415e-06
abs,500,4,3850,3.1207704864755215e-07,5.948293619439937e-06
abs,500,4,3900,3.007847055869206e-07,5.866376341145951e-06
abs,500,4,3950,2.9007554758209153e-07,5.7848192227538675e-06
abs,500,4,4000,2.801085656756186e-07,5.703417627955787e-06
abs,500,4,4050,2.7082035103376256e-07,5.626816346193664e-06
abs,500,4,4100,2.6314543788430456e-07,5.5571890698047355e-06
abs,500,4,4150,2.559792733336508e-07,5.4909169193706475e-06
abs,500,4,4200,2.4908842988224933e-07,5.422664344223449e-06
abs,500,4,4250,2.4236422291323834e-07,5.362639058148488e-06
abs,500,4,4300,2.3615480415628554e-07,5.306225830281619e-06
abs,500,4,4350,2.2998888482561597e-07,5.2389987104106694e-06
abs,500,4,4400,4.669423674386053e-07,5.519065325643169e-06
abs,500,4,4450,5.055738938608556e-07,5.301208148011938e-06
abs,500,4,4500,7.24825952147512e-07,5.434506419987883e-06
abs,500,4,4550,4.326095677242847e-06,9.48984052229207e-06
abs,500,4,4600,0.00010425026266602799,0.0001052471052389592
abs,500,4,4650,1.5448475778612192e-06,6.024789399816655e-06
abs,500,4,4700,8.763353253016248e-05,9.229750867234543e-05
abs,500,4,4750,5.096775907986739e-07,5.305323156790109e-06
abs,500,4,4800,2.1173094921778102e-07,4.85872988065239e-06
abs,500,4,4850,1.2943511137564201e-05,1.793019509932492e-05
abs,500,4,4900,1.9722428135082737e-07,4.828862984140869e-06
abs,500,4,4950,1.8061221851439768e-07,4.763916422234615e-06
abs,500,4,5000,1.1114881317553227e-06,5.8377377172291745e-06
abs,1000,0,0,0.8012043833732605,0.7864645719528198
abs,1000,0,50,0.004485066514462233,0.004771645646542311
abs,1000,0,100,0.0024760537780821323,0.0026848288252949715
abs,1000,0,150,0.0013562744716182351,0.0015206955140456557
abs,1000,0,200,0.000810595927760005,0.0009234913741238415
abs,1000,0,250,0.0005477786180563271,0.0006338329985737801
abs,1000,0,300,0.000391229463275522,0.0004576081410050392
abs,1000,0,350,0.00027840136317536235,0.0003318863455206156
abs,1000,0,400,0.00020433819736354053,0.0002467036829330027
abs,1000,0,450,0.00015544654161203653,0.00018867447215598077
abs,1000,0,500,0.00012156869343016297,0.0001479250204283744
abs,1000,0,550,9.641807264415547e-05,0.00011802211520262063
abs,1000,0,600,7.742512389086187e-05,9.557031444273889e-05
abs,1000,0,650,6.311228935373947e-05,7.837459997972474e-05
abs,1000,0,700,5.211226380197331e-05,6.50081638013944e-05
abs,1000,0,750,4.348408037913032e-05,5.4475636716233566e-05
abs,1000,0,800,3.654730971902609e-05,4.594054917106405e-05
abs,1000,0,850,3.091206235694699e-05,3.901761010638438e-05
abs,1000,0,900,2.6347965103923343e-05,3.3359141525579616e-05
abs,1000,0,950,2.2598193027079105e-05,2.872011646104511e-05
abs,1000,0,1000,1.957065614988096e-05,2.4915578251238912e-05
abs,1000,0,1050,1.6638514352962375e-05,2.1684860257664695e-05
abs,1000,0,1100,1.419114414602518e-05,1.8839407857740298e-05
abs,1000,0,1150,1.2184002116555348e-05,1.6483467334182933e-05
abs,1000,0,1200,1.0510257197893225e-05,1.4475872376351617e-05
abs,1000,0,1250,9.123782547248993e-06,1.2772773516189773e-05
abs,1000,0,1300,7.97137454355834e-06,1.131701901613269e-05
abs,1000,0,1350,6.9961315602995455e-06,1.0098500752064865e-05
abs,1000,0,1400,6.161405508464668e-06,9.056348972080741e-06
abs,1000,0,1450,5.446788236440625e-06,8.168135536834598e-06
abs,1000,0,1500,4.830782472708961e-06,7.40996802051086e-06
abs,1000,0,1550,4.29193732998101e-06,6.755351023457479e-06
abs,1000,0,1600,3.820354322670028e-06,6.1949399423610885e-06
abs,1000,0,1650,3.412148771531065e-06,5.706528554583201e-06
abs,1000,0,1700,3.0678504572279053e-06,5.28216196471476e-06
abs,1000,0,1750,2.7650914944388205e-06,4.911436008114833e-06
abs,1000,0,1800,2.504519898138824e-06,4.585956503433408e-06
abs,1000,0,1850,2.2844583327241708e-06,4.309657924750354e-06
abs,1000,0,1900,2.093734792651958e-06,4.067331246915273e-06
abs,1000,0,1950,1.9248443550168304e-06,3.849323093163548e-06
abs,1000,0,2000,1.7759084585122764e-06,3.657428806036478e-06
abs,1000,0,2050,1.6460638789794757e-06,3.485059551167069e-06
abs,1000,0,2100,1.5332979046434048e-06,3.3337009881506674e-06
abs,1000,0,2150,1.4326808468467789e-06,3.1937784115143586e-06
abs,1000,0,2200,1.3406970538198948e-06,3.0591841095883865e-06
abs,1000,0,2250,1.2584973774210084e-06,2.9371969958447153e-06
abs,1000,0,2300,1.18542914151476e-06,2.8299914447416086e-06
abs,1000,0,2350,1.1176821317349095e-06,2.7263658921583556e-06
abs,1000,0,2400,1.0563104524408118e-06,2.6339671421737876e-06
abs,1000,0,2450,1.0001800774261937e-06,2.54183782999462e-06
abs,1000,0,2500,9.468158168601803e-07,2.457627033436438e-06
abs,1000,0,2550,8.973528338174219e-07,2.3757443159411196e-06
abs,1000,0,2600,8.519006655660633e-07,2.3000827695796033e-06
abs,1000,0,2650,8.090129881566099e-07,2.226370497737662e-06
abs,1000,0,2700,7.677580811105145e-07,2.1587375158560462e-06
abs,1000,0,2750,7.288833216989588e-07,2.090322368530906e-06
abs,1000,0,2800,6.928817128937226e-07,2.0314457742642844e-06
abs,1000,0,2850,6.611603566852864e-07,1.9665596937556984e-06
abs,1000,0,2900,6.22853121967637e-07,1.910276751004858e-06
abs,1000,0,2950,5.931304372097657e-07,1.856537778621714e-06
abs,1000,0,3000,5.656806365550437e-07,1.8037927702607703e-06
abs,1000,0,3050,5.387078658714017e-07,1.7550712527736323e-06
abs,1000,0,3100,5.114729333399737e-07,1.7131822005467257e-06
abs,1000,0,3150,4.875154786532221e-07,1.6720955500204582e-06
abs,1000,0,3200,4.7093794819375034e-07,1.6296474996124743e-06
abs,1000,0,3250,4.427901103554177e-07,1.592607077327557e-06
abs,1000,0,3300,4.2220449358865153e-07,1.5511648143728962e-06
abs,1000,0,3350,4.1025205632649886e-07,1.53319285800535e-06
abs,1000,0,3400,3.8177930150595785e-07,1.4796053164900513e-06
abs,1000,0,3450,3.663588756808167e-07,1.4433181831918773e-06
abs,1000,0,3500,3.771314993628039e-07,1.4249305877456209e-06
abs,1000,0,3550,1.0672454209270654e-06,2.2139147404232062e-06
abs,1000,0,3600,4.923661549582903e-07,1.5785160485393135e-06
abs,1000,0,3650,6.016231850480835e-07,1.5603106930939248e-06
abs,1000,0,3700,2.1115326944709523e-06,3.2756397558841854e-06
abs,1000,0,3750,2.807522605507984e-07,1.2568775673571508e-06
abs,1000,0,3800,2.5973533411161043e-05,2.7399673854233697e-05
abs,1000,0,3850,0.00015417880786117166,0.00015248551790136844
abs,1000,0,3900,1.9904598502762383e-06,2.7534142645890824e-06
abs,1000,0,3950,0.00012277279165573418,0.00012416444951668382
abs,1000,0,4000,6.136839147075079e-06,7.3130004238919355e-06
abs,1000,0,4050,6.653711466242385e-07,1.4808650803388446e-06
abs,1000,0,4100,9.863657624009647e-07,2.0069865058758296e-06
abs,1000,0,4150,8.400927526963642e-07,1.6249714462901466e-06
abs,1000,0,4200,2.0982096771149372e-07,1.0729157793321065e-06
abs,1000,0,4250,0.00023602381406817585,0.00023352951393462718
abs,1000,0,4300,1.2633481674129143e-06,2.0026768652314786e-06
abs,1000,0,4350,1.9134492390548985e-07,1.0355536232964369e-06
abs,1000,0,4400,1.7668564566974965e-07,1.0315153531337273e-06
abs,1000,0,4450,0.001626230776309967,0.0016217004740610719
abs,1000,0,4500,1.8708774973674736e-07,1.04891216778924e-06
abs,1000,0,4550,2.213190128941278e-07,1.0857952474907506e-06
abs,1000,0,4600,1.619361285065679e-07,9.895958328343113e-07
abs,1000,0,4650,1.558839386461841e-07,9.795462574402336e-07
abs,1000,0,4700,1.6409403258421662e-07,9.998685754908365e-07
abs,1000,0,4750,2.2514897864311934e-05,2.2688971512252465e-05
abs,1000,0,4800,6.560858309967443e-07,1.3931170315117924e-06
abs,1000,0,4850,1.64640397315452e-07,9.791441470952122e-07
abs,1000,0,4900,1.4989235808116064e-07,9.448756372876232e-07
abs,1000,0,4950,1.4273948067966558e-07,9.318599722973886e-07
abs,1000,0,5000,1.3739256132794253e-07,9.237637073056248e-07
abs,1000,1,0,0.7646024823188782,0.854240894317627
abs,1000,1,50,0.0047565544955432415,0.00424408633261919
abs,1000,1,100,0.00216703861951828,0.002025207970291376
abs,1000,1,150,0.00112086848821491,0.0010823825141415
abs,1000,1,200,0.0006794962682761252,0.0006667430861853063
abs,1000,1,250,0.00047625647857785225,0.00046976847806945443
abs,1000,1,300,0.00035328444209881127,0.0003475036355666816
abs,1000,1,350,0.00026438693748787045,0.00025826701312325895
abs,1000,1,400,0.00019892297859769315,0.0001922270457725972
abs,1000,1,450,0.00015034875832498074,0.00014366711548063904
abs,1000,1,500,0.0001145717324106954,0.00010842739720828831
abs,1000,1,550,8.813873864710331e-05,8.290897676488385e-05
abs,1000,1,600,6.857455446152017e-05,6.441729055950418e-05
abs,1000,1,650,5.42385496373754e-05,5.101701754028909e-05
abs,1000,1,700,4.35014626418706e-05,4.1093924664892256e-05
abs,1000,1,750,3.547601227182895e-05,3.3640484616626054e-05
abs,1000,1,800,2.9162707505747676e-05,2.7838048481498845e-05
abs,1000,1,850,2.4096791094052605e-05,2.322708496649284e-05
abs,1000,1,900,2.004523776122369e-05,1.9516606698744e-05
abs,1000,1,950,1.6875255823833868e-05,1.652807623031549e-05
abs,1000,1,1000,1.4315274711407255e-05,1.4086219380260445e-05
abs,1000,1,1050,1.221390539285494e-05,1.2073647667421028e-05
abs,1000,1,1100,1.0468586879142094e-05,1.0403483429399785e-05
abs,1000,1,1150,9.013609087560326e-06,9.006014806800522e-06
abs,1000,1,1200,7.796967111062258e-06,7.837446901248768e-06
abs,1000,1,1250,6.785855475754943e-06,6.862567261123331e-06
abs,1000,1,1300,5.932379735895665e-06,6.0445117924246006e-06
abs,1000,1,1350,5.212076757743489e-06,5.357877853384707e-06
abs,1000,1,1400,4.593314315570751e-06,4.776239620696288e-06
abs,1000,1,1450,4.061711933900369e-06,4.279840140952729e-06
abs,1000,1,1500,3.6066041957383277e-06,3.855723207379924e-06
abs,1000,1,1550,3.2143113912752597e-06,3.4891929772129515e-06
abs,1000,1,1600,2.8817808015446644e-06,3.1741960810904857e-06
abs,1000,1,1650,2.6025206807389623e-06,2.90790762846882e-06
abs,1000,1,1700,2.357040330025484e-06,2.674736833796487e-06
abs,1000,1,1750,2.1461225969687803e-06,2.4699943423911463e-06
abs,1000,1,1800,1.9659164536278695e-06,2.2901699594513047e-06
abs,1000,1,1850,1.8041332623397466e-06,2.1282974103087327e-06
abs,1000,1,1900,1.6580963801970938e-06,1.983121364901308e-06
abs,1000,1,1950,1.5267285107256612e-06,1.8507397498979117e-06
abs,1000,1,2000,1.4055133306101197e-06,1.729719087961712e-06
abs,1000,1,2050,1.294096136916778e-06,1.6186673974516452e-06
abs,1000,1,2100,1.1941010598093271e-06,1.517642544968112e-06
abs,1000,1,2150,1.1026419315385283e-06,1.425672166988079e-06
abs,1000,1,2200,1.0195501545240404e-06,1.3413498436420923e-06
abs,1000,1,2250,9.47107139381842e-07,1.266148956347024e-06
abs,1000,1,2300,8.822278800835193e-07,1.1964208397330367e-06
abs,1000,1,2350,8.230337584791414e-07,1.1325387276883703e-06
abs,1000,1,2400,7.683925673518388e-07,1.0721439593908144e-06
abs,1000,1,2450,7.172608320615836e-07,1.01630530480179e-06
abs,1000,1,2500,6.694123158013099e-07,9.639844620323856e-07
abs,1000,1,2550,6.248221211535565e-07,9.151609106083924e-07
abs,1000,1,2600,5.832714009557094e-07,8.696409850017517e-07
abs,1000,1,2650,5.449398372547876e-07,8.274013225673116e-07
abs,1000,1,2700,5.09521555613901e-07,7.884653996370616e-07
abs,1000,1,2750,4.783269673680479e-07,7.524392344748776e-07
abs,1000,1,2800,4.50161280696193e-07,7.201895755315491e-07
abs,1000,1,2850,4.2451841864021844e-07,6.900937705722754e-07
abs,1000,1,2900,4.007792995253112e-07,6.620843464588688e-07
abs,1000,1,2950,3.7852927903259115e-07,6.353437242978544e-07
abs,1000,1,3000,3.575680977974116e-07,6.101273584135924e-07
abs,1000,1,3050,3.377342352450796e-07,5.861016916242079e-07
abs,1000,1,3100,3.189647941326257e-07,5.632487614093407e-07
abs,1000,1,3150,3.008744329235924e-07,5.41122915365122e-07
abs,1000,1,3200,2.8371235316626553e-07,5.201968065193796e-07
abs,1000,1,3250,2.6747412107397395e-07,5.006628498449572e-07
abs,1000,1,3300,2.5157027039313107e-07,4.820639105673763e-07
abs,1000,1,3350,2.3647299940421362e-07,4.6427246047642257e-07
abs,1000,1,3400,2.2232647722830734e-07,4.4736000859302294e-07
abs,1000,1,3450,2.0892049690246495e-07,4.3122452098032227e-07
abs,1000,1,3500,1.9626037328634993e-07,4.1586318388908694e-07
abs,1000,1,3550,1.8431028081522527e-07,4.011277781046374e-07
abs,1000,1,3600,1.7297506360591797e-07,3.870995897159446e-07
abs,1000,1,3650,1.6222480780925252e-07,3.7374488215391466e-07
abs,1000,1,3700,1.5273555220574053e-07,3.6174969864077866e-07
abs,1000,1,3750,0.0002531959326006472,0.00026036097551696
abs,1000,1,3800,3.0859268917993177e-06,3.5472783110890305e-06
abs,1000,1,3850,1.558907598564474e-07,3.354589921400475e-07
abs,1000,1,3900,1.3185331226850394e-07,3.209798649095319e-07
abs,1000,1,3950,1.2455899423002847e-07,3.1264511335393763e-07
abs,1000,1,4000,1.8155307088818518e-06,2.1698540422221413e-06
abs,1000,1,4050,9.79643391474383e-06,9.97752522380324e-06
abs,1000,1,4100,1.844115473659258e-07,3.391394045593188e-07
abs,1000,1,4150,1.2094751866698061e-07,2.9932019174339075e-07
abs,1000,1,4200,1.115152628017313e-07,2.878302325370896e-07
abs,1000,1,4250,1.0507567793638373e-07,2.8101985094508564e-07
abs,1000,1,4300,1.0045295084637473e-07,2.7539994107428356e-07
abs,1000,1,4350,9.668689671116226e-08,2.7074190711573465e-07
abs,1000,1,4400,9.326405603360399e-08,2.6630578986441833e-07
abs,1000,1,4450,0.004165120422840118,0.004306731279939413
abs,1000,1,4500,3.929951617465122e-06,4.434912170836469e-06
abs,1000,1,4550,1.155115896267489e-07,2.7170699468115345e-07
abs,1000,1,4600,9.434848635692106e-08,2.6321387736061297e-07
abs,1000,1,4650,8.654824767972968e-08,2.5209652676494443e-07
abs,1000,1,4700,8.169698162419081e-08,2.4662514874762564e-07
abs,1000,1,4750,7.816811375960242e-08,2.421429314836132e-07
abs,1000,1,4800,7.53432232158957e-08,2.384672939115262e-07
abs,1000,1,4850,7.281049363427883e-08,2.3499259782511217e-07
abs,1000,1,4900,0.002215240616351366,0.002282783156260848
abs,1000,1,4950,1.1753027138183825e-05,1.266299750568578e-05
abs,1000,1,5000,8.829832154333417e-08,2.584333174127096e-07
abs,1000,2,0,0.1312912106513977,0.14665356278419495
abs,1000,2,50,0.002526503521949053,0.0025473167188465595
abs,1000,2,100,0.0007662233547307551,0.0007576059433631599
abs,1000,2,150,0.0003029240178875625,0.00033574062399566174
abs,1000,2,200,0.0001777503202902153,0.00021205634402576834
abs,1000,2,250,0.0001149994131992571,0.00014466914581134915
abs,1000,2,300,7.579244993394241e-05,0.00010140242375200614
abs,1000,2,350,5.1070059271296486e-05,7.361142343143001e-05
abs,1000,2,400,3.556654337444343e-05,5.5671425798209384e-05
abs,1000,2,450,2.5683350031613372e-05,4.379238453111611e-05
abs,1000,2,500,1.921031071105972e-05,3.561755147529766e-05
abs,1000,2,550,1.4770635061722714e-05,2.9672368327737786e-05
abs,1000,2,600,1.1657749382720795e-05,2.5242117771995254e-05
abs,1000,2,650,9.38846824283246e-06,2.1852463760296814e-05
abs,1000,2,700,7.672933861613274e-06,1.9154686015099287e-05
abs,1000,2,750,6.358532118611038e-06,1.6984686226351187e-05
abs,1000,2,800,5.3375597417471e-06,1.5212564903777093e-05
abs,1000,2,850,4.523351435636869e-06,1.3727719306189101e-05
abs,1000,2,900,3.893232587870443e-06,1.2530622370832134e-05
abs,1000,2,950,3.3940764296858106e-06,1.1523776265676133e-05
abs,1000,2,1000,2.9996363082318567e-06,1.070103098754771e-05
abs,1000,2,1050,2.689303073566407e-06,1.0015917723649181e-05
abs,1000,2,1100,2.4327912342414493e-06,9.438468623557128e-06
abs,1000,2,1150,2.2248050299822353e-06,8.963225809566211e-06
abs,1000,2,1200,2.0437421426322544e-06,8.53988512972137e-06
abs,1000,2,1250,1.8863493096432649e-06,8.158808668667916e-06
abs,1000,2,1300,1.7446121773900813e-06,7.81170092523098e-06
abs,1000,2,1350,1.1386351616238244e-05,1.8715345504460856e-05
abs,1000,2,1400,2.3830152713344432e-06,8.342112778336741e-06
abs,1000,2,1450,1.4658877489637234e-06,6.854858384031104e-06
abs,1000,2,1500,1.3376234164752532e-06,6.689202109555481e-06
abs,1000,2,1550,1.250519858331245e-06,6.4860100792429876e-06
abs,1000,2,1600,2.6613664886099286e-05,3.4349206543993205e-05
abs,1000,2,1650,1.1641111541393911e-06,6.078295882616658e-06
abs,1000,2,1700,1.206708702738979e-06,5.9074022829008754e-06
abs,1000,2,1750,9.911907454807078e-07,5.759548457717756e-06
abs,1000,2,1800,9.34867955493246e-07,5.646445060847327e-06
abs,1000,2,1850,8.829034072732611e-07,5.531308488571085e-06
abs,1000,2,1900,8.343905051333422e-07,5.42379848411656e-06
abs,1000,2,1950,8.071386332630937e-07,5.286058694764506e-06
abs,1000,2,2000,7.808773807482794e-05,8.81442756508477e-05
abs,1000,2,2050,7.603983931403491e-07,5.0437274694559164e-06
abs,1000,2,2100,6.799968446102866e-07,4.98730059916852e-06
abs,1000,2,2150,6.432163104364008e-07,4.88639534523827e-06
abs,1000,2,2200,6.112709343142342e-07,4.809745860256953e-06
abs,1000,2,2250,5.80499886382313e-07,4.737357812700793e-06
abs,1000,2,2300,5.504709292836196e-07,4.66578876512358e-06
abs,1000,2,2350,5.212928613218537e-07,4.589817763189785e-06
abs,1000,2,2400,0.0002443136472720653,0.0002617983554955572
abs,1000,2,2450,1.9384185634407913e-06,6.440577180910623e-06
abs,1000,2,2500,4.6020110744393605e-07,4.364695541880792e-06
abs,1000,2,2550,4.3066756916232407e-07,4.321283086028416e-06
abs,1000,2,2600,4.091428422725585e-07,4.2701281017798465e-06
abs,1000,2,2650,3.8931895574023656e-07,4.220849405101035e-06
abs,1000,2,2700,3.7015121279182495e-07,4.173169145360589e-06
abs,1000,2,2750,3.5166806355846347e-07,4.127054580749245e-06
abs,1000,2,2800,0.0013730023056268692,0.0014076632214710116
abs,1000,2,2850,3.886097147187684e-06,8.500601325067692e-06
abs,1000,2,2900,3.6305746675679984e-07,3.970376383222174e-06
abs,1000,2,2950,2.971584933675331e-07,3.941204340662807e-06
abs,1000,2,3000,2.822571332217194e-07,3.892596851073904e-06
abs,1000,2,3050,2.6885089710049215e-07,3.8536472857231274e-06
abs,1000,2,3100,2.5612675358388515e-07,3.816751814156305e-06
abs,1000,2,3150,2.4346542204511934e-07,3.77988840227772e-06
abs,1000,2,3200,2.3111167024580936e-07,3.743656861843192e-06
abs,1000,2,3250,9.166814152195002e-07,4.758725935971597e-06
abs,1000,2,3300,2.7388211947254604e-06,5.765920832345728e-06
abs,1000,2,3350,5.945765337855846e-07,3.8393882277887315e-06
abs,1000,2,3400,1.9903647796581936e-07,3.6204758089297684e-06
abs,1000,2,3450,1.859730360820322e-07,3.5632749586511636e-06
abs,1000,2,3500,1.7667780127794686e-07,3.530325784595334e-06
abs,1000,2,3550,1.6804143854187714e-07,3.500414777590777e-06
abs,1000,2,3600,1.5996101865312085e-07,3.472412799965241e-06
abs,1000,2,3650,1.52264192365692e-07,3.4453087209840305e-06
abs,1000,2,3700,4.4304573521003476e-07,3.945342541555874e-06
abs,1000,2,3750,1.1149304555146955e-05,1.3586180102720391e-05
abs,1000,2,3800,1.5417911924942018e-07,3.4293443604838103e-06
abs,1000,2,3850,1.3846714352894196e-07,3.35358322445245e-06
abs,1000,2,3900,1.279200034787209e-07,3.312514309072867e-06
abs,1000,2,3950,1.2048846542711544e-07,3.27766838381649e-06
abs,1000,2,4000,1.1455727388920423e-07,3.251659336456214e-06
abs,1000,2,4050,1.0914866521716249e-07,3.228563400625717e-06
abs,1000,2,4100,1.0407716644067477e-07,3.2067468964669388e-06
abs,1000,2,4150,9.92788571352321e-08,3.186065214322298e-06
abs,1000,2,4200,3.5025650504394434e-06,5.94267248743563e-06
abs,1000,2,4250,3.4502554626669735e-05,4.127898864680901e-05
abs,1000,2,4300,4.968147209183371e-07,3.8696080082445405e-06
abs,1000,2,4350,9.968233882773347e-08,3.147694087601849e-06
abs,1000,2,4400,9.023260361118446e-08,3.101504489677609e-06
abs,1000,2,4450,8.408551366301253e-08,3.0678315852128435e-06
abs,1000,2,4500,7.920687039586483e-08,3.0413182230404345e-06
abs,1000,2,4550,7.513685318372154e-08,3.0198229978850577e-06
abs,1000,2,4600,7.16587038596117e-08,3.002080802616547e-06
abs,1000,2,4650,6.835523436166113e-08,2.9848247322661337e-06
abs,1000,2,4700,6.52997158567814e-08,2.9684099445148604e-06
abs,1000,2,4750,1.5404475561808795e-07,3.172108790749917e-06
abs,1000,2,4800,7.499186267523328e-06,9.657571354182437e-06
abs,1000,2,4850,8.251311101048486e-08,2.972983565996401e-06
abs,1000,2,4900,6.549894493446118e-08,2.946520453406265e-06
abs,1000,2,4950,5.926279911250276e-08,2.902261712733889e-06
abs,1000,2,5000,5.5286736966309036e-08,2.875941163438256e-06
abs,1000,3,0,0.28606268763542175,0.242658331990242
abs,1000,3,50,0.003777021775022149,0.004210974555462599
abs,1000,3,100,0.001214431831613183,0.0015132263069972396
abs,1000,3,150,0.0005598796997219324,0.0007340469164773822
abs,1000,3,200,0.0003085917851421982,0.00042575568659231067
abs,1000,3,250,0.00020542458514682949,0.00029453259776346385
abs,1000,3,300,0.0001487671979703009,0.00022085895761847496
abs,1000,3,350,0.00011150460341013968,0.0001716039696475491
abs,1000,3,400,8.562376751797274e-05,0.00013645550643559545
abs,1000,3,450,6.70456065563485e-05,0.00011067181185353547
abs,1000,3,500,5.361876173992641e-05,9.14482880034484e-05
abs,1000,3,550,4.355907367425971e-05,7.684143929509446e-05
abs,1000,3,600,3.579545591492206e-05,6.547333032358438e-05
abs,1000,3,650,2.9613011065521277e-05,5.642822361551225e-05
abs,1000,3,700,2.4609960746602155e-05,4.896883910987526e-05
abs,1000,3,750,2.049773138423916e-05,4.272724618203938e-05
abs,1000,3,800,1.713505480438471e-05,3.7501227780012414e-05
abs,1000,3,850,1.4352867765410338e-05,3.308321174699813e-05
abs,1000,3,900,1.2061416782671586e-05,2.934720214398112e-05
abs,1000,3,950,1.0166057109017856e-05,2.616077836137265e-05
abs,1000,3,1000,8.600522050983272e-06,2.348584712308366e-05
abs,1000,3,1050,7.290459961950546e-06,2.1168892999412492e-05
abs,1000,3,1100,6.204144483490381e-06,1.9196699213352986e-05
abs,1000,3,1150,5.282706752041122e-06,1.750541923684068e-05
abs,1000,3,1200,4.5002298065810464e-06,1.6042009519878775e-05
abs,1000,3,1250,3.83833594241878e-06,1.4775770068808924e-05
abs,1000,3,1300,3.2871034818526823e-06,1.3706893696507905e-05
abs,1000,3,1350,2.8225570076756412e-06,1.2788126696250401e-05
abs,1000,3,1400,2.4335524813068332e-06,1.1984931006736588e-05
abs,1000,3,1450,2.1057940102764405e-06,1.1298426215944346e-05
abs,1000,3,1500,1.8309158349438803e-06,1.070509370038053e-05
abs,1000,3,1550,1.6013270851544803e-06,1.018202328850748e-05
abs,1000,3,1600,1.4079840866543236e-06,9.718906767375302e-06
abs,1000,3,1650,1.246381316377665e-06,9.31090926314937e-06
abs,1000,3,1700,1.1059828466386534e-06,8.951704330684152e-06
abs,1000,3,1750,9.84640223578026e-07,8.625323062005918e-06
abs,1000,3,1800,8.80611594311631e-07,8.331147910212167e-06
abs,1000,3,1850,7.911331749710371e-07,8.06436946731992e-06
abs,1000,3,1900,7.168601996454527e-07,7.819297024980187e-06
abs,1000,3,1950,6.520100441775867e-07,7.585858384118183e-06
abs,1000,3,2000,5.950719810243754e-07,7.3678170338098425e-06
abs,1000,3,2050,5.444114208330575e-07,7.163929694797844e-06
abs,1000,3,2100,4.995177391720063e-07,6.974923962843604e-06
abs,1000,3,2150,4.6041122914175503e-07,6.800312803534325e-06
abs,1000,3,2200,4.25326788899838e-07,6.637044407398207e-06
abs,1000,3,2250,3.939003363484517e-07,6.484719506261172e-06
abs,1000,3,2300,3.659141611933592e-07,6.344753728626529e-06
abs,1000,3,2350,3.409812450172467e-07,6.21542449152912e-06
abs,1000,3,2400,3.182272507729067e-07,6.093055162637029e-06
abs,1000,3,2450,2.9722500016760023e-07,5.97783309785882e-06
abs,1000,3,2500,2.784074979444995e-07,5.871114353794837e-06
abs,1000,3,2550,2.6614893045007193e-07,5.740271262766328e-06
abs,1000,3,2600,6.741005927324295e-05,6.7320725065656e-05
abs,1000,3,2650,1.1561626251932466e-06,7.250959697557846e-06
abs,1000,3,2700,2.385256152592774e-07,5.760375188401667e-06
abs,1000,3,2750,2.2221691153845313e-07,5.64804213354364e-06
abs,1000,3,2800,2.1166881936096615e-07,5.581348432315281e-06
abs,1000,3,2850,2.017597751091671e-07,5.513487849384546e-06
abs,1000,3,2900,1.9240432891365344e-07,5.447972853289684e-06
abs,1000,3,2950,0.001048776670359075,0.001048374455422163
abs,1000,3,3000,8.409323299929383e-07,6.75206865707878e-06
abs,1000,3,3050,3.432469384279102e-07,5.862619673280278e-06
abs,1000,3,3100,1.7473477953444672e-07,5.3700487114838324e-06
abs,1000,3,3150,1.6558911397623888e-07,5.309543666953687e-06
abs,1000,3,3200,1.583554478656879e-07,5.259350928099593e-06
abs,1000,3,3250,1.5202486736143328e-07,5.213976237428142e-06
abs,1000,3,3300,1.4620168542478496e-07,5.169393261894584e-06
abs,1000,3,3350,1.4063634523608926e-07,5.1241781875432935e-06
abs,1000,3,3400,0.0002766020188573748,0.00026688154321163893
abs,1000,3,3450,1.0417325029266067e-05,1.3723703887080774e-05
abs,1000,3,3500,2.973596906485909e-07,5.138266260473756e-06
abs,1000,3,3550,1.325206397950751e-07,5.069722192274639e-06
abs,1000,3,3600,1.2472497701310203e-07,5.004360446037026e-06
abs,1000,3,3650,1.1907232533303613e-07,4.963788342138287e-06
abs,1000,3,3700,1.1442856617804864e-07,4.931882358505391e-06
abs,1000,3,3750,1.1021758439255791e-07,4.898341103398707e-06
abs,1000,3,3800,1.5136728848119674e-07,5.021401193516795e-06
abs,1000,3,3850,0.00011963518772972748,0.0001165070862043649
abs,1000,3,3900,5.986396445223363e-07,5.126585620018886e-06
abs,1000,3,3950,1.0937608152516987e-07,4.913353677693522e-06
abs,1000,3,4000,1.0132760053238599e-07,4.813923624169547e-06
abs,1000,3,4050,9.595514427473972e-08,4.7667072067270055e-06
abs,1000,3,4100,9.186042149167406e-08,4.734920366900042e-06
abs,1000,3,4150,8.84782522803107e-08,4.7102043936320115e-06
abs,1000,3,4200,8.540346385643716e-08,4.684541636379436e-06
abs,1000,3,4250,1.4254599591367878e-05,1.68481856235303e-05
abs,1000,3,4300,1.6935259736783337e-06,5.7969755289377645e-06
abs,1000,3,4350,1.1934763222143374e-07,4.8778151722217444e-06
abs,1000,3,4400,8.559575803701591e-08,4.682770395447733e-06
abs,1000,3,4450,8.023965847314685e-08,4.616959358827444e-06
abs,1000,3,4500,7.618258734964911e-08,4.5772717385261785e-06
abs,1000,3,4550,7.30936662307613e-08,4.552436166704865e-06
abs,1000,3,4600,7.046227068485678e-08,4.531394097284647e-06
abs,1000,3,4650,4.225586599204689e-05,4.926991823595017e-05
abs,1000,3,4700,1.2114745914004743e-05,1.4793811715207994e-05
abs,1000,3,4750,1.193152456835378e-07,4.604133209795691e-06
abs,1000,3,4800,7.467643570180371e-08,4.553989583655493e-06
abs,1000,3,4850,6.808923558310198e-08,4.497328973229742e-06
abs,1000,3,4900,6.394661511421873e-08,4.447020728548523e-06
abs,1000,3,4950,6.078283121269124e-08,4.412991529534338e-06
abs,1000,3,5000,5.841954830998475e-08,4.392818482301664e-06
abs,1000,4,0,0.4479464888572693,0.37676742672920227
abs,1000,4,50,0.0029894481413066387,0.00335625559091568
abs,1000,4,100,0.001287102117203176,0.0017048418521881104
abs,1000,4,150,0.0006675556069239974,0.000966269988566637
abs,1000,4,200,0.000397185591282323,0.0006082160980440676
abs,1000,4,250,0.0002760082425083965,0.00042839988600462675
abs,1000,4,300,0.00020642831805162132,0.0003219667705707252
abs,1000,4,350,0.0001584214624017477,0.0002505479787942022
abs,1000,4,400,0.0001232032518601045,0.00019931120914407074
abs,1000,4,450,9.673555177869275e-05,0.00016150472220033407
abs,1000,4,500,7.648920291103423e-05,0.0001331053499598056
abs,1000,4,550,6.121055776020512e-05,0.00011186193296452984
abs,1000,4,600,4.945587716065347e-05,9.571999544277787e-05
abs,1000,4,650,4.048035407322459e-05,8.340837666764855e-05
abs,1000,4,700,3.3558000723132864e-05,7.398070738418028e-05
abs,1000,4,750,2.810367732308805e-05,6.65922780171968e-05
abs,1000,4,800,2.3799144400982186e-05,6.0763217334169894e-05
abs,1000,4,850,2.0350649720057845e-05,5.602770033874549e-05
abs,1000,4,900,1.756795791152399e-05,5.212947144173086e-05
abs,1000,4,950,1.5294717741198838e-05,4.8837315262062475e-05
abs,1000,4,1000,1.3414125533017796e-05,4.60140872746706e-05
abs,1000,4,1050,1.1873528819705825e-05,4.35677902714815e-05
abs,1000,4,1100,1.0566200216999277e-05,4.1369523387402296e-05
abs,1000,4,1150,9.441544534638524e-06,3.9391161408275366e-05
abs,1000,4,1200,8.47188312036451e-06,3.755167927010916e-05
abs,1000,4,1250,7.63995194574818e-06,3.585323065635748e-05
abs,1000,4,1300,6.9104257818253245e-06,3.426563125685789e-05
abs,1000,4,1350,6.261012458708137e-06,3.2775747968116775e-05
abs,1000,4,1400,5.6932817642518785e-06,3.152377757942304e-05
abs,1000,4,1450,5.194705408939626e-06,3.031523374374956e-05
abs,1000,4,1500,4.748669198306743e-06,2.9157561584725045e-05
abs,1000,4,1550,4.34817638961249e-06,2.8047996238456108e-05
abs,1000,4,1600,3.983577244071057e-06,2.6988089302903973e-05
abs,1000,4,1650,3.647215635282919e-06,2.5982424631365575e-05
abs,1000,4,1700,3.339022441650741e-06,2.5028033633134328e-05
abs,1000,4,1750,3.058208676520735e-06,2.410505840089172e-05
abs,1000,4,1800,2.8055021630279953e-06,2.32424554269528e-05
abs,1000,4,1850,2.5740025648701703e-06,2.2432901459978893e-05
abs,1000,4,1900,2.363713292652392e-06,2.1661617211066186e-05
abs,1000,4,1950,2.1697444481105777e-06,2.093506554956548e-05
abs,1000,4,2000,1.991752014873782e-06,2.0249908629921265e-05
abs,1000,4,2050,1.828731910791248e-06,1.9606404748628847e-05
abs,1000,4,2100,1.6822732504806481e-06,1.8993523553945124e-05
abs,1000,4,2150,1.5494447325181682e-06,1.8433713194099255e-05
abs,1000,4,2200,1.4308457139122766e-06,1.7923373889061622e-05
abs,1000,4,2250,1.3214070122558041e-06,1.7434196706744842e-05
abs,1000,4,2300,1.2200928267702693e-06,1.6968273484962992e-05
abs,1000,4,2350,1.1275852784820017e-06,1.6518275515409186e-05
abs,1000,4,2400,1.0434384876134573e-06,1.6089388736872934e-05
abs,1000,4,2450,9.668191296441364e-07,1.5685169273638166e-05
abs,1000,4,2500,8.962559832070838e-07,1.5304842236218974e-05
abs,1000,4,2550,8.315201966979657e-07,1.4950911463529337e-05
abs,1000,4,2600,7.725592467977549e-07,1.4625971743953414e-05
abs,1000,4,2650,7.189751158875879e-07,1.432448516425211e-05
abs,1000,4,2700,6.696901095892827e-07,1.4033235856913961e-05
abs,1000,4,2750,6.249091484278324e-07,1.374941348331049e-05
abs,1000,4,2800,5.844173074365244e-07,1.3480363122653216e-05
abs,1000,4,2850,5.47628019376134e-07,1.3217639207141474e-05
abs,1000,4,2900,5.142823624737503e-07,1.29699292301666e-05
abs,1000,4,2950,4.83926669403445e-07,1.2741480531985871e-05
abs,1000,4,3000,4.559659316782927e-07,1.2517906725406647e-05
abs,1000,4,3050,4.303061018617882e-07,1.229944155056728e-05
abs,1000,4,3100,4.067020711318037e-07,1.2090949894627556e-05
abs,1000,4,3150,3.8538155422429554e-07,1.1890902896993794e-05
abs,1000,4,3200,5.0490016292314976e-05,6.673180178040639e-05
abs,1000,4,3250,4.018556012397312e-07,1.1783719855884556e-05
abs,1000,4,3300,3.6460653518588515e-07,1.161053660325706e-05
abs,1000,4,3350,3.3847695135591493e-07,1.1431503480707761e-05
abs,1000,4,3400,3.2162995466933353e-07,1.1272893061686773e-05
abs,1000,4,3450,3.081423187722976e-07,1.1146928954985924e-05
abs,1000,4,3500,2.965005876376381e-07,1.1035096576961223e-05
abs,1000,4,3550,3.193667907908093e-07,1.1131467545055784e-05
abs,1000,4,3600,1.5213588994811289e-05,2.8985017706872895e-05
abs,1000,4,3650,1.0225390951745794e-06,1.2412702744768467e-05
abs,1000,4,3700,2.9928898470643617e-07,1.0745617146312725e-05
abs,1000,4,3750,2.7744198405343923e-07,1.0697211109800264e-05
abs,1000,4,3800,2.641910441525397e-07,1.058714678947581e-05
abs,1000,4,3850,2.545941981679789e-07,1.0476134775672108e-05
abs,1000,4,3900,2.4701046186237363e-07,1.0383497283328325e-05
abs,1000,4,3950,2.404914027920313e-07,1.0302424016117584e-05
abs,1000,4,4000,2.3460442832856643e-07,1.022568358166609e-05
abs,1000,4,4050,2.2910623442840006e-07,1.0153263247048017e-05
abs,1000,4,4100,0.0011604705359786749,0.0011453906772658229
abs,1000,4,4150,5.428560598375043e-06,1.2999834325455595e-05
abs,1000,4,4200,2.803062670864165e-07,9.949460036295932e-06
abs,1000,4,4250,2.2985679493103817e-07,1.0017977729148697e-05
abs,1000,4,4300,2.209604161862444e-07,9.928316103469115e-06
abs,1000,4,4350,2.1451845100273204e-07,9.839553968049586e-06
abs,1000,4,4400,2.0979993564651522e-07,9.75627699517645e-06
abs,1000,4,4450,2.0599114236574678e-07,9.685485565569252e-06
abs,1000,4,4500,2.0246861254236137e-07,9.621307981433347e-06
abs,1000,4,4550,2.3211691768665332e-06,1.0308448509022128e-05
abs,1000,4,4600,2.9888156859669834e-05,4.26916558353696e-05
abs,1000,4,4650,5.295810865391104e-07,1.0389730050519574e-05
abs,1000,4,4700,2.089849431285984e-07,9.495161975792143e-06
abs,1000,4,4750,1.9968605613485124e-07,9.473978025198448e-06
abs,1000,4,4800,1.9414866869738034e-07,9.411976861883886e-06
abs,1000,4,4850,1.902628525840555e-07,9.34221225179499e-06
abs,1000,4,4900,1.8713856775320892e-07,9.279635378334206e-06
abs,1000,4,4950,1.8456236716701824e-07,9.223387678503059e-06
abs,1000,4,5000,1.8214966246432596e-07,9.175909326586407e-06
